ISO-10303-21;
HEADER;
FILE_DESCRIPTION(('KiCad electronic assembly'),'2;1');
FILE_NAME('Power_Board.step','2026-01-13T16:49:46',('Pcbnew'),('Kicad'),
  'Open CASCADE STEP processor 7.8','KiCad to STEP converter','Unknown'
  );
FILE_SCHEMA(('AUTOMOTIVE_DESIGN { 1 0 10303 214 1 1 1 1 }'));
ENDSEC;
DATA;
#1 = APPLICATION_PROTOCOL_DEFINITION('international standard',
  'automotive_design',2000,#2);
#2 = APPLICATION_CONTEXT(
  'core data for automotive mechanical design processes');
#3 = SHAPE_DEFINITION_REPRESENTATION(#4,#10);
#4 = PRODUCT_DEFINITION_SHAPE('','',#5);
#5 = PRODUCT_DEFINITION('design','',#6,#9);
#6 = PRODUCT_DEFINITION_FORMATION('','',#7);
#7 = PRODUCT('Power_Board 1','Power_Board 1','',(#8));
#8 = PRODUCT_CONTEXT('',#2,'mechanical');
#9 = PRODUCT_DEFINITION_CONTEXT('part definition',#2,'design');
#10 = SHAPE_REPRESENTATION('',(#11,#15,#19,#23,#27,#31,#35,#39,#43,#47,
    #51,#55,#59,#63,#67,#71,#75,#79),#83);
#11 = AXIS2_PLACEMENT_3D('',#12,#13,#14);
#12 = CARTESIAN_POINT('',(0.,0.,0.));
#13 = DIRECTION('',(0.,0.,1.));
#14 = DIRECTION('',(1.,0.,-0.));
#15 = AXIS2_PLACEMENT_3D('',#16,#17,#18);
#16 = CARTESIAN_POINT('',(74.168,-73.927,1.595));
#17 = DIRECTION('',(-0.,0.,1.));
#18 = DIRECTION('',(1.110223024625E-16,-1.,0.));
#19 = AXIS2_PLACEMENT_3D('',#20,#21,#22);
#20 = CARTESIAN_POINT('',(71.3485,-67.056,1.595));
#21 = DIRECTION('',(0.,0.,1.));
#22 = DIRECTION('',(1.,0.,0.));
#23 = AXIS2_PLACEMENT_3D('',#24,#25,#26);
#24 = CARTESIAN_POINT('',(61.468,-68.847,1.595));
#25 = DIRECTION('',(-0.,0.,1.));
#26 = DIRECTION('',(1.110223024625E-16,-1.,0.));
#27 = AXIS2_PLACEMENT_3D('',#28,#29,#30);
#28 = CARTESIAN_POINT('',(67.805,-67.056,1.595));
#29 = DIRECTION('',(0.,0.,1.));
#30 = DIRECTION('',(1.,0.,0.));
#31 = AXIS2_PLACEMENT_3D('',#32,#33,#34);
#32 = CARTESIAN_POINT('',(76.708,-73.977,1.595));
#33 = DIRECTION('',(-0.,0.,1.));
#34 = DIRECTION('',(1.110223024625E-16,-1.,0.));
#35 = AXIS2_PLACEMENT_3D('',#36,#37,#38);
#36 = CARTESIAN_POINT('',(78.994,-69.532,1.595));
#37 = DIRECTION('',(-0.,0.,1.));
#38 = DIRECTION('',(1.110223024625E-16,-1.,0.));
#39 = AXIS2_PLACEMENT_3D('',#40,#41,#42);
#40 = CARTESIAN_POINT('',(74.676,-67.818,1.595));
#41 = DIRECTION('',(-0.,0.,1.));
#42 = DIRECTION('',(1.110223024625E-16,-1.,0.));
#43 = AXIS2_PLACEMENT_3D('',#44,#45,#46);
#44 = CARTESIAN_POINT('',(75.692,-76.975,1.595));
#45 = DIRECTION('',(-0.,0.,1.));
#46 = DIRECTION('',(1.110223024625E-16,-1.,0.));
#47 = AXIS2_PLACEMENT_3D('',#48,#49,#50);
#48 = CARTESIAN_POINT('',(67.831,-73.152,1.595));
#49 = DIRECTION('',(0.,0.,1.));
#50 = DIRECTION('',(1.,0.,0.));
#51 = AXIS2_PLACEMENT_3D('',#52,#53,#54);
#52 = CARTESIAN_POINT('',(76.962,-67.818,1.595));
#53 = DIRECTION('',(-0.,0.,1.));
#54 = DIRECTION('',(1.110223024625E-16,-1.,0.));
#55 = AXIS2_PLACEMENT_3D('',#56,#57,#58);
#56 = CARTESIAN_POINT('',(75.946,-70.879,1.595));
#57 = DIRECTION('',(-0.,0.,1.));
#58 = DIRECTION('',(1.110223024625E-16,-1.,0.));
#59 = AXIS2_PLACEMENT_3D('',#60,#61,#62);
#60 = CARTESIAN_POINT('',(78.486,-75.692,1.595));
#61 = DIRECTION('',(-0.,0.,1.));
#62 = DIRECTION('',(1.110223024625E-16,-1.,0.));
#63 = AXIS2_PLACEMENT_3D('',#64,#65,#66);
#64 = CARTESIAN_POINT('',(52.5,-68.,1.595));
#65 = DIRECTION('',(-0.,0.,1.));
#66 = DIRECTION('',(1.110223024625E-16,-1.,0.));
#67 = AXIS2_PLACEMENT_3D('',#68,#69,#70);
#68 = CARTESIAN_POINT('',(71.374,-73.152,1.595));
#69 = DIRECTION('',(0.,0.,1.));
#70 = DIRECTION('',(1.,0.,0.));
#71 = AXIS2_PLACEMENT_3D('',#72,#73,#74);
#72 = CARTESIAN_POINT('',(59.366,-68.86,1.595));
#73 = DIRECTION('',(-0.,0.,1.));
#74 = DIRECTION('',(1.110223024625E-16,-1.,0.));
#75 = AXIS2_PLACEMENT_3D('',#76,#77,#78);
#76 = CARTESIAN_POINT('',(82.804,-74.676,-8.5E-02));
#77 = DIRECTION('',(0.,-1.224646799147E-16,-1.));
#78 = DIRECTION('',(1.,0.,0.));
#79 = AXIS2_PLACEMENT_3D('',#80,#81,#82);
#80 = CARTESIAN_POINT('',(0.,0.,0.));
#81 = DIRECTION('',(0.,0.,1.));
#82 = DIRECTION('',(1.,0.,-0.));
#83 = ( GEOMETRIC_REPRESENTATION_CONTEXT(3) 
GLOBAL_UNCERTAINTY_ASSIGNED_CONTEXT((#87)) GLOBAL_UNIT_ASSIGNED_CONTEXT(
(#84,#85,#86)) REPRESENTATION_CONTEXT('Context #1',
  '3D Context with UNIT and UNCERTAINTY') );
#84 = ( LENGTH_UNIT() NAMED_UNIT(*) SI_UNIT(.MILLI.,.METRE.) );
#85 = ( NAMED_UNIT(*) PLANE_ANGLE_UNIT() SI_UNIT($,.RADIAN.) );
#86 = ( NAMED_UNIT(*) SI_UNIT($,.STERADIAN.) SOLID_ANGLE_UNIT() );
#87 = UNCERTAINTY_MEASURE_WITH_UNIT(LENGTH_MEASURE(1.E-07),#84,
  'distance_accuracy_value','confusion accuracy');
#88 = PRODUCT_RELATED_PRODUCT_CATEGORY('part',$,(#7));
#89 = SHAPE_DEFINITION_REPRESENTATION(#90,#96);
#90 = PRODUCT_DEFINITION_SHAPE('','',#91);
#91 = PRODUCT_DEFINITION('design','',#92,#95);
#92 = PRODUCT_DEFINITION_FORMATION('','',#93);
#93 = PRODUCT('C_0603_1608Metric','C_0603_1608Metric','',(#94));
#94 = PRODUCT_CONTEXT('',#2,'mechanical');
#95 = PRODUCT_DEFINITION_CONTEXT('part definition',#2,'design');
#96 = ADVANCED_BREP_SHAPE_REPRESENTATION('',(#11,#97),#951);
#97 = MANIFOLD_SOLID_BREP('',#98);
#98 = CLOSED_SHELL('',(#99,#175,#206,#231,#256,#280,#304,#329,#354,#371,
    #457,#489,#513,#538,#562,#587,#611,#636,#653,#739,#770,#795,#820,
    #844,#868,#893,#918,#935));
#99 = ADVANCED_FACE('',(#100),#170,.F.);
#100 = FACE_BOUND('',#101,.F.);
#101 = EDGE_LOOP('',(#102,#112,#121,#129,#138,#146,#155,#163));
#102 = ORIENTED_EDGE('',*,*,#103,.F.);
#103 = EDGE_CURVE('',#104,#106,#108,.T.);
#104 = VERTEX_POINT('',#105);
#105 = CARTESIAN_POINT('',(-0.8,-0.4,3.E-02));
#106 = VERTEX_POINT('',#107);
#107 = CARTESIAN_POINT('',(-0.8,-0.4,0.77));
#108 = LINE('',#109,#110);
#109 = CARTESIAN_POINT('',(-0.8,-0.4,0.));
#110 = VECTOR('',#111,1.);
#111 = DIRECTION('',(0.,0.,1.));
#112 = ORIENTED_EDGE('',*,*,#113,.T.);
#113 = EDGE_CURVE('',#104,#114,#116,.T.);
#114 = VERTEX_POINT('',#115);
#115 = CARTESIAN_POINT('',(-0.8,-0.37,0.));
#116 = CIRCLE('',#117,3.E-02);
#117 = AXIS2_PLACEMENT_3D('',#118,#119,#120);
#118 = CARTESIAN_POINT('',(-0.8,-0.37,3.E-02));
#119 = DIRECTION('',(1.,0.,-0.));
#120 = DIRECTION('',(0.,0.,1.));
#121 = ORIENTED_EDGE('',*,*,#122,.T.);
#122 = EDGE_CURVE('',#114,#123,#125,.T.);
#123 = VERTEX_POINT('',#124);
#124 = CARTESIAN_POINT('',(-0.8,0.37,0.));
#125 = LINE('',#126,#127);
#126 = CARTESIAN_POINT('',(-0.8,-0.4,0.));
#127 = VECTOR('',#128,1.);
#128 = DIRECTION('',(0.,1.,0.));
#129 = ORIENTED_EDGE('',*,*,#130,.F.);
#130 = EDGE_CURVE('',#131,#123,#133,.T.);
#131 = VERTEX_POINT('',#132);
#132 = CARTESIAN_POINT('',(-0.8,0.4,3.E-02));
#133 = CIRCLE('',#134,3.E-02);
#134 = AXIS2_PLACEMENT_3D('',#135,#136,#137);
#135 = CARTESIAN_POINT('',(-0.8,0.37,3.E-02));
#136 = DIRECTION('',(-1.,0.,0.));
#137 = DIRECTION('',(0.,0.,1.));
#138 = ORIENTED_EDGE('',*,*,#139,.T.);
#139 = EDGE_CURVE('',#131,#140,#142,.T.);
#140 = VERTEX_POINT('',#141);
#141 = CARTESIAN_POINT('',(-0.8,0.4,0.77));
#142 = LINE('',#143,#144);
#143 = CARTESIAN_POINT('',(-0.8,0.4,0.));
#144 = VECTOR('',#145,1.);
#145 = DIRECTION('',(0.,0.,1.));
#146 = ORIENTED_EDGE('',*,*,#147,.T.);
#147 = EDGE_CURVE('',#140,#148,#150,.T.);
#148 = VERTEX_POINT('',#149);
#149 = CARTESIAN_POINT('',(-0.8,0.37,0.8));
#150 = CIRCLE('',#151,3.E-02);
#151 = AXIS2_PLACEMENT_3D('',#152,#153,#154);
#152 = CARTESIAN_POINT('',(-0.8,0.37,0.77));
#153 = DIRECTION('',(1.,0.,-0.));
#154 = DIRECTION('',(0.,0.,1.));
#155 = ORIENTED_EDGE('',*,*,#156,.F.);
#156 = EDGE_CURVE('',#157,#148,#159,.T.);
#157 = VERTEX_POINT('',#158);
#158 = CARTESIAN_POINT('',(-0.8,-0.37,0.8));
#159 = LINE('',#160,#161);
#160 = CARTESIAN_POINT('',(-0.8,-0.4,0.8));
#161 = VECTOR('',#162,1.);
#162 = DIRECTION('',(0.,1.,0.));
#163 = ORIENTED_EDGE('',*,*,#164,.F.);
#164 = EDGE_CURVE('',#106,#157,#165,.T.);
#165 = CIRCLE('',#166,3.E-02);
#166 = AXIS2_PLACEMENT_3D('',#167,#168,#169);
#167 = CARTESIAN_POINT('',(-0.8,-0.37,0.77));
#168 = DIRECTION('',(-1.,0.,0.));
#169 = DIRECTION('',(0.,0.,1.));
#170 = PLANE('',#171);
#171 = AXIS2_PLACEMENT_3D('',#172,#173,#174);
#172 = CARTESIAN_POINT('',(-0.8,-0.4,0.));
#173 = DIRECTION('',(1.,0.,0.));
#174 = DIRECTION('',(0.,0.,1.));
#175 = ADVANCED_FACE('',(#176),#201,.F.);
#176 = FACE_BOUND('',#177,.F.);
#177 = EDGE_LOOP('',(#178,#188,#194,#195));
#178 = ORIENTED_EDGE('',*,*,#179,.F.);
#179 = EDGE_CURVE('',#180,#182,#184,.T.);
#180 = VERTEX_POINT('',#181);
#181 = CARTESIAN_POINT('',(-0.5,-0.4,3.E-02));
#182 = VERTEX_POINT('',#183);
#183 = CARTESIAN_POINT('',(-0.5,-0.4,0.77));
#184 = LINE('',#185,#186);
#185 = CARTESIAN_POINT('',(-0.5,-0.4,0.));
#186 = VECTOR('',#187,1.);
#187 = DIRECTION('',(0.,0.,1.));
#188 = ORIENTED_EDGE('',*,*,#189,.F.);
#189 = EDGE_CURVE('',#104,#180,#190,.T.);
#190 = LINE('',#191,#192);
#191 = CARTESIAN_POINT('',(-0.8,-0.4,3.E-02));
#192 = VECTOR('',#193,1.);
#193 = DIRECTION('',(1.,0.,0.));
#194 = ORIENTED_EDGE('',*,*,#103,.T.);
#195 = ORIENTED_EDGE('',*,*,#196,.T.);
#196 = EDGE_CURVE('',#106,#182,#197,.T.);
#197 = LINE('',#198,#199);
#198 = CARTESIAN_POINT('',(-0.8,-0.4,0.77));
#199 = VECTOR('',#200,1.);
#200 = DIRECTION('',(1.,0.,0.));
#201 = PLANE('',#202);
#202 = AXIS2_PLACEMENT_3D('',#203,#204,#205);
#203 = CARTESIAN_POINT('',(-0.8,-0.4,0.));
#204 = DIRECTION('',(0.,1.,0.));
#205 = DIRECTION('',(0.,-0.,1.));
#206 = ADVANCED_FACE('',(#207),#226,.T.);
#207 = FACE_BOUND('',#208,.T.);
#208 = EDGE_LOOP('',(#209,#210,#218,#225));
#209 = ORIENTED_EDGE('',*,*,#113,.T.);
#210 = ORIENTED_EDGE('',*,*,#211,.T.);
#211 = EDGE_CURVE('',#114,#212,#214,.T.);
#212 = VERTEX_POINT('',#213);
#213 = CARTESIAN_POINT('',(-0.5,-0.37,0.));
#214 = LINE('',#215,#216);
#215 = CARTESIAN_POINT('',(-0.8,-0.37,0.));
#216 = VECTOR('',#217,1.);
#217 = DIRECTION('',(1.,0.,0.));
#218 = ORIENTED_EDGE('',*,*,#219,.F.);
#219 = EDGE_CURVE('',#180,#212,#220,.T.);
#220 = CIRCLE('',#221,3.E-02);
#221 = AXIS2_PLACEMENT_3D('',#222,#223,#224);
#222 = CARTESIAN_POINT('',(-0.5,-0.37,3.E-02));
#223 = DIRECTION('',(1.,0.,-0.));
#224 = DIRECTION('',(0.,0.,1.));
#225 = ORIENTED_EDGE('',*,*,#189,.F.);
#226 = CYLINDRICAL_SURFACE('',#227,3.E-02);
#227 = AXIS2_PLACEMENT_3D('',#228,#229,#230);
#228 = CARTESIAN_POINT('',(-0.8,-0.37,3.E-02));
#229 = DIRECTION('',(1.,0.,0.));
#230 = DIRECTION('',(0.,-1.,0.));
#231 = ADVANCED_FACE('',(#232),#251,.T.);
#232 = FACE_BOUND('',#233,.T.);
#233 = EDGE_LOOP('',(#234,#235,#244,#250));
#234 = ORIENTED_EDGE('',*,*,#196,.T.);
#235 = ORIENTED_EDGE('',*,*,#236,.T.);
#236 = EDGE_CURVE('',#182,#237,#239,.T.);
#237 = VERTEX_POINT('',#238);
#238 = CARTESIAN_POINT('',(-0.5,-0.37,0.8));
#239 = CIRCLE('',#240,3.E-02);
#240 = AXIS2_PLACEMENT_3D('',#241,#242,#243);
#241 = CARTESIAN_POINT('',(-0.5,-0.37,0.77));
#242 = DIRECTION('',(-1.,0.,0.));
#243 = DIRECTION('',(0.,0.,1.));
#244 = ORIENTED_EDGE('',*,*,#245,.F.);
#245 = EDGE_CURVE('',#157,#237,#246,.T.);
#246 = LINE('',#247,#248);
#247 = CARTESIAN_POINT('',(-0.8,-0.37,0.8));
#248 = VECTOR('',#249,1.);
#249 = DIRECTION('',(1.,0.,0.));
#250 = ORIENTED_EDGE('',*,*,#164,.F.);
#251 = CYLINDRICAL_SURFACE('',#252,3.E-02);
#252 = AXIS2_PLACEMENT_3D('',#253,#254,#255);
#253 = CARTESIAN_POINT('',(-0.8,-0.37,0.77));
#254 = DIRECTION('',(1.,0.,0.));
#255 = DIRECTION('',(0.,-1.,0.));
#256 = ADVANCED_FACE('',(#257),#275,.F.);
#257 = FACE_BOUND('',#258,.F.);
#258 = EDGE_LOOP('',(#259,#260,#261,#269));
#259 = ORIENTED_EDGE('',*,*,#122,.F.);
#260 = ORIENTED_EDGE('',*,*,#211,.T.);
#261 = ORIENTED_EDGE('',*,*,#262,.T.);
#262 = EDGE_CURVE('',#212,#263,#265,.T.);
#263 = VERTEX_POINT('',#264);
#264 = CARTESIAN_POINT('',(-0.5,0.37,0.));
#265 = LINE('',#266,#267);
#266 = CARTESIAN_POINT('',(-0.5,-0.4,0.));
#267 = VECTOR('',#268,1.);
#268 = DIRECTION('',(0.,1.,0.));
#269 = ORIENTED_EDGE('',*,*,#270,.F.);
#270 = EDGE_CURVE('',#123,#263,#271,.T.);
#271 = LINE('',#272,#273);
#272 = CARTESIAN_POINT('',(-0.8,0.37,0.));
#273 = VECTOR('',#274,1.);
#274 = DIRECTION('',(1.,0.,0.));
#275 = PLANE('',#276);
#276 = AXIS2_PLACEMENT_3D('',#277,#278,#279);
#277 = CARTESIAN_POINT('',(-0.8,-0.4,0.));
#278 = DIRECTION('',(0.,0.,1.));
#279 = DIRECTION('',(1.,0.,-0.));
#280 = ADVANCED_FACE('',(#281),#299,.T.);
#281 = FACE_BOUND('',#282,.T.);
#282 = EDGE_LOOP('',(#283,#284,#285,#293));
#283 = ORIENTED_EDGE('',*,*,#156,.F.);
#284 = ORIENTED_EDGE('',*,*,#245,.T.);
#285 = ORIENTED_EDGE('',*,*,#286,.T.);
#286 = EDGE_CURVE('',#237,#287,#289,.T.);
#287 = VERTEX_POINT('',#288);
#288 = CARTESIAN_POINT('',(-0.5,0.37,0.8));
#289 = LINE('',#290,#291);
#290 = CARTESIAN_POINT('',(-0.5,-0.4,0.8));
#291 = VECTOR('',#292,1.);
#292 = DIRECTION('',(0.,1.,0.));
#293 = ORIENTED_EDGE('',*,*,#294,.F.);
#294 = EDGE_CURVE('',#148,#287,#295,.T.);
#295 = LINE('',#296,#297);
#296 = CARTESIAN_POINT('',(-0.8,0.37,0.8));
#297 = VECTOR('',#298,1.);
#298 = DIRECTION('',(1.,0.,0.));
#299 = PLANE('',#300);
#300 = AXIS2_PLACEMENT_3D('',#301,#302,#303);
#301 = CARTESIAN_POINT('',(-0.8,-0.4,0.8));
#302 = DIRECTION('',(0.,0.,1.));
#303 = DIRECTION('',(1.,0.,-0.));
#304 = ADVANCED_FACE('',(#305),#324,.T.);
#305 = FACE_BOUND('',#306,.T.);
#306 = EDGE_LOOP('',(#307,#315,#322,#323));
#307 = ORIENTED_EDGE('',*,*,#308,.T.);
#308 = EDGE_CURVE('',#131,#309,#311,.T.);
#309 = VERTEX_POINT('',#310);
#310 = CARTESIAN_POINT('',(-0.5,0.4,3.E-02));
#311 = LINE('',#312,#313);
#312 = CARTESIAN_POINT('',(-0.8,0.4,3.E-02));
#313 = VECTOR('',#314,1.);
#314 = DIRECTION('',(1.,0.,0.));
#315 = ORIENTED_EDGE('',*,*,#316,.T.);
#316 = EDGE_CURVE('',#309,#263,#317,.T.);
#317 = CIRCLE('',#318,3.E-02);
#318 = AXIS2_PLACEMENT_3D('',#319,#320,#321);
#319 = CARTESIAN_POINT('',(-0.5,0.37,3.E-02));
#320 = DIRECTION('',(-1.,0.,0.));
#321 = DIRECTION('',(0.,0.,1.));
#322 = ORIENTED_EDGE('',*,*,#270,.F.);
#323 = ORIENTED_EDGE('',*,*,#130,.F.);
#324 = CYLINDRICAL_SURFACE('',#325,3.E-02);
#325 = AXIS2_PLACEMENT_3D('',#326,#327,#328);
#326 = CARTESIAN_POINT('',(-0.8,0.37,3.E-02));
#327 = DIRECTION('',(1.,0.,0.));
#328 = DIRECTION('',(-0.,1.,0.));
#329 = ADVANCED_FACE('',(#330),#349,.T.);
#330 = FACE_BOUND('',#331,.T.);
#331 = EDGE_LOOP('',(#332,#333,#334,#343));
#332 = ORIENTED_EDGE('',*,*,#147,.T.);
#333 = ORIENTED_EDGE('',*,*,#294,.T.);
#334 = ORIENTED_EDGE('',*,*,#335,.F.);
#335 = EDGE_CURVE('',#336,#287,#338,.T.);
#336 = VERTEX_POINT('',#337);
#337 = CARTESIAN_POINT('',(-0.5,0.4,0.77));
#338 = CIRCLE('',#339,3.E-02);
#339 = AXIS2_PLACEMENT_3D('',#340,#341,#342);
#340 = CARTESIAN_POINT('',(-0.5,0.37,0.77));
#341 = DIRECTION('',(1.,0.,-0.));
#342 = DIRECTION('',(0.,0.,1.));
#343 = ORIENTED_EDGE('',*,*,#344,.F.);
#344 = EDGE_CURVE('',#140,#336,#345,.T.);
#345 = LINE('',#346,#347);
#346 = CARTESIAN_POINT('',(-0.8,0.4,0.77));
#347 = VECTOR('',#348,1.);
#348 = DIRECTION('',(1.,0.,0.));
#349 = CYLINDRICAL_SURFACE('',#350,3.E-02);
#350 = AXIS2_PLACEMENT_3D('',#351,#352,#353);
#351 = CARTESIAN_POINT('',(-0.8,0.37,0.77));
#352 = DIRECTION('',(1.,0.,0.));
#353 = DIRECTION('',(-0.,1.,0.));
#354 = ADVANCED_FACE('',(#355),#366,.T.);
#355 = FACE_BOUND('',#356,.T.);
#356 = EDGE_LOOP('',(#357,#363,#364,#365));
#357 = ORIENTED_EDGE('',*,*,#358,.F.);
#358 = EDGE_CURVE('',#309,#336,#359,.T.);
#359 = LINE('',#360,#361);
#360 = CARTESIAN_POINT('',(-0.5,0.4,0.));
#361 = VECTOR('',#362,1.);
#362 = DIRECTION('',(0.,0.,1.));
#363 = ORIENTED_EDGE('',*,*,#308,.F.);
#364 = ORIENTED_EDGE('',*,*,#139,.T.);
#365 = ORIENTED_EDGE('',*,*,#344,.T.);
#366 = PLANE('',#367);
#367 = AXIS2_PLACEMENT_3D('',#368,#369,#370);
#368 = CARTESIAN_POINT('',(-0.8,0.4,0.));
#369 = DIRECTION('',(0.,1.,0.));
#370 = DIRECTION('',(0.,-0.,1.));
#371 = ADVANCED_FACE('',(#372,#382),#452,.T.);
#372 = FACE_BOUND('',#373,.T.);
#373 = EDGE_LOOP('',(#374,#375,#376,#377,#378,#379,#380,#381));
#374 = ORIENTED_EDGE('',*,*,#179,.F.);
#375 = ORIENTED_EDGE('',*,*,#219,.T.);
#376 = ORIENTED_EDGE('',*,*,#262,.T.);
#377 = ORIENTED_EDGE('',*,*,#316,.F.);
#378 = ORIENTED_EDGE('',*,*,#358,.T.);
#379 = ORIENTED_EDGE('',*,*,#335,.T.);
#380 = ORIENTED_EDGE('',*,*,#286,.F.);
#381 = ORIENTED_EDGE('',*,*,#236,.F.);
#382 = FACE_BOUND('',#383,.T.);
#383 = EDGE_LOOP('',(#384,#395,#403,#412,#420,#429,#437,#446));
#384 = ORIENTED_EDGE('',*,*,#385,.F.);
#385 = EDGE_CURVE('',#386,#388,#390,.T.);
#386 = VERTEX_POINT('',#387);
#387 = CARTESIAN_POINT('',(-0.5,-0.37,6.E-02));
#388 = VERTEX_POINT('',#389);
#389 = CARTESIAN_POINT('',(-0.5,-0.34,3.E-02));
#390 = CIRCLE('',#391,3.E-02);
#391 = AXIS2_PLACEMENT_3D('',#392,#393,#394);
#392 = CARTESIAN_POINT('',(-0.5,-0.34,6.E-02));
#393 = DIRECTION('',(1.,0.,-0.));
#394 = DIRECTION('',(0.,0.,1.));
#395 = ORIENTED_EDGE('',*,*,#396,.T.);
#396 = EDGE_CURVE('',#386,#397,#399,.T.);
#397 = VERTEX_POINT('',#398);
#398 = CARTESIAN_POINT('',(-0.5,-0.37,0.74));
#399 = LINE('',#400,#401);
#400 = CARTESIAN_POINT('',(-0.5,-0.37,3.E-02));
#401 = VECTOR('',#402,1.);
#402 = DIRECTION('',(0.,0.,1.));
#403 = ORIENTED_EDGE('',*,*,#404,.T.);
#404 = EDGE_CURVE('',#397,#405,#407,.T.);
#405 = VERTEX_POINT('',#406);
#406 = CARTESIAN_POINT('',(-0.5,-0.34,0.77));
#407 = CIRCLE('',#408,3.E-02);
#408 = AXIS2_PLACEMENT_3D('',#409,#410,#411);
#409 = CARTESIAN_POINT('',(-0.5,-0.34,0.74));
#410 = DIRECTION('',(-1.,0.,0.));
#411 = DIRECTION('',(0.,0.,1.));
#412 = ORIENTED_EDGE('',*,*,#413,.T.);
#413 = EDGE_CURVE('',#405,#414,#416,.T.);
#414 = VERTEX_POINT('',#415);
#415 = CARTESIAN_POINT('',(-0.5,0.34,0.77));
#416 = LINE('',#417,#418);
#417 = CARTESIAN_POINT('',(-0.5,-0.37,0.77));
#418 = VECTOR('',#419,1.);
#419 = DIRECTION('',(0.,1.,0.));
#420 = ORIENTED_EDGE('',*,*,#421,.F.);
#421 = EDGE_CURVE('',#422,#414,#424,.T.);
#422 = VERTEX_POINT('',#423);
#423 = CARTESIAN_POINT('',(-0.5,0.37,0.74));
#424 = CIRCLE('',#425,3.E-02);
#425 = AXIS2_PLACEMENT_3D('',#426,#427,#428);
#426 = CARTESIAN_POINT('',(-0.5,0.34,0.74));
#427 = DIRECTION('',(1.,0.,-0.));
#428 = DIRECTION('',(0.,0.,1.));
#429 = ORIENTED_EDGE('',*,*,#430,.F.);
#430 = EDGE_CURVE('',#431,#422,#433,.T.);
#431 = VERTEX_POINT('',#432);
#432 = CARTESIAN_POINT('',(-0.5,0.37,6.E-02));
#433 = LINE('',#434,#435);
#434 = CARTESIAN_POINT('',(-0.5,0.37,3.E-02));
#435 = VECTOR('',#436,1.);
#436 = DIRECTION('',(0.,0.,1.));
#437 = ORIENTED_EDGE('',*,*,#438,.T.);
#438 = EDGE_CURVE('',#431,#439,#441,.T.);
#439 = VERTEX_POINT('',#440);
#440 = CARTESIAN_POINT('',(-0.5,0.34,3.E-02));
#441 = CIRCLE('',#442,3.E-02);
#442 = AXIS2_PLACEMENT_3D('',#443,#444,#445);
#443 = CARTESIAN_POINT('',(-0.5,0.34,6.E-02));
#444 = DIRECTION('',(-1.,0.,0.));
#445 = DIRECTION('',(0.,0.,1.));
#446 = ORIENTED_EDGE('',*,*,#447,.F.);
#447 = EDGE_CURVE('',#388,#439,#448,.T.);
#448 = LINE('',#449,#450);
#449 = CARTESIAN_POINT('',(-0.5,-0.37,3.E-02));
#450 = VECTOR('',#451,1.);
#451 = DIRECTION('',(0.,1.,0.));
#452 = PLANE('',#453);
#453 = AXIS2_PLACEMENT_3D('',#454,#455,#456);
#454 = CARTESIAN_POINT('',(-0.5,-0.4,0.));
#455 = DIRECTION('',(1.,0.,0.));
#456 = DIRECTION('',(0.,0.,1.));
#457 = ADVANCED_FACE('',(#458),#484,.T.);
#458 = FACE_BOUND('',#459,.T.);
#459 = EDGE_LOOP('',(#460,#461,#469,#478));
#460 = ORIENTED_EDGE('',*,*,#385,.T.);
#461 = ORIENTED_EDGE('',*,*,#462,.T.);
#462 = EDGE_CURVE('',#388,#463,#465,.T.);
#463 = VERTEX_POINT('',#464);
#464 = CARTESIAN_POINT('',(0.5,-0.34,3.E-02));
#465 = LINE('',#466,#467);
#466 = CARTESIAN_POINT('',(-0.5,-0.34,3.E-02));
#467 = VECTOR('',#468,1.);
#468 = DIRECTION('',(1.,0.,0.));
#469 = ORIENTED_EDGE('',*,*,#470,.F.);
#470 = EDGE_CURVE('',#471,#463,#473,.T.);
#471 = VERTEX_POINT('',#472);
#472 = CARTESIAN_POINT('',(0.5,-0.37,6.E-02));
#473 = CIRCLE('',#474,3.E-02);
#474 = AXIS2_PLACEMENT_3D('',#475,#476,#477);
#475 = CARTESIAN_POINT('',(0.5,-0.34,6.E-02));
#476 = DIRECTION('',(1.,0.,-0.));
#477 = DIRECTION('',(0.,0.,1.));
#478 = ORIENTED_EDGE('',*,*,#479,.F.);
#479 = EDGE_CURVE('',#386,#471,#480,.T.);
#480 = LINE('',#481,#482);
#481 = CARTESIAN_POINT('',(-0.5,-0.37,6.E-02));
#482 = VECTOR('',#483,1.);
#483 = DIRECTION('',(1.,0.,0.));
#484 = CYLINDRICAL_SURFACE('',#485,3.E-02);
#485 = AXIS2_PLACEMENT_3D('',#486,#487,#488);
#486 = CARTESIAN_POINT('',(-0.5,-0.34,6.E-02));
#487 = DIRECTION('',(1.,0.,0.));
#488 = DIRECTION('',(0.,-1.,0.));
#489 = ADVANCED_FACE('',(#490),#508,.F.);
#490 = FACE_BOUND('',#491,.F.);
#491 = EDGE_LOOP('',(#492,#493,#494,#502));
#492 = ORIENTED_EDGE('',*,*,#447,.F.);
#493 = ORIENTED_EDGE('',*,*,#462,.T.);
#494 = ORIENTED_EDGE('',*,*,#495,.T.);
#495 = EDGE_CURVE('',#463,#496,#498,.T.);
#496 = VERTEX_POINT('',#497);
#497 = CARTESIAN_POINT('',(0.5,0.34,3.E-02));
#498 = LINE('',#499,#500);
#499 = CARTESIAN_POINT('',(0.5,-0.37,3.E-02));
#500 = VECTOR('',#501,1.);
#501 = DIRECTION('',(0.,1.,0.));
#502 = ORIENTED_EDGE('',*,*,#503,.F.);
#503 = EDGE_CURVE('',#439,#496,#504,.T.);
#504 = LINE('',#505,#506);
#505 = CARTESIAN_POINT('',(-0.5,0.34,3.E-02));
#506 = VECTOR('',#507,1.);
#507 = DIRECTION('',(1.,0.,0.));
#508 = PLANE('',#509);
#509 = AXIS2_PLACEMENT_3D('',#510,#511,#512);
#510 = CARTESIAN_POINT('',(-0.5,-0.37,3.E-02));
#511 = DIRECTION('',(0.,0.,1.));
#512 = DIRECTION('',(1.,0.,-0.));
#513 = ADVANCED_FACE('',(#514),#533,.T.);
#514 = FACE_BOUND('',#515,.T.);
#515 = EDGE_LOOP('',(#516,#524,#531,#532));
#516 = ORIENTED_EDGE('',*,*,#517,.T.);
#517 = EDGE_CURVE('',#431,#518,#520,.T.);
#518 = VERTEX_POINT('',#519);
#519 = CARTESIAN_POINT('',(0.5,0.37,6.E-02));
#520 = LINE('',#521,#522);
#521 = CARTESIAN_POINT('',(-0.5,0.37,6.E-02));
#522 = VECTOR('',#523,1.);
#523 = DIRECTION('',(1.,0.,0.));
#524 = ORIENTED_EDGE('',*,*,#525,.T.);
#525 = EDGE_CURVE('',#518,#496,#526,.T.);
#526 = CIRCLE('',#527,3.E-02);
#527 = AXIS2_PLACEMENT_3D('',#528,#529,#530);
#528 = CARTESIAN_POINT('',(0.5,0.34,6.E-02));
#529 = DIRECTION('',(-1.,0.,0.));
#530 = DIRECTION('',(0.,0.,1.));
#531 = ORIENTED_EDGE('',*,*,#503,.F.);
#532 = ORIENTED_EDGE('',*,*,#438,.F.);
#533 = CYLINDRICAL_SURFACE('',#534,3.E-02);
#534 = AXIS2_PLACEMENT_3D('',#535,#536,#537);
#535 = CARTESIAN_POINT('',(-0.5,0.34,6.E-02));
#536 = DIRECTION('',(1.,0.,0.));
#537 = DIRECTION('',(-0.,1.,0.));
#538 = ADVANCED_FACE('',(#539),#557,.T.);
#539 = FACE_BOUND('',#540,.T.);
#540 = EDGE_LOOP('',(#541,#549,#550,#551));
#541 = ORIENTED_EDGE('',*,*,#542,.F.);
#542 = EDGE_CURVE('',#518,#543,#545,.T.);
#543 = VERTEX_POINT('',#544);
#544 = CARTESIAN_POINT('',(0.5,0.37,0.74));
#545 = LINE('',#546,#547);
#546 = CARTESIAN_POINT('',(0.5,0.37,3.E-02));
#547 = VECTOR('',#548,1.);
#548 = DIRECTION('',(0.,0.,1.));
#549 = ORIENTED_EDGE('',*,*,#517,.F.);
#550 = ORIENTED_EDGE('',*,*,#430,.T.);
#551 = ORIENTED_EDGE('',*,*,#552,.T.);
#552 = EDGE_CURVE('',#422,#543,#553,.T.);
#553 = LINE('',#554,#555);
#554 = CARTESIAN_POINT('',(-0.5,0.37,0.74));
#555 = VECTOR('',#556,1.);
#556 = DIRECTION('',(1.,0.,0.));
#557 = PLANE('',#558);
#558 = AXIS2_PLACEMENT_3D('',#559,#560,#561);
#559 = CARTESIAN_POINT('',(-0.5,0.37,3.E-02));
#560 = DIRECTION('',(0.,1.,0.));
#561 = DIRECTION('',(0.,-0.,1.));
#562 = ADVANCED_FACE('',(#563),#582,.T.);
#563 = FACE_BOUND('',#564,.T.);
#564 = EDGE_LOOP('',(#565,#566,#574,#581));
#565 = ORIENTED_EDGE('',*,*,#421,.T.);
#566 = ORIENTED_EDGE('',*,*,#567,.T.);
#567 = EDGE_CURVE('',#414,#568,#570,.T.);
#568 = VERTEX_POINT('',#569);
#569 = CARTESIAN_POINT('',(0.5,0.34,0.77));
#570 = LINE('',#571,#572);
#571 = CARTESIAN_POINT('',(-0.5,0.34,0.77));
#572 = VECTOR('',#573,1.);
#573 = DIRECTION('',(1.,0.,0.));
#574 = ORIENTED_EDGE('',*,*,#575,.F.);
#575 = EDGE_CURVE('',#543,#568,#576,.T.);
#576 = CIRCLE('',#577,3.E-02);
#577 = AXIS2_PLACEMENT_3D('',#578,#579,#580);
#578 = CARTESIAN_POINT('',(0.5,0.34,0.74));
#579 = DIRECTION('',(1.,0.,-0.));
#580 = DIRECTION('',(0.,0.,1.));
#581 = ORIENTED_EDGE('',*,*,#552,.F.);
#582 = CYLINDRICAL_SURFACE('',#583,3.E-02);
#583 = AXIS2_PLACEMENT_3D('',#584,#585,#586);
#584 = CARTESIAN_POINT('',(-0.5,0.34,0.74));
#585 = DIRECTION('',(1.,0.,0.));
#586 = DIRECTION('',(-0.,1.,0.));
#587 = ADVANCED_FACE('',(#588),#606,.T.);
#588 = FACE_BOUND('',#589,.T.);
#589 = EDGE_LOOP('',(#590,#591,#599,#605));
#590 = ORIENTED_EDGE('',*,*,#413,.F.);
#591 = ORIENTED_EDGE('',*,*,#592,.T.);
#592 = EDGE_CURVE('',#405,#593,#595,.T.);
#593 = VERTEX_POINT('',#594);
#594 = CARTESIAN_POINT('',(0.5,-0.34,0.77));
#595 = LINE('',#596,#597);
#596 = CARTESIAN_POINT('',(-0.5,-0.34,0.77));
#597 = VECTOR('',#598,1.);
#598 = DIRECTION('',(1.,0.,0.));
#599 = ORIENTED_EDGE('',*,*,#600,.T.);
#600 = EDGE_CURVE('',#593,#568,#601,.T.);
#601 = LINE('',#602,#603);
#602 = CARTESIAN_POINT('',(0.5,-0.37,0.77));
#603 = VECTOR('',#604,1.);
#604 = DIRECTION('',(0.,1.,0.));
#605 = ORIENTED_EDGE('',*,*,#567,.F.);
#606 = PLANE('',#607);
#607 = AXIS2_PLACEMENT_3D('',#608,#609,#610);
#608 = CARTESIAN_POINT('',(-0.5,-0.37,0.77));
#609 = DIRECTION('',(0.,0.,1.));
#610 = DIRECTION('',(1.,0.,-0.));
#611 = ADVANCED_FACE('',(#612),#631,.T.);
#612 = FACE_BOUND('',#613,.T.);
#613 = EDGE_LOOP('',(#614,#622,#629,#630));
#614 = ORIENTED_EDGE('',*,*,#615,.T.);
#615 = EDGE_CURVE('',#397,#616,#618,.T.);
#616 = VERTEX_POINT('',#617);
#617 = CARTESIAN_POINT('',(0.5,-0.37,0.74));
#618 = LINE('',#619,#620);
#619 = CARTESIAN_POINT('',(-0.5,-0.37,0.74));
#620 = VECTOR('',#621,1.);
#621 = DIRECTION('',(1.,0.,0.));
#622 = ORIENTED_EDGE('',*,*,#623,.T.);
#623 = EDGE_CURVE('',#616,#593,#624,.T.);
#624 = CIRCLE('',#625,3.E-02);
#625 = AXIS2_PLACEMENT_3D('',#626,#627,#628);
#626 = CARTESIAN_POINT('',(0.5,-0.34,0.74));
#627 = DIRECTION('',(-1.,0.,0.));
#628 = DIRECTION('',(0.,0.,1.));
#629 = ORIENTED_EDGE('',*,*,#592,.F.);
#630 = ORIENTED_EDGE('',*,*,#404,.F.);
#631 = CYLINDRICAL_SURFACE('',#632,3.E-02);
#632 = AXIS2_PLACEMENT_3D('',#633,#634,#635);
#633 = CARTESIAN_POINT('',(-0.5,-0.34,0.74));
#634 = DIRECTION('',(1.,0.,0.));
#635 = DIRECTION('',(0.,-1.,0.));
#636 = ADVANCED_FACE('',(#637),#648,.F.);
#637 = FACE_BOUND('',#638,.F.);
#638 = EDGE_LOOP('',(#639,#645,#646,#647));
#639 = ORIENTED_EDGE('',*,*,#640,.F.);
#640 = EDGE_CURVE('',#471,#616,#641,.T.);
#641 = LINE('',#642,#643);
#642 = CARTESIAN_POINT('',(0.5,-0.37,3.E-02));
#643 = VECTOR('',#644,1.);
#644 = DIRECTION('',(0.,0.,1.));
#645 = ORIENTED_EDGE('',*,*,#479,.F.);
#646 = ORIENTED_EDGE('',*,*,#396,.T.);
#647 = ORIENTED_EDGE('',*,*,#615,.T.);
#648 = PLANE('',#649);
#649 = AXIS2_PLACEMENT_3D('',#650,#651,#652);
#650 = CARTESIAN_POINT('',(-0.5,-0.37,3.E-02));
#651 = DIRECTION('',(0.,1.,0.));
#652 = DIRECTION('',(0.,-0.,1.));
#653 = ADVANCED_FACE('',(#654,#724),#734,.F.);
#654 = FACE_BOUND('',#655,.F.);
#655 = EDGE_LOOP('',(#656,#666,#675,#683,#692,#700,#709,#717));
#656 = ORIENTED_EDGE('',*,*,#657,.F.);
#657 = EDGE_CURVE('',#658,#660,#662,.T.);
#658 = VERTEX_POINT('',#659);
#659 = CARTESIAN_POINT('',(0.5,-0.4,3.E-02));
#660 = VERTEX_POINT('',#661);
#661 = CARTESIAN_POINT('',(0.5,-0.4,0.77));
#662 = LINE('',#663,#664);
#663 = CARTESIAN_POINT('',(0.5,-0.4,0.));
#664 = VECTOR('',#665,1.);
#665 = DIRECTION('',(0.,0.,1.));
#666 = ORIENTED_EDGE('',*,*,#667,.T.);
#667 = EDGE_CURVE('',#658,#668,#670,.T.);
#668 = VERTEX_POINT('',#669);
#669 = CARTESIAN_POINT('',(0.5,-0.37,0.));
#670 = CIRCLE('',#671,3.E-02);
#671 = AXIS2_PLACEMENT_3D('',#672,#673,#674);
#672 = CARTESIAN_POINT('',(0.5,-0.37,3.E-02));
#673 = DIRECTION('',(1.,0.,-0.));
#674 = DIRECTION('',(0.,0.,1.));
#675 = ORIENTED_EDGE('',*,*,#676,.T.);
#676 = EDGE_CURVE('',#668,#677,#679,.T.);
#677 = VERTEX_POINT('',#678);
#678 = CARTESIAN_POINT('',(0.5,0.37,0.));
#679 = LINE('',#680,#681);
#680 = CARTESIAN_POINT('',(0.5,-0.4,0.));
#681 = VECTOR('',#682,1.);
#682 = DIRECTION('',(0.,1.,0.));
#683 = ORIENTED_EDGE('',*,*,#684,.F.);
#684 = EDGE_CURVE('',#685,#677,#687,.T.);
#685 = VERTEX_POINT('',#686);
#686 = CARTESIAN_POINT('',(0.5,0.4,3.E-02));
#687 = CIRCLE('',#688,3.E-02);
#688 = AXIS2_PLACEMENT_3D('',#689,#690,#691);
#689 = CARTESIAN_POINT('',(0.5,0.37,3.E-02));
#690 = DIRECTION('',(-1.,0.,0.));
#691 = DIRECTION('',(0.,0.,1.));
#692 = ORIENTED_EDGE('',*,*,#693,.T.);
#693 = EDGE_CURVE('',#685,#694,#696,.T.);
#694 = VERTEX_POINT('',#695);
#695 = CARTESIAN_POINT('',(0.5,0.4,0.77));
#696 = LINE('',#697,#698);
#697 = CARTESIAN_POINT('',(0.5,0.4,0.));
#698 = VECTOR('',#699,1.);
#699 = DIRECTION('',(0.,0.,1.));
#700 = ORIENTED_EDGE('',*,*,#701,.T.);
#701 = EDGE_CURVE('',#694,#702,#704,.T.);
#702 = VERTEX_POINT('',#703);
#703 = CARTESIAN_POINT('',(0.5,0.37,0.8));
#704 = CIRCLE('',#705,3.E-02);
#705 = AXIS2_PLACEMENT_3D('',#706,#707,#708);
#706 = CARTESIAN_POINT('',(0.5,0.37,0.77));
#707 = DIRECTION('',(1.,0.,-0.));
#708 = DIRECTION('',(0.,0.,1.));
#709 = ORIENTED_EDGE('',*,*,#710,.F.);
#710 = EDGE_CURVE('',#711,#702,#713,.T.);
#711 = VERTEX_POINT('',#712);
#712 = CARTESIAN_POINT('',(0.5,-0.37,0.8));
#713 = LINE('',#714,#715);
#714 = CARTESIAN_POINT('',(0.5,-0.4,0.8));
#715 = VECTOR('',#716,1.);
#716 = DIRECTION('',(0.,1.,0.));
#717 = ORIENTED_EDGE('',*,*,#718,.F.);
#718 = EDGE_CURVE('',#660,#711,#719,.T.);
#719 = CIRCLE('',#720,3.E-02);
#720 = AXIS2_PLACEMENT_3D('',#721,#722,#723);
#721 = CARTESIAN_POINT('',(0.5,-0.37,0.77));
#722 = DIRECTION('',(-1.,0.,0.));
#723 = DIRECTION('',(0.,0.,1.));
#724 = FACE_BOUND('',#725,.F.);
#725 = EDGE_LOOP('',(#726,#727,#728,#729,#730,#731,#732,#733));
#726 = ORIENTED_EDGE('',*,*,#470,.F.);
#727 = ORIENTED_EDGE('',*,*,#640,.T.);
#728 = ORIENTED_EDGE('',*,*,#623,.T.);
#729 = ORIENTED_EDGE('',*,*,#600,.T.);
#730 = ORIENTED_EDGE('',*,*,#575,.F.);
#731 = ORIENTED_EDGE('',*,*,#542,.F.);
#732 = ORIENTED_EDGE('',*,*,#525,.T.);
#733 = ORIENTED_EDGE('',*,*,#495,.F.);
#734 = PLANE('',#735);
#735 = AXIS2_PLACEMENT_3D('',#736,#737,#738);
#736 = CARTESIAN_POINT('',(0.5,-0.4,0.));
#737 = DIRECTION('',(1.,0.,0.));
#738 = DIRECTION('',(0.,0.,1.));
#739 = ADVANCED_FACE('',(#740),#765,.F.);
#740 = FACE_BOUND('',#741,.F.);
#741 = EDGE_LOOP('',(#742,#752,#758,#759));
#742 = ORIENTED_EDGE('',*,*,#743,.F.);
#743 = EDGE_CURVE('',#744,#746,#748,.T.);
#744 = VERTEX_POINT('',#745);
#745 = CARTESIAN_POINT('',(0.8,-0.4,3.E-02));
#746 = VERTEX_POINT('',#747);
#747 = CARTESIAN_POINT('',(0.8,-0.4,0.77));
#748 = LINE('',#749,#750);
#749 = CARTESIAN_POINT('',(0.8,-0.4,0.));
#750 = VECTOR('',#751,1.);
#751 = DIRECTION('',(0.,0.,1.));
#752 = ORIENTED_EDGE('',*,*,#753,.F.);
#753 = EDGE_CURVE('',#658,#744,#754,.T.);
#754 = LINE('',#755,#756);
#755 = CARTESIAN_POINT('',(0.5,-0.4,3.E-02));
#756 = VECTOR('',#757,1.);
#757 = DIRECTION('',(1.,0.,0.));
#758 = ORIENTED_EDGE('',*,*,#657,.T.);
#759 = ORIENTED_EDGE('',*,*,#760,.T.);
#760 = EDGE_CURVE('',#660,#746,#761,.T.);
#761 = LINE('',#762,#763);
#762 = CARTESIAN_POINT('',(0.5,-0.4,0.77));
#763 = VECTOR('',#764,1.);
#764 = DIRECTION('',(1.,0.,0.));
#765 = PLANE('',#766);
#766 = AXIS2_PLACEMENT_3D('',#767,#768,#769);
#767 = CARTESIAN_POINT('',(0.5,-0.4,0.));
#768 = DIRECTION('',(0.,1.,0.));
#769 = DIRECTION('',(0.,-0.,1.));
#770 = ADVANCED_FACE('',(#771),#790,.T.);
#771 = FACE_BOUND('',#772,.T.);
#772 = EDGE_LOOP('',(#773,#774,#782,#789));
#773 = ORIENTED_EDGE('',*,*,#667,.T.);
#774 = ORIENTED_EDGE('',*,*,#775,.T.);
#775 = EDGE_CURVE('',#668,#776,#778,.T.);
#776 = VERTEX_POINT('',#777);
#777 = CARTESIAN_POINT('',(0.8,-0.37,0.));
#778 = LINE('',#779,#780);
#779 = CARTESIAN_POINT('',(0.5,-0.37,0.));
#780 = VECTOR('',#781,1.);
#781 = DIRECTION('',(1.,0.,0.));
#782 = ORIENTED_EDGE('',*,*,#783,.F.);
#783 = EDGE_CURVE('',#744,#776,#784,.T.);
#784 = CIRCLE('',#785,3.E-02);
#785 = AXIS2_PLACEMENT_3D('',#786,#787,#788);
#786 = CARTESIAN_POINT('',(0.8,-0.37,3.E-02));
#787 = DIRECTION('',(1.,0.,-0.));
#788 = DIRECTION('',(0.,0.,1.));
#789 = ORIENTED_EDGE('',*,*,#753,.F.);
#790 = CYLINDRICAL_SURFACE('',#791,3.E-02);
#791 = AXIS2_PLACEMENT_3D('',#792,#793,#794);
#792 = CARTESIAN_POINT('',(0.5,-0.37,3.E-02));
#793 = DIRECTION('',(1.,0.,0.));
#794 = DIRECTION('',(0.,-1.,0.));
#795 = ADVANCED_FACE('',(#796),#815,.T.);
#796 = FACE_BOUND('',#797,.T.);
#797 = EDGE_LOOP('',(#798,#799,#808,#814));
#798 = ORIENTED_EDGE('',*,*,#760,.T.);
#799 = ORIENTED_EDGE('',*,*,#800,.T.);
#800 = EDGE_CURVE('',#746,#801,#803,.T.);
#801 = VERTEX_POINT('',#802);
#802 = CARTESIAN_POINT('',(0.8,-0.37,0.8));
#803 = CIRCLE('',#804,3.E-02);
#804 = AXIS2_PLACEMENT_3D('',#805,#806,#807);
#805 = CARTESIAN_POINT('',(0.8,-0.37,0.77));
#806 = DIRECTION('',(-1.,0.,0.));
#807 = DIRECTION('',(0.,0.,1.));
#808 = ORIENTED_EDGE('',*,*,#809,.F.);
#809 = EDGE_CURVE('',#711,#801,#810,.T.);
#810 = LINE('',#811,#812);
#811 = CARTESIAN_POINT('',(0.5,-0.37,0.8));
#812 = VECTOR('',#813,1.);
#813 = DIRECTION('',(1.,0.,0.));
#814 = ORIENTED_EDGE('',*,*,#718,.F.);
#815 = CYLINDRICAL_SURFACE('',#816,3.E-02);
#816 = AXIS2_PLACEMENT_3D('',#817,#818,#819);
#817 = CARTESIAN_POINT('',(0.5,-0.37,0.77));
#818 = DIRECTION('',(1.,0.,0.));
#819 = DIRECTION('',(0.,-1.,0.));
#820 = ADVANCED_FACE('',(#821),#839,.F.);
#821 = FACE_BOUND('',#822,.F.);
#822 = EDGE_LOOP('',(#823,#824,#825,#833));
#823 = ORIENTED_EDGE('',*,*,#676,.F.);
#824 = ORIENTED_EDGE('',*,*,#775,.T.);
#825 = ORIENTED_EDGE('',*,*,#826,.T.);
#826 = EDGE_CURVE('',#776,#827,#829,.T.);
#827 = VERTEX_POINT('',#828);
#828 = CARTESIAN_POINT('',(0.8,0.37,0.));
#829 = LINE('',#830,#831);
#830 = CARTESIAN_POINT('',(0.8,-0.4,0.));
#831 = VECTOR('',#832,1.);
#832 = DIRECTION('',(0.,1.,0.));
#833 = ORIENTED_EDGE('',*,*,#834,.F.);
#834 = EDGE_CURVE('',#677,#827,#835,.T.);
#835 = LINE('',#836,#837);
#836 = CARTESIAN_POINT('',(0.5,0.37,0.));
#837 = VECTOR('',#838,1.);
#838 = DIRECTION('',(1.,0.,0.));
#839 = PLANE('',#840);
#840 = AXIS2_PLACEMENT_3D('',#841,#842,#843);
#841 = CARTESIAN_POINT('',(0.5,-0.4,0.));
#842 = DIRECTION('',(0.,0.,1.));
#843 = DIRECTION('',(1.,0.,-0.));
#844 = ADVANCED_FACE('',(#845),#863,.T.);
#845 = FACE_BOUND('',#846,.T.);
#846 = EDGE_LOOP('',(#847,#848,#849,#857));
#847 = ORIENTED_EDGE('',*,*,#710,.F.);
#848 = ORIENTED_EDGE('',*,*,#809,.T.);
#849 = ORIENTED_EDGE('',*,*,#850,.T.);
#850 = EDGE_CURVE('',#801,#851,#853,.T.);
#851 = VERTEX_POINT('',#852);
#852 = CARTESIAN_POINT('',(0.8,0.37,0.8));
#853 = LINE('',#854,#855);
#854 = CARTESIAN_POINT('',(0.8,-0.4,0.8));
#855 = VECTOR('',#856,1.);
#856 = DIRECTION('',(0.,1.,0.));
#857 = ORIENTED_EDGE('',*,*,#858,.F.);
#858 = EDGE_CURVE('',#702,#851,#859,.T.);
#859 = LINE('',#860,#861);
#860 = CARTESIAN_POINT('',(0.5,0.37,0.8));
#861 = VECTOR('',#862,1.);
#862 = DIRECTION('',(1.,0.,0.));
#863 = PLANE('',#864);
#864 = AXIS2_PLACEMENT_3D('',#865,#866,#867);
#865 = CARTESIAN_POINT('',(0.5,-0.4,0.8));
#866 = DIRECTION('',(0.,0.,1.));
#867 = DIRECTION('',(1.,0.,-0.));
#868 = ADVANCED_FACE('',(#869),#888,.T.);
#869 = FACE_BOUND('',#870,.T.);
#870 = EDGE_LOOP('',(#871,#879,#886,#887));
#871 = ORIENTED_EDGE('',*,*,#872,.T.);
#872 = EDGE_CURVE('',#685,#873,#875,.T.);
#873 = VERTEX_POINT('',#874);
#874 = CARTESIAN_POINT('',(0.8,0.4,3.E-02));
#875 = LINE('',#876,#877);
#876 = CARTESIAN_POINT('',(0.5,0.4,3.E-02));
#877 = VECTOR('',#878,1.);
#878 = DIRECTION('',(1.,0.,0.));
#879 = ORIENTED_EDGE('',*,*,#880,.T.);
#880 = EDGE_CURVE('',#873,#827,#881,.T.);
#881 = CIRCLE('',#882,3.E-02);
#882 = AXIS2_PLACEMENT_3D('',#883,#884,#885);
#883 = CARTESIAN_POINT('',(0.8,0.37,3.E-02));
#884 = DIRECTION('',(-1.,0.,0.));
#885 = DIRECTION('',(0.,0.,1.));
#886 = ORIENTED_EDGE('',*,*,#834,.F.);
#887 = ORIENTED_EDGE('',*,*,#684,.F.);
#888 = CYLINDRICAL_SURFACE('',#889,3.E-02);
#889 = AXIS2_PLACEMENT_3D('',#890,#891,#892);
#890 = CARTESIAN_POINT('',(0.5,0.37,3.E-02));
#891 = DIRECTION('',(1.,0.,0.));
#892 = DIRECTION('',(-0.,1.,0.));
#893 = ADVANCED_FACE('',(#894),#913,.T.);
#894 = FACE_BOUND('',#895,.T.);
#895 = EDGE_LOOP('',(#896,#897,#898,#907));
#896 = ORIENTED_EDGE('',*,*,#701,.T.);
#897 = ORIENTED_EDGE('',*,*,#858,.T.);
#898 = ORIENTED_EDGE('',*,*,#899,.F.);
#899 = EDGE_CURVE('',#900,#851,#902,.T.);
#900 = VERTEX_POINT('',#901);
#901 = CARTESIAN_POINT('',(0.8,0.4,0.77));
#902 = CIRCLE('',#903,3.E-02);
#903 = AXIS2_PLACEMENT_3D('',#904,#905,#906);
#904 = CARTESIAN_POINT('',(0.8,0.37,0.77));
#905 = DIRECTION('',(1.,0.,-0.));
#906 = DIRECTION('',(0.,0.,1.));
#907 = ORIENTED_EDGE('',*,*,#908,.F.);
#908 = EDGE_CURVE('',#694,#900,#909,.T.);
#909 = LINE('',#910,#911);
#910 = CARTESIAN_POINT('',(0.5,0.4,0.77));
#911 = VECTOR('',#912,1.);
#912 = DIRECTION('',(1.,0.,0.));
#913 = CYLINDRICAL_SURFACE('',#914,3.E-02);
#914 = AXIS2_PLACEMENT_3D('',#915,#916,#917);
#915 = CARTESIAN_POINT('',(0.5,0.37,0.77));
#916 = DIRECTION('',(1.,0.,0.));
#917 = DIRECTION('',(-0.,1.,0.));
#918 = ADVANCED_FACE('',(#919),#930,.T.);
#919 = FACE_BOUND('',#920,.T.);
#920 = EDGE_LOOP('',(#921,#927,#928,#929));
#921 = ORIENTED_EDGE('',*,*,#922,.F.);
#922 = EDGE_CURVE('',#873,#900,#923,.T.);
#923 = LINE('',#924,#925);
#924 = CARTESIAN_POINT('',(0.8,0.4,0.));
#925 = VECTOR('',#926,1.);
#926 = DIRECTION('',(0.,0.,1.));
#927 = ORIENTED_EDGE('',*,*,#872,.F.);
#928 = ORIENTED_EDGE('',*,*,#693,.T.);
#929 = ORIENTED_EDGE('',*,*,#908,.T.);
#930 = PLANE('',#931);
#931 = AXIS2_PLACEMENT_3D('',#932,#933,#934);
#932 = CARTESIAN_POINT('',(0.5,0.4,0.));
#933 = DIRECTION('',(0.,1.,0.));
#934 = DIRECTION('',(0.,-0.,1.));
#935 = ADVANCED_FACE('',(#936),#946,.T.);
#936 = FACE_BOUND('',#937,.T.);
#937 = EDGE_LOOP('',(#938,#939,#940,#941,#942,#943,#944,#945));
#938 = ORIENTED_EDGE('',*,*,#743,.F.);
#939 = ORIENTED_EDGE('',*,*,#783,.T.);
#940 = ORIENTED_EDGE('',*,*,#826,.T.);
#941 = ORIENTED_EDGE('',*,*,#880,.F.);
#942 = ORIENTED_EDGE('',*,*,#922,.T.);
#943 = ORIENTED_EDGE('',*,*,#899,.T.);
#944 = ORIENTED_EDGE('',*,*,#850,.F.);
#945 = ORIENTED_EDGE('',*,*,#800,.F.);
#946 = PLANE('',#947);
#947 = AXIS2_PLACEMENT_3D('',#948,#949,#950);
#948 = CARTESIAN_POINT('',(0.8,-0.4,0.));
#949 = DIRECTION('',(1.,0.,0.));
#950 = DIRECTION('',(0.,0.,1.));
#951 = ( GEOMETRIC_REPRESENTATION_CONTEXT(3) 
GLOBAL_UNCERTAINTY_ASSIGNED_CONTEXT((#955)) GLOBAL_UNIT_ASSIGNED_CONTEXT
((#952,#953,#954)) REPRESENTATION_CONTEXT('Context #1',
  '3D Context with UNIT and UNCERTAINTY') );
#952 = ( LENGTH_UNIT() NAMED_UNIT(*) SI_UNIT(.MILLI.,.METRE.) );
#953 = ( NAMED_UNIT(*) PLANE_ANGLE_UNIT() SI_UNIT($,.RADIAN.) );
#954 = ( NAMED_UNIT(*) SI_UNIT($,.STERADIAN.) SOLID_ANGLE_UNIT() );
#955 = UNCERTAINTY_MEASURE_WITH_UNIT(LENGTH_MEASURE(1.E-07),#952,
  'distance_accuracy_value','confusion accuracy');
#956 = CONTEXT_DEPENDENT_SHAPE_REPRESENTATION(#957,#959);
#957 = ( REPRESENTATION_RELATIONSHIP('','',#96,#10) 
REPRESENTATION_RELATIONSHIP_WITH_TRANSFORMATION(#958) 
SHAPE_REPRESENTATION_RELATIONSHIP() );
#958 = ITEM_DEFINED_TRANSFORMATION('','',#11,#15);
#959 = PRODUCT_DEFINITION_SHAPE('Placement','Placement of an item',#960
  );
#960 = NEXT_ASSEMBLY_USAGE_OCCURRENCE('1','C7','',#5,#91,$);
#961 = PRODUCT_RELATED_PRODUCT_CATEGORY('part',$,(#93));
#962 = SHAPE_DEFINITION_REPRESENTATION(#963,#969);
#963 = PRODUCT_DEFINITION_SHAPE('','',#964);
#964 = PRODUCT_DEFINITION('design','',#965,#968);
#965 = PRODUCT_DEFINITION_FORMATION('','',#966);
#966 = PRODUCT('L_0603_1608Metric','L_0603_1608Metric','',(#967));
#967 = PRODUCT_CONTEXT('',#2,'mechanical');
#968 = PRODUCT_DEFINITION_CONTEXT('part definition',#2,'design');
#969 = ADVANCED_BREP_SHAPE_REPRESENTATION('',(#11,#970),#1824);
#970 = MANIFOLD_SOLID_BREP('',#971);
#971 = CLOSED_SHELL('',(#972,#1048,#1079,#1104,#1129,#1153,#1177,#1202,
    #1227,#1244,#1330,#1362,#1386,#1411,#1435,#1460,#1484,#1509,#1526,
    #1612,#1643,#1668,#1693,#1717,#1741,#1766,#1791,#1808));
#972 = ADVANCED_FACE('',(#973),#1043,.F.);
#973 = FACE_BOUND('',#974,.F.);
#974 = EDGE_LOOP('',(#975,#985,#994,#1002,#1011,#1019,#1028,#1036));
#975 = ORIENTED_EDGE('',*,*,#976,.F.);
#976 = EDGE_CURVE('',#977,#979,#981,.T.);
#977 = VERTEX_POINT('',#978);
#978 = CARTESIAN_POINT('',(-0.8,-0.4,3.E-02));
#979 = VERTEX_POINT('',#980);
#980 = CARTESIAN_POINT('',(-0.8,-0.4,0.77));
#981 = LINE('',#982,#983);
#982 = CARTESIAN_POINT('',(-0.8,-0.4,0.));
#983 = VECTOR('',#984,1.);
#984 = DIRECTION('',(0.,0.,1.));
#985 = ORIENTED_EDGE('',*,*,#986,.T.);
#986 = EDGE_CURVE('',#977,#987,#989,.T.);
#987 = VERTEX_POINT('',#988);
#988 = CARTESIAN_POINT('',(-0.8,-0.37,0.));
#989 = CIRCLE('',#990,3.E-02);
#990 = AXIS2_PLACEMENT_3D('',#991,#992,#993);
#991 = CARTESIAN_POINT('',(-0.8,-0.37,3.E-02));
#992 = DIRECTION('',(1.,0.,-0.));
#993 = DIRECTION('',(0.,0.,1.));
#994 = ORIENTED_EDGE('',*,*,#995,.T.);
#995 = EDGE_CURVE('',#987,#996,#998,.T.);
#996 = VERTEX_POINT('',#997);
#997 = CARTESIAN_POINT('',(-0.8,0.37,0.));
#998 = LINE('',#999,#1000);
#999 = CARTESIAN_POINT('',(-0.8,-0.4,0.));
#1000 = VECTOR('',#1001,1.);
#1001 = DIRECTION('',(0.,1.,0.));
#1002 = ORIENTED_EDGE('',*,*,#1003,.F.);
#1003 = EDGE_CURVE('',#1004,#996,#1006,.T.);
#1004 = VERTEX_POINT('',#1005);
#1005 = CARTESIAN_POINT('',(-0.8,0.4,3.E-02));
#1006 = CIRCLE('',#1007,3.E-02);
#1007 = AXIS2_PLACEMENT_3D('',#1008,#1009,#1010);
#1008 = CARTESIAN_POINT('',(-0.8,0.37,3.E-02));
#1009 = DIRECTION('',(-1.,0.,0.));
#1010 = DIRECTION('',(0.,0.,1.));
#1011 = ORIENTED_EDGE('',*,*,#1012,.T.);
#1012 = EDGE_CURVE('',#1004,#1013,#1015,.T.);
#1013 = VERTEX_POINT('',#1014);
#1014 = CARTESIAN_POINT('',(-0.8,0.4,0.77));
#1015 = LINE('',#1016,#1017);
#1016 = CARTESIAN_POINT('',(-0.8,0.4,0.));
#1017 = VECTOR('',#1018,1.);
#1018 = DIRECTION('',(0.,0.,1.));
#1019 = ORIENTED_EDGE('',*,*,#1020,.T.);
#1020 = EDGE_CURVE('',#1013,#1021,#1023,.T.);
#1021 = VERTEX_POINT('',#1022);
#1022 = CARTESIAN_POINT('',(-0.8,0.37,0.8));
#1023 = CIRCLE('',#1024,3.E-02);
#1024 = AXIS2_PLACEMENT_3D('',#1025,#1026,#1027);
#1025 = CARTESIAN_POINT('',(-0.8,0.37,0.77));
#1026 = DIRECTION('',(1.,0.,-0.));
#1027 = DIRECTION('',(0.,0.,1.));
#1028 = ORIENTED_EDGE('',*,*,#1029,.F.);
#1029 = EDGE_CURVE('',#1030,#1021,#1032,.T.);
#1030 = VERTEX_POINT('',#1031);
#1031 = CARTESIAN_POINT('',(-0.8,-0.37,0.8));
#1032 = LINE('',#1033,#1034);
#1033 = CARTESIAN_POINT('',(-0.8,-0.4,0.8));
#1034 = VECTOR('',#1035,1.);
#1035 = DIRECTION('',(0.,1.,0.));
#1036 = ORIENTED_EDGE('',*,*,#1037,.F.);
#1037 = EDGE_CURVE('',#979,#1030,#1038,.T.);
#1038 = CIRCLE('',#1039,3.E-02);
#1039 = AXIS2_PLACEMENT_3D('',#1040,#1041,#1042);
#1040 = CARTESIAN_POINT('',(-0.8,-0.37,0.77));
#1041 = DIRECTION('',(-1.,0.,0.));
#1042 = DIRECTION('',(0.,0.,1.));
#1043 = PLANE('',#1044);
#1044 = AXIS2_PLACEMENT_3D('',#1045,#1046,#1047);
#1045 = CARTESIAN_POINT('',(-0.8,-0.4,0.));
#1046 = DIRECTION('',(1.,0.,0.));
#1047 = DIRECTION('',(0.,0.,1.));
#1048 = ADVANCED_FACE('',(#1049),#1074,.F.);
#1049 = FACE_BOUND('',#1050,.F.);
#1050 = EDGE_LOOP('',(#1051,#1061,#1067,#1068));
#1051 = ORIENTED_EDGE('',*,*,#1052,.F.);
#1052 = EDGE_CURVE('',#1053,#1055,#1057,.T.);
#1053 = VERTEX_POINT('',#1054);
#1054 = CARTESIAN_POINT('',(-0.5,-0.4,3.E-02));
#1055 = VERTEX_POINT('',#1056);
#1056 = CARTESIAN_POINT('',(-0.5,-0.4,0.77));
#1057 = LINE('',#1058,#1059);
#1058 = CARTESIAN_POINT('',(-0.5,-0.4,0.));
#1059 = VECTOR('',#1060,1.);
#1060 = DIRECTION('',(0.,0.,1.));
#1061 = ORIENTED_EDGE('',*,*,#1062,.F.);
#1062 = EDGE_CURVE('',#977,#1053,#1063,.T.);
#1063 = LINE('',#1064,#1065);
#1064 = CARTESIAN_POINT('',(-0.8,-0.4,3.E-02));
#1065 = VECTOR('',#1066,1.);
#1066 = DIRECTION('',(1.,0.,0.));
#1067 = ORIENTED_EDGE('',*,*,#976,.T.);
#1068 = ORIENTED_EDGE('',*,*,#1069,.T.);
#1069 = EDGE_CURVE('',#979,#1055,#1070,.T.);
#1070 = LINE('',#1071,#1072);
#1071 = CARTESIAN_POINT('',(-0.8,-0.4,0.77));
#1072 = VECTOR('',#1073,1.);
#1073 = DIRECTION('',(1.,0.,0.));
#1074 = PLANE('',#1075);
#1075 = AXIS2_PLACEMENT_3D('',#1076,#1077,#1078);
#1076 = CARTESIAN_POINT('',(-0.8,-0.4,0.));
#1077 = DIRECTION('',(0.,1.,0.));
#1078 = DIRECTION('',(0.,-0.,1.));
#1079 = ADVANCED_FACE('',(#1080),#1099,.T.);
#1080 = FACE_BOUND('',#1081,.T.);
#1081 = EDGE_LOOP('',(#1082,#1083,#1091,#1098));
#1082 = ORIENTED_EDGE('',*,*,#986,.T.);
#1083 = ORIENTED_EDGE('',*,*,#1084,.T.);
#1084 = EDGE_CURVE('',#987,#1085,#1087,.T.);
#1085 = VERTEX_POINT('',#1086);
#1086 = CARTESIAN_POINT('',(-0.5,-0.37,0.));
#1087 = LINE('',#1088,#1089);
#1088 = CARTESIAN_POINT('',(-0.8,-0.37,0.));
#1089 = VECTOR('',#1090,1.);
#1090 = DIRECTION('',(1.,0.,0.));
#1091 = ORIENTED_EDGE('',*,*,#1092,.F.);
#1092 = EDGE_CURVE('',#1053,#1085,#1093,.T.);
#1093 = CIRCLE('',#1094,3.E-02);
#1094 = AXIS2_PLACEMENT_3D('',#1095,#1096,#1097);
#1095 = CARTESIAN_POINT('',(-0.5,-0.37,3.E-02));
#1096 = DIRECTION('',(1.,0.,-0.));
#1097 = DIRECTION('',(0.,0.,1.));
#1098 = ORIENTED_EDGE('',*,*,#1062,.F.);
#1099 = CYLINDRICAL_SURFACE('',#1100,3.E-02);
#1100 = AXIS2_PLACEMENT_3D('',#1101,#1102,#1103);
#1101 = CARTESIAN_POINT('',(-0.8,-0.37,3.E-02));
#1102 = DIRECTION('',(1.,0.,0.));
#1103 = DIRECTION('',(0.,-1.,0.));
#1104 = ADVANCED_FACE('',(#1105),#1124,.T.);
#1105 = FACE_BOUND('',#1106,.T.);
#1106 = EDGE_LOOP('',(#1107,#1108,#1117,#1123));
#1107 = ORIENTED_EDGE('',*,*,#1069,.T.);
#1108 = ORIENTED_EDGE('',*,*,#1109,.T.);
#1109 = EDGE_CURVE('',#1055,#1110,#1112,.T.);
#1110 = VERTEX_POINT('',#1111);
#1111 = CARTESIAN_POINT('',(-0.5,-0.37,0.8));
#1112 = CIRCLE('',#1113,3.E-02);
#1113 = AXIS2_PLACEMENT_3D('',#1114,#1115,#1116);
#1114 = CARTESIAN_POINT('',(-0.5,-0.37,0.77));
#1115 = DIRECTION('',(-1.,0.,0.));
#1116 = DIRECTION('',(0.,0.,1.));
#1117 = ORIENTED_EDGE('',*,*,#1118,.F.);
#1118 = EDGE_CURVE('',#1030,#1110,#1119,.T.);
#1119 = LINE('',#1120,#1121);
#1120 = CARTESIAN_POINT('',(-0.8,-0.37,0.8));
#1121 = VECTOR('',#1122,1.);
#1122 = DIRECTION('',(1.,0.,0.));
#1123 = ORIENTED_EDGE('',*,*,#1037,.F.);
#1124 = CYLINDRICAL_SURFACE('',#1125,3.E-02);
#1125 = AXIS2_PLACEMENT_3D('',#1126,#1127,#1128);
#1126 = CARTESIAN_POINT('',(-0.8,-0.37,0.77));
#1127 = DIRECTION('',(1.,0.,0.));
#1128 = DIRECTION('',(0.,-1.,0.));
#1129 = ADVANCED_FACE('',(#1130),#1148,.F.);
#1130 = FACE_BOUND('',#1131,.F.);
#1131 = EDGE_LOOP('',(#1132,#1133,#1134,#1142));
#1132 = ORIENTED_EDGE('',*,*,#995,.F.);
#1133 = ORIENTED_EDGE('',*,*,#1084,.T.);
#1134 = ORIENTED_EDGE('',*,*,#1135,.T.);
#1135 = EDGE_CURVE('',#1085,#1136,#1138,.T.);
#1136 = VERTEX_POINT('',#1137);
#1137 = CARTESIAN_POINT('',(-0.5,0.37,0.));
#1138 = LINE('',#1139,#1140);
#1139 = CARTESIAN_POINT('',(-0.5,-0.4,0.));
#1140 = VECTOR('',#1141,1.);
#1141 = DIRECTION('',(0.,1.,0.));
#1142 = ORIENTED_EDGE('',*,*,#1143,.F.);
#1143 = EDGE_CURVE('',#996,#1136,#1144,.T.);
#1144 = LINE('',#1145,#1146);
#1145 = CARTESIAN_POINT('',(-0.8,0.37,0.));
#1146 = VECTOR('',#1147,1.);
#1147 = DIRECTION('',(1.,0.,0.));
#1148 = PLANE('',#1149);
#1149 = AXIS2_PLACEMENT_3D('',#1150,#1151,#1152);
#1150 = CARTESIAN_POINT('',(-0.8,-0.4,0.));
#1151 = DIRECTION('',(0.,0.,1.));
#1152 = DIRECTION('',(1.,0.,-0.));
#1153 = ADVANCED_FACE('',(#1154),#1172,.T.);
#1154 = FACE_BOUND('',#1155,.T.);
#1155 = EDGE_LOOP('',(#1156,#1157,#1158,#1166));
#1156 = ORIENTED_EDGE('',*,*,#1029,.F.);
#1157 = ORIENTED_EDGE('',*,*,#1118,.T.);
#1158 = ORIENTED_EDGE('',*,*,#1159,.T.);
#1159 = EDGE_CURVE('',#1110,#1160,#1162,.T.);
#1160 = VERTEX_POINT('',#1161);
#1161 = CARTESIAN_POINT('',(-0.5,0.37,0.8));
#1162 = LINE('',#1163,#1164);
#1163 = CARTESIAN_POINT('',(-0.5,-0.4,0.8));
#1164 = VECTOR('',#1165,1.);
#1165 = DIRECTION('',(0.,1.,0.));
#1166 = ORIENTED_EDGE('',*,*,#1167,.F.);
#1167 = EDGE_CURVE('',#1021,#1160,#1168,.T.);
#1168 = LINE('',#1169,#1170);
#1169 = CARTESIAN_POINT('',(-0.8,0.37,0.8));
#1170 = VECTOR('',#1171,1.);
#1171 = DIRECTION('',(1.,0.,0.));
#1172 = PLANE('',#1173);
#1173 = AXIS2_PLACEMENT_3D('',#1174,#1175,#1176);
#1174 = CARTESIAN_POINT('',(-0.8,-0.4,0.8));
#1175 = DIRECTION('',(0.,0.,1.));
#1176 = DIRECTION('',(1.,0.,-0.));
#1177 = ADVANCED_FACE('',(#1178),#1197,.T.);
#1178 = FACE_BOUND('',#1179,.T.);
#1179 = EDGE_LOOP('',(#1180,#1188,#1195,#1196));
#1180 = ORIENTED_EDGE('',*,*,#1181,.T.);
#1181 = EDGE_CURVE('',#1004,#1182,#1184,.T.);
#1182 = VERTEX_POINT('',#1183);
#1183 = CARTESIAN_POINT('',(-0.5,0.4,3.E-02));
#1184 = LINE('',#1185,#1186);
#1185 = CARTESIAN_POINT('',(-0.8,0.4,3.E-02));
#1186 = VECTOR('',#1187,1.);
#1187 = DIRECTION('',(1.,0.,0.));
#1188 = ORIENTED_EDGE('',*,*,#1189,.T.);
#1189 = EDGE_CURVE('',#1182,#1136,#1190,.T.);
#1190 = CIRCLE('',#1191,3.E-02);
#1191 = AXIS2_PLACEMENT_3D('',#1192,#1193,#1194);
#1192 = CARTESIAN_POINT('',(-0.5,0.37,3.E-02));
#1193 = DIRECTION('',(-1.,0.,0.));
#1194 = DIRECTION('',(0.,0.,1.));
#1195 = ORIENTED_EDGE('',*,*,#1143,.F.);
#1196 = ORIENTED_EDGE('',*,*,#1003,.F.);
#1197 = CYLINDRICAL_SURFACE('',#1198,3.E-02);
#1198 = AXIS2_PLACEMENT_3D('',#1199,#1200,#1201);
#1199 = CARTESIAN_POINT('',(-0.8,0.37,3.E-02));
#1200 = DIRECTION('',(1.,0.,0.));
#1201 = DIRECTION('',(-0.,1.,0.));
#1202 = ADVANCED_FACE('',(#1203),#1222,.T.);
#1203 = FACE_BOUND('',#1204,.T.);
#1204 = EDGE_LOOP('',(#1205,#1206,#1207,#1216));
#1205 = ORIENTED_EDGE('',*,*,#1020,.T.);
#1206 = ORIENTED_EDGE('',*,*,#1167,.T.);
#1207 = ORIENTED_EDGE('',*,*,#1208,.F.);
#1208 = EDGE_CURVE('',#1209,#1160,#1211,.T.);
#1209 = VERTEX_POINT('',#1210);
#1210 = CARTESIAN_POINT('',(-0.5,0.4,0.77));
#1211 = CIRCLE('',#1212,3.E-02);
#1212 = AXIS2_PLACEMENT_3D('',#1213,#1214,#1215);
#1213 = CARTESIAN_POINT('',(-0.5,0.37,0.77));
#1214 = DIRECTION('',(1.,0.,-0.));
#1215 = DIRECTION('',(0.,0.,1.));
#1216 = ORIENTED_EDGE('',*,*,#1217,.F.);
#1217 = EDGE_CURVE('',#1013,#1209,#1218,.T.);
#1218 = LINE('',#1219,#1220);
#1219 = CARTESIAN_POINT('',(-0.8,0.4,0.77));
#1220 = VECTOR('',#1221,1.);
#1221 = DIRECTION('',(1.,0.,0.));
#1222 = CYLINDRICAL_SURFACE('',#1223,3.E-02);
#1223 = AXIS2_PLACEMENT_3D('',#1224,#1225,#1226);
#1224 = CARTESIAN_POINT('',(-0.8,0.37,0.77));
#1225 = DIRECTION('',(1.,0.,0.));
#1226 = DIRECTION('',(-0.,1.,0.));
#1227 = ADVANCED_FACE('',(#1228),#1239,.T.);
#1228 = FACE_BOUND('',#1229,.T.);
#1229 = EDGE_LOOP('',(#1230,#1236,#1237,#1238));
#1230 = ORIENTED_EDGE('',*,*,#1231,.F.);
#1231 = EDGE_CURVE('',#1182,#1209,#1232,.T.);
#1232 = LINE('',#1233,#1234);
#1233 = CARTESIAN_POINT('',(-0.5,0.4,0.));
#1234 = VECTOR('',#1235,1.);
#1235 = DIRECTION('',(0.,0.,1.));
#1236 = ORIENTED_EDGE('',*,*,#1181,.F.);
#1237 = ORIENTED_EDGE('',*,*,#1012,.T.);
#1238 = ORIENTED_EDGE('',*,*,#1217,.T.);
#1239 = PLANE('',#1240);
#1240 = AXIS2_PLACEMENT_3D('',#1241,#1242,#1243);
#1241 = CARTESIAN_POINT('',(-0.8,0.4,0.));
#1242 = DIRECTION('',(0.,1.,0.));
#1243 = DIRECTION('',(0.,-0.,1.));
#1244 = ADVANCED_FACE('',(#1245,#1255),#1325,.T.);
#1245 = FACE_BOUND('',#1246,.T.);
#1246 = EDGE_LOOP('',(#1247,#1248,#1249,#1250,#1251,#1252,#1253,#1254));
#1247 = ORIENTED_EDGE('',*,*,#1052,.F.);
#1248 = ORIENTED_EDGE('',*,*,#1092,.T.);
#1249 = ORIENTED_EDGE('',*,*,#1135,.T.);
#1250 = ORIENTED_EDGE('',*,*,#1189,.F.);
#1251 = ORIENTED_EDGE('',*,*,#1231,.T.);
#1252 = ORIENTED_EDGE('',*,*,#1208,.T.);
#1253 = ORIENTED_EDGE('',*,*,#1159,.F.);
#1254 = ORIENTED_EDGE('',*,*,#1109,.F.);
#1255 = FACE_BOUND('',#1256,.T.);
#1256 = EDGE_LOOP('',(#1257,#1268,#1276,#1285,#1293,#1302,#1310,#1319));
#1257 = ORIENTED_EDGE('',*,*,#1258,.F.);
#1258 = EDGE_CURVE('',#1259,#1261,#1263,.T.);
#1259 = VERTEX_POINT('',#1260);
#1260 = CARTESIAN_POINT('',(-0.5,-0.37,6.E-02));
#1261 = VERTEX_POINT('',#1262);
#1262 = CARTESIAN_POINT('',(-0.5,-0.34,3.E-02));
#1263 = CIRCLE('',#1264,3.E-02);
#1264 = AXIS2_PLACEMENT_3D('',#1265,#1266,#1267);
#1265 = CARTESIAN_POINT('',(-0.5,-0.34,6.E-02));
#1266 = DIRECTION('',(1.,0.,-0.));
#1267 = DIRECTION('',(0.,0.,1.));
#1268 = ORIENTED_EDGE('',*,*,#1269,.T.);
#1269 = EDGE_CURVE('',#1259,#1270,#1272,.T.);
#1270 = VERTEX_POINT('',#1271);
#1271 = CARTESIAN_POINT('',(-0.5,-0.37,0.74));
#1272 = LINE('',#1273,#1274);
#1273 = CARTESIAN_POINT('',(-0.5,-0.37,3.E-02));
#1274 = VECTOR('',#1275,1.);
#1275 = DIRECTION('',(0.,0.,1.));
#1276 = ORIENTED_EDGE('',*,*,#1277,.T.);
#1277 = EDGE_CURVE('',#1270,#1278,#1280,.T.);
#1278 = VERTEX_POINT('',#1279);
#1279 = CARTESIAN_POINT('',(-0.5,-0.34,0.77));
#1280 = CIRCLE('',#1281,3.E-02);
#1281 = AXIS2_PLACEMENT_3D('',#1282,#1283,#1284);
#1282 = CARTESIAN_POINT('',(-0.5,-0.34,0.74));
#1283 = DIRECTION('',(-1.,0.,0.));
#1284 = DIRECTION('',(0.,0.,1.));
#1285 = ORIENTED_EDGE('',*,*,#1286,.T.);
#1286 = EDGE_CURVE('',#1278,#1287,#1289,.T.);
#1287 = VERTEX_POINT('',#1288);
#1288 = CARTESIAN_POINT('',(-0.5,0.34,0.77));
#1289 = LINE('',#1290,#1291);
#1290 = CARTESIAN_POINT('',(-0.5,-0.37,0.77));
#1291 = VECTOR('',#1292,1.);
#1292 = DIRECTION('',(0.,1.,0.));
#1293 = ORIENTED_EDGE('',*,*,#1294,.F.);
#1294 = EDGE_CURVE('',#1295,#1287,#1297,.T.);
#1295 = VERTEX_POINT('',#1296);
#1296 = CARTESIAN_POINT('',(-0.5,0.37,0.74));
#1297 = CIRCLE('',#1298,3.E-02);
#1298 = AXIS2_PLACEMENT_3D('',#1299,#1300,#1301);
#1299 = CARTESIAN_POINT('',(-0.5,0.34,0.74));
#1300 = DIRECTION('',(1.,0.,-0.));
#1301 = DIRECTION('',(0.,0.,1.));
#1302 = ORIENTED_EDGE('',*,*,#1303,.F.);
#1303 = EDGE_CURVE('',#1304,#1295,#1306,.T.);
#1304 = VERTEX_POINT('',#1305);
#1305 = CARTESIAN_POINT('',(-0.5,0.37,6.E-02));
#1306 = LINE('',#1307,#1308);
#1307 = CARTESIAN_POINT('',(-0.5,0.37,3.E-02));
#1308 = VECTOR('',#1309,1.);
#1309 = DIRECTION('',(0.,0.,1.));
#1310 = ORIENTED_EDGE('',*,*,#1311,.T.);
#1311 = EDGE_CURVE('',#1304,#1312,#1314,.T.);
#1312 = VERTEX_POINT('',#1313);
#1313 = CARTESIAN_POINT('',(-0.5,0.34,3.E-02));
#1314 = CIRCLE('',#1315,3.E-02);
#1315 = AXIS2_PLACEMENT_3D('',#1316,#1317,#1318);
#1316 = CARTESIAN_POINT('',(-0.5,0.34,6.E-02));
#1317 = DIRECTION('',(-1.,0.,0.));
#1318 = DIRECTION('',(0.,0.,1.));
#1319 = ORIENTED_EDGE('',*,*,#1320,.F.);
#1320 = EDGE_CURVE('',#1261,#1312,#1321,.T.);
#1321 = LINE('',#1322,#1323);
#1322 = CARTESIAN_POINT('',(-0.5,-0.37,3.E-02));
#1323 = VECTOR('',#1324,1.);
#1324 = DIRECTION('',(0.,1.,0.));
#1325 = PLANE('',#1326);
#1326 = AXIS2_PLACEMENT_3D('',#1327,#1328,#1329);
#1327 = CARTESIAN_POINT('',(-0.5,-0.4,0.));
#1328 = DIRECTION('',(1.,0.,0.));
#1329 = DIRECTION('',(0.,0.,1.));
#1330 = ADVANCED_FACE('',(#1331),#1357,.T.);
#1331 = FACE_BOUND('',#1332,.T.);
#1332 = EDGE_LOOP('',(#1333,#1334,#1342,#1351));
#1333 = ORIENTED_EDGE('',*,*,#1258,.T.);
#1334 = ORIENTED_EDGE('',*,*,#1335,.T.);
#1335 = EDGE_CURVE('',#1261,#1336,#1338,.T.);
#1336 = VERTEX_POINT('',#1337);
#1337 = CARTESIAN_POINT('',(0.5,-0.34,3.E-02));
#1338 = LINE('',#1339,#1340);
#1339 = CARTESIAN_POINT('',(-0.5,-0.34,3.E-02));
#1340 = VECTOR('',#1341,1.);
#1341 = DIRECTION('',(1.,0.,0.));
#1342 = ORIENTED_EDGE('',*,*,#1343,.F.);
#1343 = EDGE_CURVE('',#1344,#1336,#1346,.T.);
#1344 = VERTEX_POINT('',#1345);
#1345 = CARTESIAN_POINT('',(0.5,-0.37,6.E-02));
#1346 = CIRCLE('',#1347,3.E-02);
#1347 = AXIS2_PLACEMENT_3D('',#1348,#1349,#1350);
#1348 = CARTESIAN_POINT('',(0.5,-0.34,6.E-02));
#1349 = DIRECTION('',(1.,0.,-0.));
#1350 = DIRECTION('',(0.,0.,1.));
#1351 = ORIENTED_EDGE('',*,*,#1352,.F.);
#1352 = EDGE_CURVE('',#1259,#1344,#1353,.T.);
#1353 = LINE('',#1354,#1355);
#1354 = CARTESIAN_POINT('',(-0.5,-0.37,6.E-02));
#1355 = VECTOR('',#1356,1.);
#1356 = DIRECTION('',(1.,0.,0.));
#1357 = CYLINDRICAL_SURFACE('',#1358,3.E-02);
#1358 = AXIS2_PLACEMENT_3D('',#1359,#1360,#1361);
#1359 = CARTESIAN_POINT('',(-0.5,-0.34,6.E-02));
#1360 = DIRECTION('',(1.,0.,0.));
#1361 = DIRECTION('',(0.,-1.,0.));
#1362 = ADVANCED_FACE('',(#1363),#1381,.F.);
#1363 = FACE_BOUND('',#1364,.F.);
#1364 = EDGE_LOOP('',(#1365,#1366,#1367,#1375));
#1365 = ORIENTED_EDGE('',*,*,#1320,.F.);
#1366 = ORIENTED_EDGE('',*,*,#1335,.T.);
#1367 = ORIENTED_EDGE('',*,*,#1368,.T.);
#1368 = EDGE_CURVE('',#1336,#1369,#1371,.T.);
#1369 = VERTEX_POINT('',#1370);
#1370 = CARTESIAN_POINT('',(0.5,0.34,3.E-02));
#1371 = LINE('',#1372,#1373);
#1372 = CARTESIAN_POINT('',(0.5,-0.37,3.E-02));
#1373 = VECTOR('',#1374,1.);
#1374 = DIRECTION('',(0.,1.,0.));
#1375 = ORIENTED_EDGE('',*,*,#1376,.F.);
#1376 = EDGE_CURVE('',#1312,#1369,#1377,.T.);
#1377 = LINE('',#1378,#1379);
#1378 = CARTESIAN_POINT('',(-0.5,0.34,3.E-02));
#1379 = VECTOR('',#1380,1.);
#1380 = DIRECTION('',(1.,0.,0.));
#1381 = PLANE('',#1382);
#1382 = AXIS2_PLACEMENT_3D('',#1383,#1384,#1385);
#1383 = CARTESIAN_POINT('',(-0.5,-0.37,3.E-02));
#1384 = DIRECTION('',(0.,0.,1.));
#1385 = DIRECTION('',(1.,0.,-0.));
#1386 = ADVANCED_FACE('',(#1387),#1406,.T.);
#1387 = FACE_BOUND('',#1388,.T.);
#1388 = EDGE_LOOP('',(#1389,#1397,#1404,#1405));
#1389 = ORIENTED_EDGE('',*,*,#1390,.T.);
#1390 = EDGE_CURVE('',#1304,#1391,#1393,.T.);
#1391 = VERTEX_POINT('',#1392);
#1392 = CARTESIAN_POINT('',(0.5,0.37,6.E-02));
#1393 = LINE('',#1394,#1395);
#1394 = CARTESIAN_POINT('',(-0.5,0.37,6.E-02));
#1395 = VECTOR('',#1396,1.);
#1396 = DIRECTION('',(1.,0.,0.));
#1397 = ORIENTED_EDGE('',*,*,#1398,.T.);
#1398 = EDGE_CURVE('',#1391,#1369,#1399,.T.);
#1399 = CIRCLE('',#1400,3.E-02);
#1400 = AXIS2_PLACEMENT_3D('',#1401,#1402,#1403);
#1401 = CARTESIAN_POINT('',(0.5,0.34,6.E-02));
#1402 = DIRECTION('',(-1.,0.,0.));
#1403 = DIRECTION('',(0.,0.,1.));
#1404 = ORIENTED_EDGE('',*,*,#1376,.F.);
#1405 = ORIENTED_EDGE('',*,*,#1311,.F.);
#1406 = CYLINDRICAL_SURFACE('',#1407,3.E-02);
#1407 = AXIS2_PLACEMENT_3D('',#1408,#1409,#1410);
#1408 = CARTESIAN_POINT('',(-0.5,0.34,6.E-02));
#1409 = DIRECTION('',(1.,0.,0.));
#1410 = DIRECTION('',(-0.,1.,0.));
#1411 = ADVANCED_FACE('',(#1412),#1430,.T.);
#1412 = FACE_BOUND('',#1413,.T.);
#1413 = EDGE_LOOP('',(#1414,#1422,#1423,#1424));
#1414 = ORIENTED_EDGE('',*,*,#1415,.F.);
#1415 = EDGE_CURVE('',#1391,#1416,#1418,.T.);
#1416 = VERTEX_POINT('',#1417);
#1417 = CARTESIAN_POINT('',(0.5,0.37,0.74));
#1418 = LINE('',#1419,#1420);
#1419 = CARTESIAN_POINT('',(0.5,0.37,3.E-02));
#1420 = VECTOR('',#1421,1.);
#1421 = DIRECTION('',(0.,0.,1.));
#1422 = ORIENTED_EDGE('',*,*,#1390,.F.);
#1423 = ORIENTED_EDGE('',*,*,#1303,.T.);
#1424 = ORIENTED_EDGE('',*,*,#1425,.T.);
#1425 = EDGE_CURVE('',#1295,#1416,#1426,.T.);
#1426 = LINE('',#1427,#1428);
#1427 = CARTESIAN_POINT('',(-0.5,0.37,0.74));
#1428 = VECTOR('',#1429,1.);
#1429 = DIRECTION('',(1.,0.,0.));
#1430 = PLANE('',#1431);
#1431 = AXIS2_PLACEMENT_3D('',#1432,#1433,#1434);
#1432 = CARTESIAN_POINT('',(-0.5,0.37,3.E-02));
#1433 = DIRECTION('',(0.,1.,0.));
#1434 = DIRECTION('',(0.,-0.,1.));
#1435 = ADVANCED_FACE('',(#1436),#1455,.T.);
#1436 = FACE_BOUND('',#1437,.T.);
#1437 = EDGE_LOOP('',(#1438,#1439,#1447,#1454));
#1438 = ORIENTED_EDGE('',*,*,#1294,.T.);
#1439 = ORIENTED_EDGE('',*,*,#1440,.T.);
#1440 = EDGE_CURVE('',#1287,#1441,#1443,.T.);
#1441 = VERTEX_POINT('',#1442);
#1442 = CARTESIAN_POINT('',(0.5,0.34,0.77));
#1443 = LINE('',#1444,#1445);
#1444 = CARTESIAN_POINT('',(-0.5,0.34,0.77));
#1445 = VECTOR('',#1446,1.);
#1446 = DIRECTION('',(1.,0.,0.));
#1447 = ORIENTED_EDGE('',*,*,#1448,.F.);
#1448 = EDGE_CURVE('',#1416,#1441,#1449,.T.);
#1449 = CIRCLE('',#1450,3.E-02);
#1450 = AXIS2_PLACEMENT_3D('',#1451,#1452,#1453);
#1451 = CARTESIAN_POINT('',(0.5,0.34,0.74));
#1452 = DIRECTION('',(1.,0.,-0.));
#1453 = DIRECTION('',(0.,0.,1.));
#1454 = ORIENTED_EDGE('',*,*,#1425,.F.);
#1455 = CYLINDRICAL_SURFACE('',#1456,3.E-02);
#1456 = AXIS2_PLACEMENT_3D('',#1457,#1458,#1459);
#1457 = CARTESIAN_POINT('',(-0.5,0.34,0.74));
#1458 = DIRECTION('',(1.,0.,0.));
#1459 = DIRECTION('',(-0.,1.,0.));
#1460 = ADVANCED_FACE('',(#1461),#1479,.T.);
#1461 = FACE_BOUND('',#1462,.T.);
#1462 = EDGE_LOOP('',(#1463,#1464,#1472,#1478));
#1463 = ORIENTED_EDGE('',*,*,#1286,.F.);
#1464 = ORIENTED_EDGE('',*,*,#1465,.T.);
#1465 = EDGE_CURVE('',#1278,#1466,#1468,.T.);
#1466 = VERTEX_POINT('',#1467);
#1467 = CARTESIAN_POINT('',(0.5,-0.34,0.77));
#1468 = LINE('',#1469,#1470);
#1469 = CARTESIAN_POINT('',(-0.5,-0.34,0.77));
#1470 = VECTOR('',#1471,1.);
#1471 = DIRECTION('',(1.,0.,0.));
#1472 = ORIENTED_EDGE('',*,*,#1473,.T.);
#1473 = EDGE_CURVE('',#1466,#1441,#1474,.T.);
#1474 = LINE('',#1475,#1476);
#1475 = CARTESIAN_POINT('',(0.5,-0.37,0.77));
#1476 = VECTOR('',#1477,1.);
#1477 = DIRECTION('',(0.,1.,0.));
#1478 = ORIENTED_EDGE('',*,*,#1440,.F.);
#1479 = PLANE('',#1480);
#1480 = AXIS2_PLACEMENT_3D('',#1481,#1482,#1483);
#1481 = CARTESIAN_POINT('',(-0.5,-0.37,0.77));
#1482 = DIRECTION('',(0.,0.,1.));
#1483 = DIRECTION('',(1.,0.,-0.));
#1484 = ADVANCED_FACE('',(#1485),#1504,.T.);
#1485 = FACE_BOUND('',#1486,.T.);
#1486 = EDGE_LOOP('',(#1487,#1495,#1502,#1503));
#1487 = ORIENTED_EDGE('',*,*,#1488,.T.);
#1488 = EDGE_CURVE('',#1270,#1489,#1491,.T.);
#1489 = VERTEX_POINT('',#1490);
#1490 = CARTESIAN_POINT('',(0.5,-0.37,0.74));
#1491 = LINE('',#1492,#1493);
#1492 = CARTESIAN_POINT('',(-0.5,-0.37,0.74));
#1493 = VECTOR('',#1494,1.);
#1494 = DIRECTION('',(1.,0.,0.));
#1495 = ORIENTED_EDGE('',*,*,#1496,.T.);
#1496 = EDGE_CURVE('',#1489,#1466,#1497,.T.);
#1497 = CIRCLE('',#1498,3.E-02);
#1498 = AXIS2_PLACEMENT_3D('',#1499,#1500,#1501);
#1499 = CARTESIAN_POINT('',(0.5,-0.34,0.74));
#1500 = DIRECTION('',(-1.,0.,0.));
#1501 = DIRECTION('',(0.,0.,1.));
#1502 = ORIENTED_EDGE('',*,*,#1465,.F.);
#1503 = ORIENTED_EDGE('',*,*,#1277,.F.);
#1504 = CYLINDRICAL_SURFACE('',#1505,3.E-02);
#1505 = AXIS2_PLACEMENT_3D('',#1506,#1507,#1508);
#1506 = CARTESIAN_POINT('',(-0.5,-0.34,0.74));
#1507 = DIRECTION('',(1.,0.,0.));
#1508 = DIRECTION('',(0.,-1.,0.));
#1509 = ADVANCED_FACE('',(#1510),#1521,.F.);
#1510 = FACE_BOUND('',#1511,.F.);
#1511 = EDGE_LOOP('',(#1512,#1518,#1519,#1520));
#1512 = ORIENTED_EDGE('',*,*,#1513,.F.);
#1513 = EDGE_CURVE('',#1344,#1489,#1514,.T.);
#1514 = LINE('',#1515,#1516);
#1515 = CARTESIAN_POINT('',(0.5,-0.37,3.E-02));
#1516 = VECTOR('',#1517,1.);
#1517 = DIRECTION('',(0.,0.,1.));
#1518 = ORIENTED_EDGE('',*,*,#1352,.F.);
#1519 = ORIENTED_EDGE('',*,*,#1269,.T.);
#1520 = ORIENTED_EDGE('',*,*,#1488,.T.);
#1521 = PLANE('',#1522);
#1522 = AXIS2_PLACEMENT_3D('',#1523,#1524,#1525);
#1523 = CARTESIAN_POINT('',(-0.5,-0.37,3.E-02));
#1524 = DIRECTION('',(0.,1.,0.));
#1525 = DIRECTION('',(0.,-0.,1.));
#1526 = ADVANCED_FACE('',(#1527,#1597),#1607,.F.);
#1527 = FACE_BOUND('',#1528,.F.);
#1528 = EDGE_LOOP('',(#1529,#1539,#1548,#1556,#1565,#1573,#1582,#1590));
#1529 = ORIENTED_EDGE('',*,*,#1530,.F.);
#1530 = EDGE_CURVE('',#1531,#1533,#1535,.T.);
#1531 = VERTEX_POINT('',#1532);
#1532 = CARTESIAN_POINT('',(0.5,-0.4,3.E-02));
#1533 = VERTEX_POINT('',#1534);
#1534 = CARTESIAN_POINT('',(0.5,-0.4,0.77));
#1535 = LINE('',#1536,#1537);
#1536 = CARTESIAN_POINT('',(0.5,-0.4,0.));
#1537 = VECTOR('',#1538,1.);
#1538 = DIRECTION('',(0.,0.,1.));
#1539 = ORIENTED_EDGE('',*,*,#1540,.T.);
#1540 = EDGE_CURVE('',#1531,#1541,#1543,.T.);
#1541 = VERTEX_POINT('',#1542);
#1542 = CARTESIAN_POINT('',(0.5,-0.37,0.));
#1543 = CIRCLE('',#1544,3.E-02);
#1544 = AXIS2_PLACEMENT_3D('',#1545,#1546,#1547);
#1545 = CARTESIAN_POINT('',(0.5,-0.37,3.E-02));
#1546 = DIRECTION('',(1.,0.,-0.));
#1547 = DIRECTION('',(0.,0.,1.));
#1548 = ORIENTED_EDGE('',*,*,#1549,.T.);
#1549 = EDGE_CURVE('',#1541,#1550,#1552,.T.);
#1550 = VERTEX_POINT('',#1551);
#1551 = CARTESIAN_POINT('',(0.5,0.37,0.));
#1552 = LINE('',#1553,#1554);
#1553 = CARTESIAN_POINT('',(0.5,-0.4,0.));
#1554 = VECTOR('',#1555,1.);
#1555 = DIRECTION('',(0.,1.,0.));
#1556 = ORIENTED_EDGE('',*,*,#1557,.F.);
#1557 = EDGE_CURVE('',#1558,#1550,#1560,.T.);
#1558 = VERTEX_POINT('',#1559);
#1559 = CARTESIAN_POINT('',(0.5,0.4,3.E-02));
#1560 = CIRCLE('',#1561,3.E-02);
#1561 = AXIS2_PLACEMENT_3D('',#1562,#1563,#1564);
#1562 = CARTESIAN_POINT('',(0.5,0.37,3.E-02));
#1563 = DIRECTION('',(-1.,0.,0.));
#1564 = DIRECTION('',(0.,0.,1.));
#1565 = ORIENTED_EDGE('',*,*,#1566,.T.);
#1566 = EDGE_CURVE('',#1558,#1567,#1569,.T.);
#1567 = VERTEX_POINT('',#1568);
#1568 = CARTESIAN_POINT('',(0.5,0.4,0.77));
#1569 = LINE('',#1570,#1571);
#1570 = CARTESIAN_POINT('',(0.5,0.4,0.));
#1571 = VECTOR('',#1572,1.);
#1572 = DIRECTION('',(0.,0.,1.));
#1573 = ORIENTED_EDGE('',*,*,#1574,.T.);
#1574 = EDGE_CURVE('',#1567,#1575,#1577,.T.);
#1575 = VERTEX_POINT('',#1576);
#1576 = CARTESIAN_POINT('',(0.5,0.37,0.8));
#1577 = CIRCLE('',#1578,3.E-02);
#1578 = AXIS2_PLACEMENT_3D('',#1579,#1580,#1581);
#1579 = CARTESIAN_POINT('',(0.5,0.37,0.77));
#1580 = DIRECTION('',(1.,0.,-0.));
#1581 = DIRECTION('',(0.,0.,1.));
#1582 = ORIENTED_EDGE('',*,*,#1583,.F.);
#1583 = EDGE_CURVE('',#1584,#1575,#1586,.T.);
#1584 = VERTEX_POINT('',#1585);
#1585 = CARTESIAN_POINT('',(0.5,-0.37,0.8));
#1586 = LINE('',#1587,#1588);
#1587 = CARTESIAN_POINT('',(0.5,-0.4,0.8));
#1588 = VECTOR('',#1589,1.);
#1589 = DIRECTION('',(0.,1.,0.));
#1590 = ORIENTED_EDGE('',*,*,#1591,.F.);
#1591 = EDGE_CURVE('',#1533,#1584,#1592,.T.);
#1592 = CIRCLE('',#1593,3.E-02);
#1593 = AXIS2_PLACEMENT_3D('',#1594,#1595,#1596);
#1594 = CARTESIAN_POINT('',(0.5,-0.37,0.77));
#1595 = DIRECTION('',(-1.,0.,0.));
#1596 = DIRECTION('',(0.,0.,1.));
#1597 = FACE_BOUND('',#1598,.F.);
#1598 = EDGE_LOOP('',(#1599,#1600,#1601,#1602,#1603,#1604,#1605,#1606));
#1599 = ORIENTED_EDGE('',*,*,#1343,.F.);
#1600 = ORIENTED_EDGE('',*,*,#1513,.T.);
#1601 = ORIENTED_EDGE('',*,*,#1496,.T.);
#1602 = ORIENTED_EDGE('',*,*,#1473,.T.);
#1603 = ORIENTED_EDGE('',*,*,#1448,.F.);
#1604 = ORIENTED_EDGE('',*,*,#1415,.F.);
#1605 = ORIENTED_EDGE('',*,*,#1398,.T.);
#1606 = ORIENTED_EDGE('',*,*,#1368,.F.);
#1607 = PLANE('',#1608);
#1608 = AXIS2_PLACEMENT_3D('',#1609,#1610,#1611);
#1609 = CARTESIAN_POINT('',(0.5,-0.4,0.));
#1610 = DIRECTION('',(1.,0.,0.));
#1611 = DIRECTION('',(0.,0.,1.));
#1612 = ADVANCED_FACE('',(#1613),#1638,.F.);
#1613 = FACE_BOUND('',#1614,.F.);
#1614 = EDGE_LOOP('',(#1615,#1625,#1631,#1632));
#1615 = ORIENTED_EDGE('',*,*,#1616,.F.);
#1616 = EDGE_CURVE('',#1617,#1619,#1621,.T.);
#1617 = VERTEX_POINT('',#1618);
#1618 = CARTESIAN_POINT('',(0.8,-0.4,3.E-02));
#1619 = VERTEX_POINT('',#1620);
#1620 = CARTESIAN_POINT('',(0.8,-0.4,0.77));
#1621 = LINE('',#1622,#1623);
#1622 = CARTESIAN_POINT('',(0.8,-0.4,0.));
#1623 = VECTOR('',#1624,1.);
#1624 = DIRECTION('',(0.,0.,1.));
#1625 = ORIENTED_EDGE('',*,*,#1626,.F.);
#1626 = EDGE_CURVE('',#1531,#1617,#1627,.T.);
#1627 = LINE('',#1628,#1629);
#1628 = CARTESIAN_POINT('',(0.5,-0.4,3.E-02));
#1629 = VECTOR('',#1630,1.);
#1630 = DIRECTION('',(1.,0.,0.));
#1631 = ORIENTED_EDGE('',*,*,#1530,.T.);
#1632 = ORIENTED_EDGE('',*,*,#1633,.T.);
#1633 = EDGE_CURVE('',#1533,#1619,#1634,.T.);
#1634 = LINE('',#1635,#1636);
#1635 = CARTESIAN_POINT('',(0.5,-0.4,0.77));
#1636 = VECTOR('',#1637,1.);
#1637 = DIRECTION('',(1.,0.,0.));
#1638 = PLANE('',#1639);
#1639 = AXIS2_PLACEMENT_3D('',#1640,#1641,#1642);
#1640 = CARTESIAN_POINT('',(0.5,-0.4,0.));
#1641 = DIRECTION('',(0.,1.,0.));
#1642 = DIRECTION('',(0.,-0.,1.));
#1643 = ADVANCED_FACE('',(#1644),#1663,.T.);
#1644 = FACE_BOUND('',#1645,.T.);
#1645 = EDGE_LOOP('',(#1646,#1647,#1655,#1662));
#1646 = ORIENTED_EDGE('',*,*,#1540,.T.);
#1647 = ORIENTED_EDGE('',*,*,#1648,.T.);
#1648 = EDGE_CURVE('',#1541,#1649,#1651,.T.);
#1649 = VERTEX_POINT('',#1650);
#1650 = CARTESIAN_POINT('',(0.8,-0.37,0.));
#1651 = LINE('',#1652,#1653);
#1652 = CARTESIAN_POINT('',(0.5,-0.37,0.));
#1653 = VECTOR('',#1654,1.);
#1654 = DIRECTION('',(1.,0.,0.));
#1655 = ORIENTED_EDGE('',*,*,#1656,.F.);
#1656 = EDGE_CURVE('',#1617,#1649,#1657,.T.);
#1657 = CIRCLE('',#1658,3.E-02);
#1658 = AXIS2_PLACEMENT_3D('',#1659,#1660,#1661);
#1659 = CARTESIAN_POINT('',(0.8,-0.37,3.E-02));
#1660 = DIRECTION('',(1.,0.,-0.));
#1661 = DIRECTION('',(0.,0.,1.));
#1662 = ORIENTED_EDGE('',*,*,#1626,.F.);
#1663 = CYLINDRICAL_SURFACE('',#1664,3.E-02);
#1664 = AXIS2_PLACEMENT_3D('',#1665,#1666,#1667);
#1665 = CARTESIAN_POINT('',(0.5,-0.37,3.E-02));
#1666 = DIRECTION('',(1.,0.,0.));
#1667 = DIRECTION('',(0.,-1.,0.));
#1668 = ADVANCED_FACE('',(#1669),#1688,.T.);
#1669 = FACE_BOUND('',#1670,.T.);
#1670 = EDGE_LOOP('',(#1671,#1672,#1681,#1687));
#1671 = ORIENTED_EDGE('',*,*,#1633,.T.);
#1672 = ORIENTED_EDGE('',*,*,#1673,.T.);
#1673 = EDGE_CURVE('',#1619,#1674,#1676,.T.);
#1674 = VERTEX_POINT('',#1675);
#1675 = CARTESIAN_POINT('',(0.8,-0.37,0.8));
#1676 = CIRCLE('',#1677,3.E-02);
#1677 = AXIS2_PLACEMENT_3D('',#1678,#1679,#1680);
#1678 = CARTESIAN_POINT('',(0.8,-0.37,0.77));
#1679 = DIRECTION('',(-1.,0.,0.));
#1680 = DIRECTION('',(0.,0.,1.));
#1681 = ORIENTED_EDGE('',*,*,#1682,.F.);
#1682 = EDGE_CURVE('',#1584,#1674,#1683,.T.);
#1683 = LINE('',#1684,#1685);
#1684 = CARTESIAN_POINT('',(0.5,-0.37,0.8));
#1685 = VECTOR('',#1686,1.);
#1686 = DIRECTION('',(1.,0.,0.));
#1687 = ORIENTED_EDGE('',*,*,#1591,.F.);
#1688 = CYLINDRICAL_SURFACE('',#1689,3.E-02);
#1689 = AXIS2_PLACEMENT_3D('',#1690,#1691,#1692);
#1690 = CARTESIAN_POINT('',(0.5,-0.37,0.77));
#1691 = DIRECTION('',(1.,0.,0.));
#1692 = DIRECTION('',(0.,-1.,0.));
#1693 = ADVANCED_FACE('',(#1694),#1712,.F.);
#1694 = FACE_BOUND('',#1695,.F.);
#1695 = EDGE_LOOP('',(#1696,#1697,#1698,#1706));
#1696 = ORIENTED_EDGE('',*,*,#1549,.F.);
#1697 = ORIENTED_EDGE('',*,*,#1648,.T.);
#1698 = ORIENTED_EDGE('',*,*,#1699,.T.);
#1699 = EDGE_CURVE('',#1649,#1700,#1702,.T.);
#1700 = VERTEX_POINT('',#1701);
#1701 = CARTESIAN_POINT('',(0.8,0.37,0.));
#1702 = LINE('',#1703,#1704);
#1703 = CARTESIAN_POINT('',(0.8,-0.4,0.));
#1704 = VECTOR('',#1705,1.);
#1705 = DIRECTION('',(0.,1.,0.));
#1706 = ORIENTED_EDGE('',*,*,#1707,.F.);
#1707 = EDGE_CURVE('',#1550,#1700,#1708,.T.);
#1708 = LINE('',#1709,#1710);
#1709 = CARTESIAN_POINT('',(0.5,0.37,0.));
#1710 = VECTOR('',#1711,1.);
#1711 = DIRECTION('',(1.,0.,0.));
#1712 = PLANE('',#1713);
#1713 = AXIS2_PLACEMENT_3D('',#1714,#1715,#1716);
#1714 = CARTESIAN_POINT('',(0.5,-0.4,0.));
#1715 = DIRECTION('',(0.,0.,1.));
#1716 = DIRECTION('',(1.,0.,-0.));
#1717 = ADVANCED_FACE('',(#1718),#1736,.T.);
#1718 = FACE_BOUND('',#1719,.T.);
#1719 = EDGE_LOOP('',(#1720,#1721,#1722,#1730));
#1720 = ORIENTED_EDGE('',*,*,#1583,.F.);
#1721 = ORIENTED_EDGE('',*,*,#1682,.T.);
#1722 = ORIENTED_EDGE('',*,*,#1723,.T.);
#1723 = EDGE_CURVE('',#1674,#1724,#1726,.T.);
#1724 = VERTEX_POINT('',#1725);
#1725 = CARTESIAN_POINT('',(0.8,0.37,0.8));
#1726 = LINE('',#1727,#1728);
#1727 = CARTESIAN_POINT('',(0.8,-0.4,0.8));
#1728 = VECTOR('',#1729,1.);
#1729 = DIRECTION('',(0.,1.,0.));
#1730 = ORIENTED_EDGE('',*,*,#1731,.F.);
#1731 = EDGE_CURVE('',#1575,#1724,#1732,.T.);
#1732 = LINE('',#1733,#1734);
#1733 = CARTESIAN_POINT('',(0.5,0.37,0.8));
#1734 = VECTOR('',#1735,1.);
#1735 = DIRECTION('',(1.,0.,0.));
#1736 = PLANE('',#1737);
#1737 = AXIS2_PLACEMENT_3D('',#1738,#1739,#1740);
#1738 = CARTESIAN_POINT('',(0.5,-0.4,0.8));
#1739 = DIRECTION('',(0.,0.,1.));
#1740 = DIRECTION('',(1.,0.,-0.));
#1741 = ADVANCED_FACE('',(#1742),#1761,.T.);
#1742 = FACE_BOUND('',#1743,.T.);
#1743 = EDGE_LOOP('',(#1744,#1752,#1759,#1760));
#1744 = ORIENTED_EDGE('',*,*,#1745,.T.);
#1745 = EDGE_CURVE('',#1558,#1746,#1748,.T.);
#1746 = VERTEX_POINT('',#1747);
#1747 = CARTESIAN_POINT('',(0.8,0.4,3.E-02));
#1748 = LINE('',#1749,#1750);
#1749 = CARTESIAN_POINT('',(0.5,0.4,3.E-02));
#1750 = VECTOR('',#1751,1.);
#1751 = DIRECTION('',(1.,0.,0.));
#1752 = ORIENTED_EDGE('',*,*,#1753,.T.);
#1753 = EDGE_CURVE('',#1746,#1700,#1754,.T.);
#1754 = CIRCLE('',#1755,3.E-02);
#1755 = AXIS2_PLACEMENT_3D('',#1756,#1757,#1758);
#1756 = CARTESIAN_POINT('',(0.8,0.37,3.E-02));
#1757 = DIRECTION('',(-1.,0.,0.));
#1758 = DIRECTION('',(0.,0.,1.));
#1759 = ORIENTED_EDGE('',*,*,#1707,.F.);
#1760 = ORIENTED_EDGE('',*,*,#1557,.F.);
#1761 = CYLINDRICAL_SURFACE('',#1762,3.E-02);
#1762 = AXIS2_PLACEMENT_3D('',#1763,#1764,#1765);
#1763 = CARTESIAN_POINT('',(0.5,0.37,3.E-02));
#1764 = DIRECTION('',(1.,0.,0.));
#1765 = DIRECTION('',(-0.,1.,0.));
#1766 = ADVANCED_FACE('',(#1767),#1786,.T.);
#1767 = FACE_BOUND('',#1768,.T.);
#1768 = EDGE_LOOP('',(#1769,#1770,#1771,#1780));
#1769 = ORIENTED_EDGE('',*,*,#1574,.T.);
#1770 = ORIENTED_EDGE('',*,*,#1731,.T.);
#1771 = ORIENTED_EDGE('',*,*,#1772,.F.);
#1772 = EDGE_CURVE('',#1773,#1724,#1775,.T.);
#1773 = VERTEX_POINT('',#1774);
#1774 = CARTESIAN_POINT('',(0.8,0.4,0.77));
#1775 = CIRCLE('',#1776,3.E-02);
#1776 = AXIS2_PLACEMENT_3D('',#1777,#1778,#1779);
#1777 = CARTESIAN_POINT('',(0.8,0.37,0.77));
#1778 = DIRECTION('',(1.,0.,-0.));
#1779 = DIRECTION('',(0.,0.,1.));
#1780 = ORIENTED_EDGE('',*,*,#1781,.F.);
#1781 = EDGE_CURVE('',#1567,#1773,#1782,.T.);
#1782 = LINE('',#1783,#1784);
#1783 = CARTESIAN_POINT('',(0.5,0.4,0.77));
#1784 = VECTOR('',#1785,1.);
#1785 = DIRECTION('',(1.,0.,0.));
#1786 = CYLINDRICAL_SURFACE('',#1787,3.E-02);
#1787 = AXIS2_PLACEMENT_3D('',#1788,#1789,#1790);
#1788 = CARTESIAN_POINT('',(0.5,0.37,0.77));
#1789 = DIRECTION('',(1.,0.,0.));
#1790 = DIRECTION('',(-0.,1.,0.));
#1791 = ADVANCED_FACE('',(#1792),#1803,.T.);
#1792 = FACE_BOUND('',#1793,.T.);
#1793 = EDGE_LOOP('',(#1794,#1800,#1801,#1802));
#1794 = ORIENTED_EDGE('',*,*,#1795,.F.);
#1795 = EDGE_CURVE('',#1746,#1773,#1796,.T.);
#1796 = LINE('',#1797,#1798);
#1797 = CARTESIAN_POINT('',(0.8,0.4,0.));
#1798 = VECTOR('',#1799,1.);
#1799 = DIRECTION('',(0.,0.,1.));
#1800 = ORIENTED_EDGE('',*,*,#1745,.F.);
#1801 = ORIENTED_EDGE('',*,*,#1566,.T.);
#1802 = ORIENTED_EDGE('',*,*,#1781,.T.);
#1803 = PLANE('',#1804);
#1804 = AXIS2_PLACEMENT_3D('',#1805,#1806,#1807);
#1805 = CARTESIAN_POINT('',(0.5,0.4,0.));
#1806 = DIRECTION('',(0.,1.,0.));
#1807 = DIRECTION('',(0.,-0.,1.));
#1808 = ADVANCED_FACE('',(#1809),#1819,.T.);
#1809 = FACE_BOUND('',#1810,.T.);
#1810 = EDGE_LOOP('',(#1811,#1812,#1813,#1814,#1815,#1816,#1817,#1818));
#1811 = ORIENTED_EDGE('',*,*,#1616,.F.);
#1812 = ORIENTED_EDGE('',*,*,#1656,.T.);
#1813 = ORIENTED_EDGE('',*,*,#1699,.T.);
#1814 = ORIENTED_EDGE('',*,*,#1753,.F.);
#1815 = ORIENTED_EDGE('',*,*,#1795,.T.);
#1816 = ORIENTED_EDGE('',*,*,#1772,.T.);
#1817 = ORIENTED_EDGE('',*,*,#1723,.F.);
#1818 = ORIENTED_EDGE('',*,*,#1673,.F.);
#1819 = PLANE('',#1820);
#1820 = AXIS2_PLACEMENT_3D('',#1821,#1822,#1823);
#1821 = CARTESIAN_POINT('',(0.8,-0.4,0.));
#1822 = DIRECTION('',(1.,0.,0.));
#1823 = DIRECTION('',(0.,0.,1.));
#1824 = ( GEOMETRIC_REPRESENTATION_CONTEXT(3) 
GLOBAL_UNCERTAINTY_ASSIGNED_CONTEXT((#1828)) 
GLOBAL_UNIT_ASSIGNED_CONTEXT((#1825,#1826,#1827)) REPRESENTATION_CONTEXT
('Context #1','3D Context with UNIT and UNCERTAINTY') );
#1825 = ( LENGTH_UNIT() NAMED_UNIT(*) SI_UNIT(.MILLI.,.METRE.) );
#1826 = ( NAMED_UNIT(*) PLANE_ANGLE_UNIT() SI_UNIT($,.RADIAN.) );
#1827 = ( NAMED_UNIT(*) SI_UNIT($,.STERADIAN.) SOLID_ANGLE_UNIT() );
#1828 = UNCERTAINTY_MEASURE_WITH_UNIT(LENGTH_MEASURE(1.E-07),#1825,
  'distance_accuracy_value','confusion accuracy');
#1829 = CONTEXT_DEPENDENT_SHAPE_REPRESENTATION(#1830,#1832);
#1830 = ( REPRESENTATION_RELATIONSHIP('','',#969,#10) 
REPRESENTATION_RELATIONSHIP_WITH_TRANSFORMATION(#1831) 
SHAPE_REPRESENTATION_RELATIONSHIP() );
#1831 = ITEM_DEFINED_TRANSFORMATION('','',#11,#19);
#1832 = PRODUCT_DEFINITION_SHAPE('Placement','Placement of an item',
  #1833);
#1833 = NEXT_ASSEMBLY_USAGE_OCCURRENCE('2','L1','',#5,#964,$);
#1834 = PRODUCT_RELATED_PRODUCT_CATEGORY('part',$,(#966));
#1835 = CONTEXT_DEPENDENT_SHAPE_REPRESENTATION(#1836,#1838);
#1836 = ( REPRESENTATION_RELATIONSHIP('','',#96,#10) 
REPRESENTATION_RELATIONSHIP_WITH_TRANSFORMATION(#1837) 
SHAPE_REPRESENTATION_RELATIONSHIP() );
#1837 = ITEM_DEFINED_TRANSFORMATION('','',#11,#23);
#1838 = PRODUCT_DEFINITION_SHAPE('Placement','Placement of an item',
  #1839);
#1839 = NEXT_ASSEMBLY_USAGE_OCCURRENCE('3','C2','',#5,#91,$);
#1840 = CONTEXT_DEPENDENT_SHAPE_REPRESENTATION(#1841,#1843);
#1841 = ( REPRESENTATION_RELATIONSHIP('','',#96,#10) 
REPRESENTATION_RELATIONSHIP_WITH_TRANSFORMATION(#1842) 
SHAPE_REPRESENTATION_RELATIONSHIP() );
#1842 = ITEM_DEFINED_TRANSFORMATION('','',#11,#27);
#1843 = PRODUCT_DEFINITION_SHAPE('Placement','Placement of an item',
  #1844);
#1844 = NEXT_ASSEMBLY_USAGE_OCCURRENCE('4','C3','',#5,#91,$);
#1845 = SHAPE_DEFINITION_REPRESENTATION(#1846,#1852);
#1846 = PRODUCT_DEFINITION_SHAPE('','',#1847);
#1847 = PRODUCT_DEFINITION('design','',#1848,#1851);
#1848 = PRODUCT_DEFINITION_FORMATION('','',#1849);
#1849 = PRODUCT('R_0603_1608Metric','R_0603_1608Metric','',(#1850));
#1850 = PRODUCT_CONTEXT('',#2,'mechanical');
#1851 = PRODUCT_DEFINITION_CONTEXT('part definition',#2,'design');
#1852 = ADVANCED_BREP_SHAPE_REPRESENTATION('',(#11,#1853),#2643);
#1853 = MANIFOLD_SOLID_BREP('',#1854);
#1854 = CLOSED_SHELL('',(#1855,#1895,#1978,#2003,#2028,#2095,#2112,#2129
    ,#2178,#2195,#2212,#2261,#2278,#2347,#2378,#2402,#2471,#2495,#2512,
    #2529,#2546,#2563,#2580,#2597,#2614,#2631));
#1855 = ADVANCED_FACE('',(#1856),#1890,.F.);
#1856 = FACE_BOUND('',#1857,.F.);
#1857 = EDGE_LOOP('',(#1858,#1868,#1876,#1884));
#1858 = ORIENTED_EDGE('',*,*,#1859,.F.);
#1859 = EDGE_CURVE('',#1860,#1862,#1864,.T.);
#1860 = VERTEX_POINT('',#1861);
#1861 = CARTESIAN_POINT('',(-0.8,-0.4,4.5E-02));
#1862 = VERTEX_POINT('',#1863);
#1863 = CARTESIAN_POINT('',(-0.8,-0.4,0.405));
#1864 = LINE('',#1865,#1866);
#1865 = CARTESIAN_POINT('',(-0.8,-0.4,0.));
#1866 = VECTOR('',#1867,1.);
#1867 = DIRECTION('',(0.,0.,1.));
#1868 = ORIENTED_EDGE('',*,*,#1869,.T.);
#1869 = EDGE_CURVE('',#1860,#1870,#1872,.T.);
#1870 = VERTEX_POINT('',#1871);
#1871 = CARTESIAN_POINT('',(-0.8,0.4,4.5E-02));
#1872 = LINE('',#1873,#1874);
#1873 = CARTESIAN_POINT('',(-0.8,-0.4,4.5E-02));
#1874 = VECTOR('',#1875,1.);
#1875 = DIRECTION('',(0.,1.,0.));
#1876 = ORIENTED_EDGE('',*,*,#1877,.T.);
#1877 = EDGE_CURVE('',#1870,#1878,#1880,.T.);
#1878 = VERTEX_POINT('',#1879);
#1879 = CARTESIAN_POINT('',(-0.8,0.4,0.405));
#1880 = LINE('',#1881,#1882);
#1881 = CARTESIAN_POINT('',(-0.8,0.4,0.));
#1882 = VECTOR('',#1883,1.);
#1883 = DIRECTION('',(0.,0.,1.));
#1884 = ORIENTED_EDGE('',*,*,#1885,.F.);
#1885 = EDGE_CURVE('',#1862,#1878,#1886,.T.);
#1886 = LINE('',#1887,#1888);
#1887 = CARTESIAN_POINT('',(-0.8,-0.4,0.405));
#1888 = VECTOR('',#1889,1.);
#1889 = DIRECTION('',(0.,1.,0.));
#1890 = PLANE('',#1891);
#1891 = AXIS2_PLACEMENT_3D('',#1892,#1893,#1894);
#1892 = CARTESIAN_POINT('',(-0.8,-0.4,0.));
#1893 = DIRECTION('',(1.,0.,0.));
#1894 = DIRECTION('',(0.,0.,1.));
#1895 = ADVANCED_FACE('',(#1896),#1973,.F.);
#1896 = FACE_BOUND('',#1897,.F.);
#1897 = EDGE_LOOP('',(#1898,#1908,#1915,#1916,#1925,#1933,#1942,#1950,
    #1958,#1966));
#1898 = ORIENTED_EDGE('',*,*,#1899,.F.);
#1899 = EDGE_CURVE('',#1900,#1902,#1904,.T.);
#1900 = VERTEX_POINT('',#1901);
#1901 = CARTESIAN_POINT('',(-0.755,-0.4,-2.775557561563E-17));
#1902 = VERTEX_POINT('',#1903);
#1903 = CARTESIAN_POINT('',(-0.545,-0.4,-2.775557561563E-17));
#1904 = LINE('',#1905,#1906);
#1905 = CARTESIAN_POINT('',(-0.8,-0.4,0.));
#1906 = VECTOR('',#1907,1.);
#1907 = DIRECTION('',(1.,0.,0.));
#1908 = ORIENTED_EDGE('',*,*,#1909,.F.);
#1909 = EDGE_CURVE('',#1860,#1900,#1910,.T.);
#1910 = CIRCLE('',#1911,4.5E-02);
#1911 = AXIS2_PLACEMENT_3D('',#1912,#1913,#1914);
#1912 = CARTESIAN_POINT('',(-0.755,-0.4,4.5E-02));
#1913 = DIRECTION('',(0.,-1.,0.));
#1914 = DIRECTION('',(0.,0.,1.));
#1915 = ORIENTED_EDGE('',*,*,#1859,.T.);
#1916 = ORIENTED_EDGE('',*,*,#1917,.T.);
#1917 = EDGE_CURVE('',#1862,#1918,#1920,.T.);
#1918 = VERTEX_POINT('',#1919);
#1919 = CARTESIAN_POINT('',(-0.755,-0.4,0.45));
#1920 = CIRCLE('',#1921,4.5E-02);
#1921 = AXIS2_PLACEMENT_3D('',#1922,#1923,#1924);
#1922 = CARTESIAN_POINT('',(-0.755,-0.4,0.405));
#1923 = DIRECTION('',(0.,1.,0.));
#1924 = DIRECTION('',(0.,-0.,1.));
#1925 = ORIENTED_EDGE('',*,*,#1926,.T.);
#1926 = EDGE_CURVE('',#1918,#1927,#1929,.T.);
#1927 = VERTEX_POINT('',#1928);
#1928 = CARTESIAN_POINT('',(-0.545,-0.4,0.45));
#1929 = LINE('',#1930,#1931);
#1930 = CARTESIAN_POINT('',(-0.8,-0.4,0.45));
#1931 = VECTOR('',#1932,1.);
#1932 = DIRECTION('',(1.,0.,0.));
#1933 = ORIENTED_EDGE('',*,*,#1934,.F.);
#1934 = EDGE_CURVE('',#1935,#1927,#1937,.T.);
#1935 = VERTEX_POINT('',#1936);
#1936 = CARTESIAN_POINT('',(-0.5,-0.4,0.405));
#1937 = CIRCLE('',#1938,4.5E-02);
#1938 = AXIS2_PLACEMENT_3D('',#1939,#1940,#1941);
#1939 = CARTESIAN_POINT('',(-0.545,-0.4,0.405));
#1940 = DIRECTION('',(0.,-1.,0.));
#1941 = DIRECTION('',(0.,0.,1.));
#1942 = ORIENTED_EDGE('',*,*,#1943,.F.);
#1943 = EDGE_CURVE('',#1944,#1935,#1946,.T.);
#1944 = VERTEX_POINT('',#1945);
#1945 = CARTESIAN_POINT('',(-0.755,-0.4,0.405));
#1946 = LINE('',#1947,#1948);
#1947 = CARTESIAN_POINT('',(-0.755,-0.4,0.405));
#1948 = VECTOR('',#1949,1.);
#1949 = DIRECTION('',(1.,0.,0.));
#1950 = ORIENTED_EDGE('',*,*,#1951,.F.);
#1951 = EDGE_CURVE('',#1952,#1944,#1954,.T.);
#1952 = VERTEX_POINT('',#1953);
#1953 = CARTESIAN_POINT('',(-0.755,-0.4,4.5E-02));
#1954 = LINE('',#1955,#1956);
#1955 = CARTESIAN_POINT('',(-0.755,-0.4,4.5E-02));
#1956 = VECTOR('',#1957,1.);
#1957 = DIRECTION('',(0.,0.,1.));
#1958 = ORIENTED_EDGE('',*,*,#1959,.T.);
#1959 = EDGE_CURVE('',#1952,#1960,#1962,.T.);
#1960 = VERTEX_POINT('',#1961);
#1961 = CARTESIAN_POINT('',(-0.5,-0.4,4.5E-02));
#1962 = LINE('',#1963,#1964);
#1963 = CARTESIAN_POINT('',(-0.755,-0.4,4.5E-02));
#1964 = VECTOR('',#1965,1.);
#1965 = DIRECTION('',(1.,0.,0.));
#1966 = ORIENTED_EDGE('',*,*,#1967,.T.);
#1967 = EDGE_CURVE('',#1960,#1902,#1968,.T.);
#1968 = CIRCLE('',#1969,4.5E-02);
#1969 = AXIS2_PLACEMENT_3D('',#1970,#1971,#1972);
#1970 = CARTESIAN_POINT('',(-0.545,-0.4,4.5E-02));
#1971 = DIRECTION('',(0.,1.,0.));
#1972 = DIRECTION('',(0.,-0.,1.));
#1973 = PLANE('',#1974);
#1974 = AXIS2_PLACEMENT_3D('',#1975,#1976,#1977);
#1975 = CARTESIAN_POINT('',(-0.8,-0.4,0.));
#1976 = DIRECTION('',(0.,1.,0.));
#1977 = DIRECTION('',(0.,-0.,1.));
#1978 = ADVANCED_FACE('',(#1979),#1998,.T.);
#1979 = FACE_BOUND('',#1980,.T.);
#1980 = EDGE_LOOP('',(#1981,#1982,#1991,#1997));
#1981 = ORIENTED_EDGE('',*,*,#1869,.T.);
#1982 = ORIENTED_EDGE('',*,*,#1983,.T.);
#1983 = EDGE_CURVE('',#1870,#1984,#1986,.T.);
#1984 = VERTEX_POINT('',#1985);
#1985 = CARTESIAN_POINT('',(-0.755,0.4,-2.775557561563E-17));
#1986 = CIRCLE('',#1987,4.5E-02);
#1987 = AXIS2_PLACEMENT_3D('',#1988,#1989,#1990);
#1988 = CARTESIAN_POINT('',(-0.755,0.4,4.5E-02));
#1989 = DIRECTION('',(0.,-1.,0.));
#1990 = DIRECTION('',(0.,0.,1.));
#1991 = ORIENTED_EDGE('',*,*,#1992,.F.);
#1992 = EDGE_CURVE('',#1900,#1984,#1993,.T.);
#1993 = LINE('',#1994,#1995);
#1994 = CARTESIAN_POINT('',(-0.755,-0.4,-2.775557561563E-17));
#1995 = VECTOR('',#1996,1.);
#1996 = DIRECTION('',(0.,1.,0.));
#1997 = ORIENTED_EDGE('',*,*,#1909,.F.);
#1998 = CYLINDRICAL_SURFACE('',#1999,4.5E-02);
#1999 = AXIS2_PLACEMENT_3D('',#2000,#2001,#2002);
#2000 = CARTESIAN_POINT('',(-0.755,-0.4,4.5E-02));
#2001 = DIRECTION('',(0.,1.,0.));
#2002 = DIRECTION('',(-1.,0.,0.));
#2003 = ADVANCED_FACE('',(#2004),#2023,.T.);
#2004 = FACE_BOUND('',#2005,.T.);
#2005 = EDGE_LOOP('',(#2006,#2007,#2015,#2022));
#2006 = ORIENTED_EDGE('',*,*,#1917,.T.);
#2007 = ORIENTED_EDGE('',*,*,#2008,.T.);
#2008 = EDGE_CURVE('',#1918,#2009,#2011,.T.);
#2009 = VERTEX_POINT('',#2010);
#2010 = CARTESIAN_POINT('',(-0.755,0.4,0.45));
#2011 = LINE('',#2012,#2013);
#2012 = CARTESIAN_POINT('',(-0.755,-0.4,0.45));
#2013 = VECTOR('',#2014,1.);
#2014 = DIRECTION('',(0.,1.,0.));
#2015 = ORIENTED_EDGE('',*,*,#2016,.F.);
#2016 = EDGE_CURVE('',#1878,#2009,#2017,.T.);
#2017 = CIRCLE('',#2018,4.5E-02);
#2018 = AXIS2_PLACEMENT_3D('',#2019,#2020,#2021);
#2019 = CARTESIAN_POINT('',(-0.755,0.4,0.405));
#2020 = DIRECTION('',(0.,1.,0.));
#2021 = DIRECTION('',(0.,-0.,1.));
#2022 = ORIENTED_EDGE('',*,*,#1885,.F.);
#2023 = CYLINDRICAL_SURFACE('',#2024,4.5E-02);
#2024 = AXIS2_PLACEMENT_3D('',#2025,#2026,#2027);
#2025 = CARTESIAN_POINT('',(-0.755,-0.4,0.405));
#2026 = DIRECTION('',(0.,1.,0.));
#2027 = DIRECTION('',(-1.,0.,0.));
#2028 = ADVANCED_FACE('',(#2029),#2090,.T.);
#2029 = FACE_BOUND('',#2030,.T.);
#2030 = EDGE_LOOP('',(#2031,#2039,#2040,#2041,#2042,#2050,#2059,#2067,
    #2075,#2083));
#2031 = ORIENTED_EDGE('',*,*,#2032,.F.);
#2032 = EDGE_CURVE('',#1984,#2033,#2035,.T.);
#2033 = VERTEX_POINT('',#2034);
#2034 = CARTESIAN_POINT('',(-0.545,0.4,-2.775557561563E-17));
#2035 = LINE('',#2036,#2037);
#2036 = CARTESIAN_POINT('',(-0.8,0.4,0.));
#2037 = VECTOR('',#2038,1.);
#2038 = DIRECTION('',(1.,0.,0.));
#2039 = ORIENTED_EDGE('',*,*,#1983,.F.);
#2040 = ORIENTED_EDGE('',*,*,#1877,.T.);
#2041 = ORIENTED_EDGE('',*,*,#2016,.T.);
#2042 = ORIENTED_EDGE('',*,*,#2043,.T.);
#2043 = EDGE_CURVE('',#2009,#2044,#2046,.T.);
#2044 = VERTEX_POINT('',#2045);
#2045 = CARTESIAN_POINT('',(-0.545,0.4,0.45));
#2046 = LINE('',#2047,#2048);
#2047 = CARTESIAN_POINT('',(-0.8,0.4,0.45));
#2048 = VECTOR('',#2049,1.);
#2049 = DIRECTION('',(1.,0.,0.));
#2050 = ORIENTED_EDGE('',*,*,#2051,.F.);
#2051 = EDGE_CURVE('',#2052,#2044,#2054,.T.);
#2052 = VERTEX_POINT('',#2053);
#2053 = CARTESIAN_POINT('',(-0.5,0.4,0.405));
#2054 = CIRCLE('',#2055,4.5E-02);
#2055 = AXIS2_PLACEMENT_3D('',#2056,#2057,#2058);
#2056 = CARTESIAN_POINT('',(-0.545,0.4,0.405));
#2057 = DIRECTION('',(0.,-1.,0.));
#2058 = DIRECTION('',(0.,0.,1.));
#2059 = ORIENTED_EDGE('',*,*,#2060,.F.);
#2060 = EDGE_CURVE('',#2061,#2052,#2063,.T.);
#2061 = VERTEX_POINT('',#2062);
#2062 = CARTESIAN_POINT('',(-0.755,0.4,0.405));
#2063 = LINE('',#2064,#2065);
#2064 = CARTESIAN_POINT('',(-0.755,0.4,0.405));
#2065 = VECTOR('',#2066,1.);
#2066 = DIRECTION('',(1.,0.,0.));
#2067 = ORIENTED_EDGE('',*,*,#2068,.F.);
#2068 = EDGE_CURVE('',#2069,#2061,#2071,.T.);
#2069 = VERTEX_POINT('',#2070);
#2070 = CARTESIAN_POINT('',(-0.755,0.4,4.5E-02));
#2071 = LINE('',#2072,#2073);
#2072 = CARTESIAN_POINT('',(-0.755,0.4,4.5E-02));
#2073 = VECTOR('',#2074,1.);
#2074 = DIRECTION('',(0.,0.,1.));
#2075 = ORIENTED_EDGE('',*,*,#2076,.T.);
#2076 = EDGE_CURVE('',#2069,#2077,#2079,.T.);
#2077 = VERTEX_POINT('',#2078);
#2078 = CARTESIAN_POINT('',(-0.5,0.4,4.5E-02));
#2079 = LINE('',#2080,#2081);
#2080 = CARTESIAN_POINT('',(-0.755,0.4,4.5E-02));
#2081 = VECTOR('',#2082,1.);
#2082 = DIRECTION('',(1.,0.,0.));
#2083 = ORIENTED_EDGE('',*,*,#2084,.T.);
#2084 = EDGE_CURVE('',#2077,#2033,#2085,.T.);
#2085 = CIRCLE('',#2086,4.5E-02);
#2086 = AXIS2_PLACEMENT_3D('',#2087,#2088,#2089);
#2087 = CARTESIAN_POINT('',(-0.545,0.4,4.5E-02));
#2088 = DIRECTION('',(0.,1.,0.));
#2089 = DIRECTION('',(0.,-0.,1.));
#2090 = PLANE('',#2091);
#2091 = AXIS2_PLACEMENT_3D('',#2092,#2093,#2094);
#2092 = CARTESIAN_POINT('',(-0.8,0.4,0.));
#2093 = DIRECTION('',(0.,1.,0.));
#2094 = DIRECTION('',(0.,-0.,1.));
#2095 = ADVANCED_FACE('',(#2096),#2107,.F.);
#2096 = FACE_BOUND('',#2097,.F.);
#2097 = EDGE_LOOP('',(#2098,#2099,#2100,#2101));
#2098 = ORIENTED_EDGE('',*,*,#2032,.F.);
#2099 = ORIENTED_EDGE('',*,*,#1992,.F.);
#2100 = ORIENTED_EDGE('',*,*,#1899,.T.);
#2101 = ORIENTED_EDGE('',*,*,#2102,.T.);
#2102 = EDGE_CURVE('',#1902,#2033,#2103,.T.);
#2103 = LINE('',#2104,#2105);
#2104 = CARTESIAN_POINT('',(-0.545,-0.4,-2.775557561563E-17));
#2105 = VECTOR('',#2106,1.);
#2106 = DIRECTION('',(0.,1.,0.));
#2107 = PLANE('',#2108);
#2108 = AXIS2_PLACEMENT_3D('',#2109,#2110,#2111);
#2109 = CARTESIAN_POINT('',(-0.8,-0.4,0.));
#2110 = DIRECTION('',(0.,0.,1.));
#2111 = DIRECTION('',(1.,0.,-0.));
#2112 = ADVANCED_FACE('',(#2113),#2124,.T.);
#2113 = FACE_BOUND('',#2114,.T.);
#2114 = EDGE_LOOP('',(#2115,#2116,#2117,#2118));
#2115 = ORIENTED_EDGE('',*,*,#1967,.T.);
#2116 = ORIENTED_EDGE('',*,*,#2102,.T.);
#2117 = ORIENTED_EDGE('',*,*,#2084,.F.);
#2118 = ORIENTED_EDGE('',*,*,#2119,.F.);
#2119 = EDGE_CURVE('',#1960,#2077,#2120,.T.);
#2120 = LINE('',#2121,#2122);
#2121 = CARTESIAN_POINT('',(-0.5,-0.4,4.5E-02));
#2122 = VECTOR('',#2123,1.);
#2123 = DIRECTION('',(0.,1.,0.));
#2124 = CYLINDRICAL_SURFACE('',#2125,4.5E-02);
#2125 = AXIS2_PLACEMENT_3D('',#2126,#2127,#2128);
#2126 = CARTESIAN_POINT('',(-0.545,-0.4,4.5E-02));
#2127 = DIRECTION('',(0.,1.,0.));
#2128 = DIRECTION('',(1.,0.,0.));
#2129 = ADVANCED_FACE('',(#2130),#2173,.F.);
#2130 = FACE_BOUND('',#2131,.F.);
#2131 = EDGE_LOOP('',(#2132,#2133,#2134,#2135,#2143,#2151,#2159,#2167));
#2132 = ORIENTED_EDGE('',*,*,#1959,.F.);
#2133 = ORIENTED_EDGE('',*,*,#1951,.T.);
#2134 = ORIENTED_EDGE('',*,*,#1943,.T.);
#2135 = ORIENTED_EDGE('',*,*,#2136,.T.);
#2136 = EDGE_CURVE('',#1935,#2137,#2139,.T.);
#2137 = VERTEX_POINT('',#2138);
#2138 = CARTESIAN_POINT('',(0.5,-0.4,0.405));
#2139 = LINE('',#2140,#2141);
#2140 = CARTESIAN_POINT('',(-0.5,-0.4,0.405));
#2141 = VECTOR('',#2142,1.);
#2142 = DIRECTION('',(1.,0.,0.));
#2143 = ORIENTED_EDGE('',*,*,#2144,.T.);
#2144 = EDGE_CURVE('',#2137,#2145,#2147,.T.);
#2145 = VERTEX_POINT('',#2146);
#2146 = CARTESIAN_POINT('',(0.755,-0.4,0.405));
#2147 = LINE('',#2148,#2149);
#2148 = CARTESIAN_POINT('',(-0.755,-0.4,0.405));
#2149 = VECTOR('',#2150,1.);
#2150 = DIRECTION('',(1.,0.,0.));
#2151 = ORIENTED_EDGE('',*,*,#2152,.F.);
#2152 = EDGE_CURVE('',#2153,#2145,#2155,.T.);
#2153 = VERTEX_POINT('',#2154);
#2154 = CARTESIAN_POINT('',(0.755,-0.4,4.5E-02));
#2155 = LINE('',#2156,#2157);
#2156 = CARTESIAN_POINT('',(0.755,-0.4,4.5E-02));
#2157 = VECTOR('',#2158,1.);
#2158 = DIRECTION('',(0.,0.,1.));
#2159 = ORIENTED_EDGE('',*,*,#2160,.F.);
#2160 = EDGE_CURVE('',#2161,#2153,#2163,.T.);
#2161 = VERTEX_POINT('',#2162);
#2162 = CARTESIAN_POINT('',(0.5,-0.4,4.5E-02));
#2163 = LINE('',#2164,#2165);
#2164 = CARTESIAN_POINT('',(-0.755,-0.4,4.5E-02));
#2165 = VECTOR('',#2166,1.);
#2166 = DIRECTION('',(1.,0.,0.));
#2167 = ORIENTED_EDGE('',*,*,#2168,.F.);
#2168 = EDGE_CURVE('',#1960,#2161,#2169,.T.);
#2169 = LINE('',#2170,#2171);
#2170 = CARTESIAN_POINT('',(-0.755,-0.4,4.5E-02));
#2171 = VECTOR('',#2172,1.);
#2172 = DIRECTION('',(1.,0.,0.));
#2173 = PLANE('',#2174);
#2174 = AXIS2_PLACEMENT_3D('',#2175,#2176,#2177);
#2175 = CARTESIAN_POINT('',(-0.755,-0.4,4.5E-02));
#2176 = DIRECTION('',(0.,1.,0.));
#2177 = DIRECTION('',(0.,-0.,1.));
#2178 = ADVANCED_FACE('',(#2179),#2190,.T.);
#2179 = FACE_BOUND('',#2180,.T.);
#2180 = EDGE_LOOP('',(#2181,#2182,#2183,#2184));
#2181 = ORIENTED_EDGE('',*,*,#2043,.F.);
#2182 = ORIENTED_EDGE('',*,*,#2008,.F.);
#2183 = ORIENTED_EDGE('',*,*,#1926,.T.);
#2184 = ORIENTED_EDGE('',*,*,#2185,.T.);
#2185 = EDGE_CURVE('',#1927,#2044,#2186,.T.);
#2186 = LINE('',#2187,#2188);
#2187 = CARTESIAN_POINT('',(-0.545,-0.4,0.45));
#2188 = VECTOR('',#2189,1.);
#2189 = DIRECTION('',(0.,1.,0.));
#2190 = PLANE('',#2191);
#2191 = AXIS2_PLACEMENT_3D('',#2192,#2193,#2194);
#2192 = CARTESIAN_POINT('',(-0.8,-0.4,0.45));
#2193 = DIRECTION('',(0.,0.,1.));
#2194 = DIRECTION('',(1.,0.,-0.));
#2195 = ADVANCED_FACE('',(#2196),#2207,.T.);
#2196 = FACE_BOUND('',#2197,.T.);
#2197 = EDGE_LOOP('',(#2198,#2204,#2205,#2206));
#2198 = ORIENTED_EDGE('',*,*,#2199,.T.);
#2199 = EDGE_CURVE('',#1935,#2052,#2200,.T.);
#2200 = LINE('',#2201,#2202);
#2201 = CARTESIAN_POINT('',(-0.5,-0.4,0.405));
#2202 = VECTOR('',#2203,1.);
#2203 = DIRECTION('',(0.,1.,0.));
#2204 = ORIENTED_EDGE('',*,*,#2051,.T.);
#2205 = ORIENTED_EDGE('',*,*,#2185,.F.);
#2206 = ORIENTED_EDGE('',*,*,#1934,.F.);
#2207 = CYLINDRICAL_SURFACE('',#2208,4.5E-02);
#2208 = AXIS2_PLACEMENT_3D('',#2209,#2210,#2211);
#2209 = CARTESIAN_POINT('',(-0.545,-0.4,0.405));
#2210 = DIRECTION('',(0.,1.,0.));
#2211 = DIRECTION('',(1.,0.,0.));
#2212 = ADVANCED_FACE('',(#2213),#2256,.T.);
#2213 = FACE_BOUND('',#2214,.T.);
#2214 = EDGE_LOOP('',(#2215,#2216,#2217,#2218,#2226,#2234,#2242,#2250));
#2215 = ORIENTED_EDGE('',*,*,#2076,.F.);
#2216 = ORIENTED_EDGE('',*,*,#2068,.T.);
#2217 = ORIENTED_EDGE('',*,*,#2060,.T.);
#2218 = ORIENTED_EDGE('',*,*,#2219,.T.);
#2219 = EDGE_CURVE('',#2052,#2220,#2222,.T.);
#2220 = VERTEX_POINT('',#2221);
#2221 = CARTESIAN_POINT('',(0.5,0.4,0.405));
#2222 = LINE('',#2223,#2224);
#2223 = CARTESIAN_POINT('',(-0.5,0.4,0.405));
#2224 = VECTOR('',#2225,1.);
#2225 = DIRECTION('',(1.,0.,0.));
#2226 = ORIENTED_EDGE('',*,*,#2227,.T.);
#2227 = EDGE_CURVE('',#2220,#2228,#2230,.T.);
#2228 = VERTEX_POINT('',#2229);
#2229 = CARTESIAN_POINT('',(0.755,0.4,0.405));
#2230 = LINE('',#2231,#2232);
#2231 = CARTESIAN_POINT('',(-0.755,0.4,0.405));
#2232 = VECTOR('',#2233,1.);
#2233 = DIRECTION('',(1.,0.,0.));
#2234 = ORIENTED_EDGE('',*,*,#2235,.F.);
#2235 = EDGE_CURVE('',#2236,#2228,#2238,.T.);
#2236 = VERTEX_POINT('',#2237);
#2237 = CARTESIAN_POINT('',(0.755,0.4,4.5E-02));
#2238 = LINE('',#2239,#2240);
#2239 = CARTESIAN_POINT('',(0.755,0.4,4.5E-02));
#2240 = VECTOR('',#2241,1.);
#2241 = DIRECTION('',(0.,0.,1.));
#2242 = ORIENTED_EDGE('',*,*,#2243,.F.);
#2243 = EDGE_CURVE('',#2244,#2236,#2246,.T.);
#2244 = VERTEX_POINT('',#2245);
#2245 = CARTESIAN_POINT('',(0.5,0.4,4.5E-02));
#2246 = LINE('',#2247,#2248);
#2247 = CARTESIAN_POINT('',(-0.755,0.4,4.5E-02));
#2248 = VECTOR('',#2249,1.);
#2249 = DIRECTION('',(1.,0.,0.));
#2250 = ORIENTED_EDGE('',*,*,#2251,.F.);
#2251 = EDGE_CURVE('',#2077,#2244,#2252,.T.);
#2252 = LINE('',#2253,#2254);
#2253 = CARTESIAN_POINT('',(-0.755,0.4,4.5E-02));
#2254 = VECTOR('',#2255,1.);
#2255 = DIRECTION('',(1.,0.,0.));
#2256 = PLANE('',#2257);
#2257 = AXIS2_PLACEMENT_3D('',#2258,#2259,#2260);
#2258 = CARTESIAN_POINT('',(-0.755,0.4,4.5E-02));
#2259 = DIRECTION('',(0.,1.,0.));
#2260 = DIRECTION('',(0.,-0.,1.));
#2261 = ADVANCED_FACE('',(#2262),#2273,.F.);
#2262 = FACE_BOUND('',#2263,.F.);
#2263 = EDGE_LOOP('',(#2264,#2265,#2266,#2272));
#2264 = ORIENTED_EDGE('',*,*,#2119,.F.);
#2265 = ORIENTED_EDGE('',*,*,#2168,.T.);
#2266 = ORIENTED_EDGE('',*,*,#2267,.T.);
#2267 = EDGE_CURVE('',#2161,#2244,#2268,.T.);
#2268 = LINE('',#2269,#2270);
#2269 = CARTESIAN_POINT('',(0.5,-0.4,4.5E-02));
#2270 = VECTOR('',#2271,1.);
#2271 = DIRECTION('',(0.,1.,0.));
#2272 = ORIENTED_EDGE('',*,*,#2251,.F.);
#2273 = PLANE('',#2274);
#2274 = AXIS2_PLACEMENT_3D('',#2275,#2276,#2277);
#2275 = CARTESIAN_POINT('',(-0.755,-0.4,4.5E-02));
#2276 = DIRECTION('',(0.,0.,1.));
#2277 = DIRECTION('',(1.,0.,-0.));
#2278 = ADVANCED_FACE('',(#2279),#2342,.F.);
#2279 = FACE_BOUND('',#2280,.F.);
#2280 = EDGE_LOOP('',(#2281,#2291,#2298,#2299,#2300,#2301,#2310,#2318,
    #2327,#2335));
#2281 = ORIENTED_EDGE('',*,*,#2282,.F.);
#2282 = EDGE_CURVE('',#2283,#2285,#2287,.T.);
#2283 = VERTEX_POINT('',#2284);
#2284 = CARTESIAN_POINT('',(0.545,-0.4,-2.775557561563E-17));
#2285 = VERTEX_POINT('',#2286);
#2286 = CARTESIAN_POINT('',(0.755,-0.4,-2.775557561563E-17));
#2287 = LINE('',#2288,#2289);
#2288 = CARTESIAN_POINT('',(0.5,-0.4,0.));
#2289 = VECTOR('',#2290,1.);
#2290 = DIRECTION('',(1.,0.,0.));
#2291 = ORIENTED_EDGE('',*,*,#2292,.F.);
#2292 = EDGE_CURVE('',#2161,#2283,#2293,.T.);
#2293 = CIRCLE('',#2294,4.5E-02);
#2294 = AXIS2_PLACEMENT_3D('',#2295,#2296,#2297);
#2295 = CARTESIAN_POINT('',(0.545,-0.4,4.5E-02));
#2296 = DIRECTION('',(0.,-1.,0.));
#2297 = DIRECTION('',(0.,0.,1.));
#2298 = ORIENTED_EDGE('',*,*,#2160,.T.);
#2299 = ORIENTED_EDGE('',*,*,#2152,.T.);
#2300 = ORIENTED_EDGE('',*,*,#2144,.F.);
#2301 = ORIENTED_EDGE('',*,*,#2302,.T.);
#2302 = EDGE_CURVE('',#2137,#2303,#2305,.T.);
#2303 = VERTEX_POINT('',#2304);
#2304 = CARTESIAN_POINT('',(0.545,-0.4,0.45));
#2305 = CIRCLE('',#2306,4.5E-02);
#2306 = AXIS2_PLACEMENT_3D('',#2307,#2308,#2309);
#2307 = CARTESIAN_POINT('',(0.545,-0.4,0.405));
#2308 = DIRECTION('',(0.,1.,0.));
#2309 = DIRECTION('',(0.,-0.,1.));
#2310 = ORIENTED_EDGE('',*,*,#2311,.T.);
#2311 = EDGE_CURVE('',#2303,#2312,#2314,.T.);
#2312 = VERTEX_POINT('',#2313);
#2313 = CARTESIAN_POINT('',(0.755,-0.4,0.45));
#2314 = LINE('',#2315,#2316);
#2315 = CARTESIAN_POINT('',(0.5,-0.4,0.45));
#2316 = VECTOR('',#2317,1.);
#2317 = DIRECTION('',(1.,0.,0.));
#2318 = ORIENTED_EDGE('',*,*,#2319,.F.);
#2319 = EDGE_CURVE('',#2320,#2312,#2322,.T.);
#2320 = VERTEX_POINT('',#2321);
#2321 = CARTESIAN_POINT('',(0.8,-0.4,0.405));
#2322 = CIRCLE('',#2323,4.5E-02);
#2323 = AXIS2_PLACEMENT_3D('',#2324,#2325,#2326);
#2324 = CARTESIAN_POINT('',(0.755,-0.4,0.405));
#2325 = DIRECTION('',(0.,-1.,0.));
#2326 = DIRECTION('',(0.,0.,1.));
#2327 = ORIENTED_EDGE('',*,*,#2328,.F.);
#2328 = EDGE_CURVE('',#2329,#2320,#2331,.T.);
#2329 = VERTEX_POINT('',#2330);
#2330 = CARTESIAN_POINT('',(0.8,-0.4,4.5E-02));
#2331 = LINE('',#2332,#2333);
#2332 = CARTESIAN_POINT('',(0.8,-0.4,0.));
#2333 = VECTOR('',#2334,1.);
#2334 = DIRECTION('',(0.,0.,1.));
#2335 = ORIENTED_EDGE('',*,*,#2336,.T.);
#2336 = EDGE_CURVE('',#2329,#2285,#2337,.T.);
#2337 = CIRCLE('',#2338,4.5E-02);
#2338 = AXIS2_PLACEMENT_3D('',#2339,#2340,#2341);
#2339 = CARTESIAN_POINT('',(0.755,-0.4,4.5E-02));
#2340 = DIRECTION('',(0.,1.,0.));
#2341 = DIRECTION('',(0.,-0.,1.));
#2342 = PLANE('',#2343);
#2343 = AXIS2_PLACEMENT_3D('',#2344,#2345,#2346);
#2344 = CARTESIAN_POINT('',(0.5,-0.4,0.));
#2345 = DIRECTION('',(0.,1.,0.));
#2346 = DIRECTION('',(0.,-0.,1.));
#2347 = ADVANCED_FACE('',(#2348),#2373,.F.);
#2348 = FACE_BOUND('',#2349,.F.);
#2349 = EDGE_LOOP('',(#2350,#2351,#2359,#2367));
#2350 = ORIENTED_EDGE('',*,*,#2136,.F.);
#2351 = ORIENTED_EDGE('',*,*,#2352,.T.);
#2352 = EDGE_CURVE('',#1935,#2353,#2355,.T.);
#2353 = VERTEX_POINT('',#2354);
#2354 = CARTESIAN_POINT('',(-0.5,-0.4,0.45));
#2355 = LINE('',#2356,#2357);
#2356 = CARTESIAN_POINT('',(-0.5,-0.4,0.405));
#2357 = VECTOR('',#2358,1.);
#2358 = DIRECTION('',(0.,0.,1.));
#2359 = ORIENTED_EDGE('',*,*,#2360,.T.);
#2360 = EDGE_CURVE('',#2353,#2361,#2363,.T.);
#2361 = VERTEX_POINT('',#2362);
#2362 = CARTESIAN_POINT('',(0.5,-0.4,0.45));
#2363 = LINE('',#2364,#2365);
#2364 = CARTESIAN_POINT('',(-0.5,-0.4,0.45));
#2365 = VECTOR('',#2366,1.);
#2366 = DIRECTION('',(1.,0.,0.));
#2367 = ORIENTED_EDGE('',*,*,#2368,.F.);
#2368 = EDGE_CURVE('',#2137,#2361,#2369,.T.);
#2369 = LINE('',#2370,#2371);
#2370 = CARTESIAN_POINT('',(0.5,-0.4,0.405));
#2371 = VECTOR('',#2372,1.);
#2372 = DIRECTION('',(0.,0.,1.));
#2373 = PLANE('',#2374);
#2374 = AXIS2_PLACEMENT_3D('',#2375,#2376,#2377);
#2375 = CARTESIAN_POINT('',(-0.5,-0.4,0.405));
#2376 = DIRECTION('',(0.,1.,0.));
#2377 = DIRECTION('',(0.,-0.,1.));
#2378 = ADVANCED_FACE('',(#2379),#2397,.F.);
#2379 = FACE_BOUND('',#2380,.F.);
#2380 = EDGE_LOOP('',(#2381,#2382,#2383,#2391));
#2381 = ORIENTED_EDGE('',*,*,#2352,.F.);
#2382 = ORIENTED_EDGE('',*,*,#2199,.T.);
#2383 = ORIENTED_EDGE('',*,*,#2384,.T.);
#2384 = EDGE_CURVE('',#2052,#2385,#2387,.T.);
#2385 = VERTEX_POINT('',#2386);
#2386 = CARTESIAN_POINT('',(-0.5,0.4,0.45));
#2387 = LINE('',#2388,#2389);
#2388 = CARTESIAN_POINT('',(-0.5,0.4,0.405));
#2389 = VECTOR('',#2390,1.);
#2390 = DIRECTION('',(0.,0.,1.));
#2391 = ORIENTED_EDGE('',*,*,#2392,.F.);
#2392 = EDGE_CURVE('',#2353,#2385,#2393,.T.);
#2393 = LINE('',#2394,#2395);
#2394 = CARTESIAN_POINT('',(-0.5,-0.4,0.45));
#2395 = VECTOR('',#2396,1.);
#2396 = DIRECTION('',(0.,1.,0.));
#2397 = PLANE('',#2398);
#2398 = AXIS2_PLACEMENT_3D('',#2399,#2400,#2401);
#2399 = CARTESIAN_POINT('',(-0.5,-0.4,0.405));
#2400 = DIRECTION('',(1.,0.,0.));
#2401 = DIRECTION('',(0.,0.,1.));
#2402 = ADVANCED_FACE('',(#2403),#2466,.T.);
#2403 = FACE_BOUND('',#2404,.T.);
#2404 = EDGE_LOOP('',(#2405,#2415,#2422,#2423,#2424,#2425,#2434,#2442,
    #2451,#2459));
#2405 = ORIENTED_EDGE('',*,*,#2406,.F.);
#2406 = EDGE_CURVE('',#2407,#2409,#2411,.T.);
#2407 = VERTEX_POINT('',#2408);
#2408 = CARTESIAN_POINT('',(0.545,0.4,-2.775557561563E-17));
#2409 = VERTEX_POINT('',#2410);
#2410 = CARTESIAN_POINT('',(0.755,0.4,-2.775557561563E-17));
#2411 = LINE('',#2412,#2413);
#2412 = CARTESIAN_POINT('',(0.5,0.4,0.));
#2413 = VECTOR('',#2414,1.);
#2414 = DIRECTION('',(1.,0.,0.));
#2415 = ORIENTED_EDGE('',*,*,#2416,.F.);
#2416 = EDGE_CURVE('',#2244,#2407,#2417,.T.);
#2417 = CIRCLE('',#2418,4.5E-02);
#2418 = AXIS2_PLACEMENT_3D('',#2419,#2420,#2421);
#2419 = CARTESIAN_POINT('',(0.545,0.4,4.5E-02));
#2420 = DIRECTION('',(0.,-1.,0.));
#2421 = DIRECTION('',(0.,0.,1.));
#2422 = ORIENTED_EDGE('',*,*,#2243,.T.);
#2423 = ORIENTED_EDGE('',*,*,#2235,.T.);
#2424 = ORIENTED_EDGE('',*,*,#2227,.F.);
#2425 = ORIENTED_EDGE('',*,*,#2426,.T.);
#2426 = EDGE_CURVE('',#2220,#2427,#2429,.T.);
#2427 = VERTEX_POINT('',#2428);
#2428 = CARTESIAN_POINT('',(0.545,0.4,0.45));
#2429 = CIRCLE('',#2430,4.5E-02);
#2430 = AXIS2_PLACEMENT_3D('',#2431,#2432,#2433);
#2431 = CARTESIAN_POINT('',(0.545,0.4,0.405));
#2432 = DIRECTION('',(0.,1.,0.));
#2433 = DIRECTION('',(0.,-0.,1.));
#2434 = ORIENTED_EDGE('',*,*,#2435,.T.);
#2435 = EDGE_CURVE('',#2427,#2436,#2438,.T.);
#2436 = VERTEX_POINT('',#2437);
#2437 = CARTESIAN_POINT('',(0.755,0.4,0.45));
#2438 = LINE('',#2439,#2440);
#2439 = CARTESIAN_POINT('',(0.5,0.4,0.45));
#2440 = VECTOR('',#2441,1.);
#2441 = DIRECTION('',(1.,0.,0.));
#2442 = ORIENTED_EDGE('',*,*,#2443,.F.);
#2443 = EDGE_CURVE('',#2444,#2436,#2446,.T.);
#2444 = VERTEX_POINT('',#2445);
#2445 = CARTESIAN_POINT('',(0.8,0.4,0.405));
#2446 = CIRCLE('',#2447,4.5E-02);
#2447 = AXIS2_PLACEMENT_3D('',#2448,#2449,#2450);
#2448 = CARTESIAN_POINT('',(0.755,0.4,0.405));
#2449 = DIRECTION('',(0.,-1.,0.));
#2450 = DIRECTION('',(0.,0.,1.));
#2451 = ORIENTED_EDGE('',*,*,#2452,.F.);
#2452 = EDGE_CURVE('',#2453,#2444,#2455,.T.);
#2453 = VERTEX_POINT('',#2454);
#2454 = CARTESIAN_POINT('',(0.8,0.4,4.5E-02));
#2455 = LINE('',#2456,#2457);
#2456 = CARTESIAN_POINT('',(0.8,0.4,0.));
#2457 = VECTOR('',#2458,1.);
#2458 = DIRECTION('',(0.,0.,1.));
#2459 = ORIENTED_EDGE('',*,*,#2460,.T.);
#2460 = EDGE_CURVE('',#2453,#2409,#2461,.T.);
#2461 = CIRCLE('',#2462,4.5E-02);
#2462 = AXIS2_PLACEMENT_3D('',#2463,#2464,#2465);
#2463 = CARTESIAN_POINT('',(0.755,0.4,4.5E-02));
#2464 = DIRECTION('',(0.,1.,0.));
#2465 = DIRECTION('',(0.,-0.,1.));
#2466 = PLANE('',#2467);
#2467 = AXIS2_PLACEMENT_3D('',#2468,#2469,#2470);
#2468 = CARTESIAN_POINT('',(0.5,0.4,0.));
#2469 = DIRECTION('',(0.,1.,0.));
#2470 = DIRECTION('',(0.,-0.,1.));
#2471 = ADVANCED_FACE('',(#2472),#2490,.T.);
#2472 = FACE_BOUND('',#2473,.T.);
#2473 = EDGE_LOOP('',(#2474,#2475,#2476,#2484));
#2474 = ORIENTED_EDGE('',*,*,#2219,.F.);
#2475 = ORIENTED_EDGE('',*,*,#2384,.T.);
#2476 = ORIENTED_EDGE('',*,*,#2477,.T.);
#2477 = EDGE_CURVE('',#2385,#2478,#2480,.T.);
#2478 = VERTEX_POINT('',#2479);
#2479 = CARTESIAN_POINT('',(0.5,0.4,0.45));
#2480 = LINE('',#2481,#2482);
#2481 = CARTESIAN_POINT('',(-0.5,0.4,0.45));
#2482 = VECTOR('',#2483,1.);
#2483 = DIRECTION('',(1.,0.,0.));
#2484 = ORIENTED_EDGE('',*,*,#2485,.F.);
#2485 = EDGE_CURVE('',#2220,#2478,#2486,.T.);
#2486 = LINE('',#2487,#2488);
#2487 = CARTESIAN_POINT('',(0.5,0.4,0.405));
#2488 = VECTOR('',#2489,1.);
#2489 = DIRECTION('',(0.,0.,1.));
#2490 = PLANE('',#2491);
#2491 = AXIS2_PLACEMENT_3D('',#2492,#2493,#2494);
#2492 = CARTESIAN_POINT('',(-0.5,0.4,0.405));
#2493 = DIRECTION('',(0.,1.,0.));
#2494 = DIRECTION('',(0.,-0.,1.));
#2495 = ADVANCED_FACE('',(#2496),#2507,.T.);
#2496 = FACE_BOUND('',#2497,.T.);
#2497 = EDGE_LOOP('',(#2498,#2499,#2500,#2506));
#2498 = ORIENTED_EDGE('',*,*,#2267,.T.);
#2499 = ORIENTED_EDGE('',*,*,#2416,.T.);
#2500 = ORIENTED_EDGE('',*,*,#2501,.F.);
#2501 = EDGE_CURVE('',#2283,#2407,#2502,.T.);
#2502 = LINE('',#2503,#2504);
#2503 = CARTESIAN_POINT('',(0.545,-0.4,-2.775557561563E-17));
#2504 = VECTOR('',#2505,1.);
#2505 = DIRECTION('',(0.,1.,0.));
#2506 = ORIENTED_EDGE('',*,*,#2292,.F.);
#2507 = CYLINDRICAL_SURFACE('',#2508,4.5E-02);
#2508 = AXIS2_PLACEMENT_3D('',#2509,#2510,#2511);
#2509 = CARTESIAN_POINT('',(0.545,-0.4,4.5E-02));
#2510 = DIRECTION('',(0.,1.,0.));
#2511 = DIRECTION('',(-1.,0.,0.));
#2512 = ADVANCED_FACE('',(#2513),#2524,.F.);
#2513 = FACE_BOUND('',#2514,.F.);
#2514 = EDGE_LOOP('',(#2515,#2516,#2517,#2518));
#2515 = ORIENTED_EDGE('',*,*,#2406,.F.);
#2516 = ORIENTED_EDGE('',*,*,#2501,.F.);
#2517 = ORIENTED_EDGE('',*,*,#2282,.T.);
#2518 = ORIENTED_EDGE('',*,*,#2519,.T.);
#2519 = EDGE_CURVE('',#2285,#2409,#2520,.T.);
#2520 = LINE('',#2521,#2522);
#2521 = CARTESIAN_POINT('',(0.755,-0.4,-2.775557561563E-17));
#2522 = VECTOR('',#2523,1.);
#2523 = DIRECTION('',(0.,1.,0.));
#2524 = PLANE('',#2525);
#2525 = AXIS2_PLACEMENT_3D('',#2526,#2527,#2528);
#2526 = CARTESIAN_POINT('',(0.5,-0.4,0.));
#2527 = DIRECTION('',(0.,0.,1.));
#2528 = DIRECTION('',(1.,0.,-0.));
#2529 = ADVANCED_FACE('',(#2530),#2541,.T.);
#2530 = FACE_BOUND('',#2531,.T.);
#2531 = EDGE_LOOP('',(#2532,#2533,#2534,#2535));
#2532 = ORIENTED_EDGE('',*,*,#2336,.T.);
#2533 = ORIENTED_EDGE('',*,*,#2519,.T.);
#2534 = ORIENTED_EDGE('',*,*,#2460,.F.);
#2535 = ORIENTED_EDGE('',*,*,#2536,.F.);
#2536 = EDGE_CURVE('',#2329,#2453,#2537,.T.);
#2537 = LINE('',#2538,#2539);
#2538 = CARTESIAN_POINT('',(0.8,-0.4,4.5E-02));
#2539 = VECTOR('',#2540,1.);
#2540 = DIRECTION('',(0.,1.,0.));
#2541 = CYLINDRICAL_SURFACE('',#2542,4.5E-02);
#2542 = AXIS2_PLACEMENT_3D('',#2543,#2544,#2545);
#2543 = CARTESIAN_POINT('',(0.755,-0.4,4.5E-02));
#2544 = DIRECTION('',(0.,1.,0.));
#2545 = DIRECTION('',(1.,0.,0.));
#2546 = ADVANCED_FACE('',(#2547),#2558,.T.);
#2547 = FACE_BOUND('',#2548,.T.);
#2548 = EDGE_LOOP('',(#2549,#2550,#2551,#2552));
#2549 = ORIENTED_EDGE('',*,*,#2328,.F.);
#2550 = ORIENTED_EDGE('',*,*,#2536,.T.);
#2551 = ORIENTED_EDGE('',*,*,#2452,.T.);
#2552 = ORIENTED_EDGE('',*,*,#2553,.F.);
#2553 = EDGE_CURVE('',#2320,#2444,#2554,.T.);
#2554 = LINE('',#2555,#2556);
#2555 = CARTESIAN_POINT('',(0.8,-0.4,0.405));
#2556 = VECTOR('',#2557,1.);
#2557 = DIRECTION('',(0.,1.,0.));
#2558 = PLANE('',#2559);
#2559 = AXIS2_PLACEMENT_3D('',#2560,#2561,#2562);
#2560 = CARTESIAN_POINT('',(0.8,-0.4,0.));
#2561 = DIRECTION('',(1.,0.,0.));
#2562 = DIRECTION('',(0.,0.,1.));
#2563 = ADVANCED_FACE('',(#2564),#2575,.T.);
#2564 = FACE_BOUND('',#2565,.T.);
#2565 = EDGE_LOOP('',(#2566,#2567,#2568,#2574));
#2566 = ORIENTED_EDGE('',*,*,#2553,.T.);
#2567 = ORIENTED_EDGE('',*,*,#2443,.T.);
#2568 = ORIENTED_EDGE('',*,*,#2569,.F.);
#2569 = EDGE_CURVE('',#2312,#2436,#2570,.T.);
#2570 = LINE('',#2571,#2572);
#2571 = CARTESIAN_POINT('',(0.755,-0.4,0.45));
#2572 = VECTOR('',#2573,1.);
#2573 = DIRECTION('',(0.,1.,0.));
#2574 = ORIENTED_EDGE('',*,*,#2319,.F.);
#2575 = CYLINDRICAL_SURFACE('',#2576,4.5E-02);
#2576 = AXIS2_PLACEMENT_3D('',#2577,#2578,#2579);
#2577 = CARTESIAN_POINT('',(0.755,-0.4,0.405));
#2578 = DIRECTION('',(0.,1.,0.));
#2579 = DIRECTION('',(1.,0.,0.));
#2580 = ADVANCED_FACE('',(#2581),#2592,.T.);
#2581 = FACE_BOUND('',#2582,.T.);
#2582 = EDGE_LOOP('',(#2583,#2584,#2590,#2591));
#2583 = ORIENTED_EDGE('',*,*,#2435,.F.);
#2584 = ORIENTED_EDGE('',*,*,#2585,.F.);
#2585 = EDGE_CURVE('',#2303,#2427,#2586,.T.);
#2586 = LINE('',#2587,#2588);
#2587 = CARTESIAN_POINT('',(0.545,-0.4,0.45));
#2588 = VECTOR('',#2589,1.);
#2589 = DIRECTION('',(0.,1.,0.));
#2590 = ORIENTED_EDGE('',*,*,#2311,.T.);
#2591 = ORIENTED_EDGE('',*,*,#2569,.T.);
#2592 = PLANE('',#2593);
#2593 = AXIS2_PLACEMENT_3D('',#2594,#2595,#2596);
#2594 = CARTESIAN_POINT('',(0.5,-0.4,0.45));
#2595 = DIRECTION('',(0.,0.,1.));
#2596 = DIRECTION('',(1.,0.,-0.));
#2597 = ADVANCED_FACE('',(#2598),#2609,.T.);
#2598 = FACE_BOUND('',#2599,.T.);
#2599 = EDGE_LOOP('',(#2600,#2601,#2602,#2603));
#2600 = ORIENTED_EDGE('',*,*,#2302,.T.);
#2601 = ORIENTED_EDGE('',*,*,#2585,.T.);
#2602 = ORIENTED_EDGE('',*,*,#2426,.F.);
#2603 = ORIENTED_EDGE('',*,*,#2604,.F.);
#2604 = EDGE_CURVE('',#2137,#2220,#2605,.T.);
#2605 = LINE('',#2606,#2607);
#2606 = CARTESIAN_POINT('',(0.5,-0.4,0.405));
#2607 = VECTOR('',#2608,1.);
#2608 = DIRECTION('',(0.,1.,0.));
#2609 = CYLINDRICAL_SURFACE('',#2610,4.5E-02);
#2610 = AXIS2_PLACEMENT_3D('',#2611,#2612,#2613);
#2611 = CARTESIAN_POINT('',(0.545,-0.4,0.405));
#2612 = DIRECTION('',(0.,1.,0.));
#2613 = DIRECTION('',(-1.,0.,0.));
#2614 = ADVANCED_FACE('',(#2615),#2626,.T.);
#2615 = FACE_BOUND('',#2616,.T.);
#2616 = EDGE_LOOP('',(#2617,#2618,#2619,#2620));
#2617 = ORIENTED_EDGE('',*,*,#2368,.F.);
#2618 = ORIENTED_EDGE('',*,*,#2604,.T.);
#2619 = ORIENTED_EDGE('',*,*,#2485,.T.);
#2620 = ORIENTED_EDGE('',*,*,#2621,.F.);
#2621 = EDGE_CURVE('',#2361,#2478,#2622,.T.);
#2622 = LINE('',#2623,#2624);
#2623 = CARTESIAN_POINT('',(0.5,-0.4,0.45));
#2624 = VECTOR('',#2625,1.);
#2625 = DIRECTION('',(0.,1.,0.));
#2626 = PLANE('',#2627);
#2627 = AXIS2_PLACEMENT_3D('',#2628,#2629,#2630);
#2628 = CARTESIAN_POINT('',(0.5,-0.4,0.405));
#2629 = DIRECTION('',(1.,0.,0.));
#2630 = DIRECTION('',(0.,0.,1.));
#2631 = ADVANCED_FACE('',(#2632),#2638,.T.);
#2632 = FACE_BOUND('',#2633,.T.);
#2633 = EDGE_LOOP('',(#2634,#2635,#2636,#2637));
#2634 = ORIENTED_EDGE('',*,*,#2392,.F.);
#2635 = ORIENTED_EDGE('',*,*,#2360,.T.);
#2636 = ORIENTED_EDGE('',*,*,#2621,.T.);
#2637 = ORIENTED_EDGE('',*,*,#2477,.F.);
#2638 = PLANE('',#2639);
#2639 = AXIS2_PLACEMENT_3D('',#2640,#2641,#2642);
#2640 = CARTESIAN_POINT('',(-0.5,-0.4,0.45));
#2641 = DIRECTION('',(0.,0.,1.));
#2642 = DIRECTION('',(1.,0.,-0.));
#2643 = ( GEOMETRIC_REPRESENTATION_CONTEXT(3) 
GLOBAL_UNCERTAINTY_ASSIGNED_CONTEXT((#2647)) 
GLOBAL_UNIT_ASSIGNED_CONTEXT((#2644,#2645,#2646)) REPRESENTATION_CONTEXT
('Context #1','3D Context with UNIT and UNCERTAINTY') );
#2644 = ( LENGTH_UNIT() NAMED_UNIT(*) SI_UNIT(.MILLI.,.METRE.) );
#2645 = ( NAMED_UNIT(*) PLANE_ANGLE_UNIT() SI_UNIT($,.RADIAN.) );
#2646 = ( NAMED_UNIT(*) SI_UNIT($,.STERADIAN.) SOLID_ANGLE_UNIT() );
#2647 = UNCERTAINTY_MEASURE_WITH_UNIT(LENGTH_MEASURE(1.E-07),#2644,
  'distance_accuracy_value','confusion accuracy');
#2648 = CONTEXT_DEPENDENT_SHAPE_REPRESENTATION(#2649,#2651);
#2649 = ( REPRESENTATION_RELATIONSHIP('','',#1852,#10) 
REPRESENTATION_RELATIONSHIP_WITH_TRANSFORMATION(#2650) 
SHAPE_REPRESENTATION_RELATIONSHIP() );
#2650 = ITEM_DEFINED_TRANSFORMATION('','',#11,#31);
#2651 = PRODUCT_DEFINITION_SHAPE('Placement','Placement of an item',
  #2652);
#2652 = NEXT_ASSEMBLY_USAGE_OCCURRENCE('5','R7','',#5,#1847,$);
#2653 = PRODUCT_RELATED_PRODUCT_CATEGORY('part',$,(#1849));
#2654 = CONTEXT_DEPENDENT_SHAPE_REPRESENTATION(#2655,#2657);
#2655 = ( REPRESENTATION_RELATIONSHIP('','',#1852,#10) 
REPRESENTATION_RELATIONSHIP_WITH_TRANSFORMATION(#2656) 
SHAPE_REPRESENTATION_RELATIONSHIP() );
#2656 = ITEM_DEFINED_TRANSFORMATION('','',#11,#35);
#2657 = PRODUCT_DEFINITION_SHAPE('Placement','Placement of an item',
  #2658);
#2658 = NEXT_ASSEMBLY_USAGE_OCCURRENCE('6','R5','',#5,#1847,$);
#2659 = CONTEXT_DEPENDENT_SHAPE_REPRESENTATION(#2660,#2662);
#2660 = ( REPRESENTATION_RELATIONSHIP('','',#96,#10) 
REPRESENTATION_RELATIONSHIP_WITH_TRANSFORMATION(#2661) 
SHAPE_REPRESENTATION_RELATIONSHIP() );
#2661 = ITEM_DEFINED_TRANSFORMATION('','',#11,#39);
#2662 = PRODUCT_DEFINITION_SHAPE('Placement','Placement of an item',
  #2663);
#2663 = NEXT_ASSEMBLY_USAGE_OCCURRENCE('7','C4','',#5,#91,$);
#2664 = CONTEXT_DEPENDENT_SHAPE_REPRESENTATION(#2665,#2667);
#2665 = ( REPRESENTATION_RELATIONSHIP('','',#96,#10) 
REPRESENTATION_RELATIONSHIP_WITH_TRANSFORMATION(#2666) 
SHAPE_REPRESENTATION_RELATIONSHIP() );
#2666 = ITEM_DEFINED_TRANSFORMATION('','',#11,#43);
#2667 = PRODUCT_DEFINITION_SHAPE('Placement','Placement of an item',
  #2668);
#2668 = NEXT_ASSEMBLY_USAGE_OCCURRENCE('8','C8','',#5,#91,$);
#2669 = CONTEXT_DEPENDENT_SHAPE_REPRESENTATION(#2670,#2672);
#2670 = ( REPRESENTATION_RELATIONSHIP('','',#96,#10) 
REPRESENTATION_RELATIONSHIP_WITH_TRANSFORMATION(#2671) 
SHAPE_REPRESENTATION_RELATIONSHIP() );
#2671 = ITEM_DEFINED_TRANSFORMATION('','',#11,#47);
#2672 = PRODUCT_DEFINITION_SHAPE('Placement','Placement of an item',
  #2673);
#2673 = NEXT_ASSEMBLY_USAGE_OCCURRENCE('9','C6','',#5,#91,$);
#2674 = CONTEXT_DEPENDENT_SHAPE_REPRESENTATION(#2675,#2677);
#2675 = ( REPRESENTATION_RELATIONSHIP('','',#1852,#10) 
REPRESENTATION_RELATIONSHIP_WITH_TRANSFORMATION(#2676) 
SHAPE_REPRESENTATION_RELATIONSHIP() );
#2676 = ITEM_DEFINED_TRANSFORMATION('','',#11,#51);
#2677 = PRODUCT_DEFINITION_SHAPE('Placement','Placement of an item',
  #2678);
#2678 = NEXT_ASSEMBLY_USAGE_OCCURRENCE('10','R4','',#5,#1847,$);
#2679 = CONTEXT_DEPENDENT_SHAPE_REPRESENTATION(#2680,#2682);
#2680 = ( REPRESENTATION_RELATIONSHIP('','',#96,#10) 
REPRESENTATION_RELATIONSHIP_WITH_TRANSFORMATION(#2681) 
SHAPE_REPRESENTATION_RELATIONSHIP() );
#2681 = ITEM_DEFINED_TRANSFORMATION('','',#11,#55);
#2682 = PRODUCT_DEFINITION_SHAPE('Placement','Placement of an item',
  #2683);
#2683 = NEXT_ASSEMBLY_USAGE_OCCURRENCE('11','C5','',#5,#91,$);
#2684 = CONTEXT_DEPENDENT_SHAPE_REPRESENTATION(#2685,#2687);
#2685 = ( REPRESENTATION_RELATIONSHIP('','',#1852,#10) 
REPRESENTATION_RELATIONSHIP_WITH_TRANSFORMATION(#2686) 
SHAPE_REPRESENTATION_RELATIONSHIP() );
#2686 = ITEM_DEFINED_TRANSFORMATION('','',#11,#59);
#2687 = PRODUCT_DEFINITION_SHAPE('Placement','Placement of an item',
  #2688);
#2688 = NEXT_ASSEMBLY_USAGE_OCCURRENCE('12','R8','',#5,#1847,$);
#2689 = SHAPE_DEFINITION_REPRESENTATION(#2690,#2696);
#2690 = PRODUCT_DEFINITION_SHAPE('','',#2691);
#2691 = PRODUCT_DEFINITION('design','',#2692,#2695);
#2692 = PRODUCT_DEFINITION_FORMATION('','',#2693);
#2693 = PRODUCT(
  'TerminalBlock_Phoenix_MKDS-1,5-2-5.08_1x02_P5.08mm_Horizontal',
  'TerminalBlock_Phoenix_MKDS-1,5-2-5.08_1x02_P5.08mm_Horizontal','',(
    #2694));
#2694 = PRODUCT_CONTEXT('',#2,'mechanical');
#2695 = PRODUCT_DEFINITION_CONTEXT('part definition',#2,'design');
#2696 = ADVANCED_BREP_SHAPE_REPRESENTATION('',(#11,#2697),#5318);
#2697 = MANIFOLD_SOLID_BREP('',#2698);
#2698 = CLOSED_SHELL('',(#2699,#2795,#2826,#2872,#2896,#2920,#3067,#3091
    ,#3115,#3132,#3224,#3241,#3279,#3390,#3501,#3513,#3537,#3561,#3578,
    #3609,#3633,#3657,#3674,#3705,#3729,#3753,#3770,#3799,#3822,#3845,
    #3862,#3891,#3914,#3937,#3954,#3966,#3982,#4015,#4040,#4078,#4110,
    #4141,#4151,#4169,#4185,#4218,#4243,#4281,#4313,#4344,#4354,#4372,
    #4384,#4396,#4427,#4444,#4461,#4492,#4509,#4526,#4551,#4662,#4717,
    #4727,#4752,#4863,#4918,#4928,#4944,#4961,#4978,#4995,#5005,#5015,
    #5046,#5070,#5094,#5111,#5127,#5144,#5161,#5178,#5188,#5198,#5229,
    #5253,#5277,#5294,#5306));
#2699 = ADVANCED_FACE('',(#2700),#2790,.F.);
#2700 = FACE_BOUND('',#2701,.F.);
#2701 = EDGE_LOOP('',(#2702,#2712,#2720,#2728,#2736,#2744,#2752,#2760,
    #2768,#2776,#2784));
#2702 = ORIENTED_EDGE('',*,*,#2703,.T.);
#2703 = EDGE_CURVE('',#2704,#2706,#2708,.T.);
#2704 = VERTEX_POINT('',#2705);
#2705 = CARTESIAN_POINT('',(-2.54,-2.6,13.8));
#2706 = VERTEX_POINT('',#2707);
#2707 = CARTESIAN_POINT('',(-2.54,-4.1,7.4));
#2708 = LINE('',#2709,#2710);
#2709 = CARTESIAN_POINT('',(-2.54,-2.6,13.8));
#2710 = VECTOR('',#2711,1.);
#2711 = DIRECTION('',(0.,-0.228191322789,-0.973616310568));
#2712 = ORIENTED_EDGE('',*,*,#2713,.T.);
#2713 = EDGE_CURVE('',#2706,#2714,#2716,.T.);
#2714 = VERTEX_POINT('',#2715);
#2715 = CARTESIAN_POINT('',(-2.54,-4.6,7.4));
#2716 = LINE('',#2717,#2718);
#2717 = CARTESIAN_POINT('',(-2.54,-4.1,7.4));
#2718 = VECTOR('',#2719,1.);
#2719 = DIRECTION('',(0.,-1.,0.));
#2720 = ORIENTED_EDGE('',*,*,#2721,.T.);
#2721 = EDGE_CURVE('',#2714,#2722,#2724,.T.);
#2722 = VERTEX_POINT('',#2723);
#2723 = CARTESIAN_POINT('',(-2.54,-4.6,0.));
#2724 = LINE('',#2725,#2726);
#2725 = CARTESIAN_POINT('',(-2.54,-4.6,13.8));
#2726 = VECTOR('',#2727,1.);
#2727 = DIRECTION('',(0.,0.,-1.));
#2728 = ORIENTED_EDGE('',*,*,#2729,.T.);
#2729 = EDGE_CURVE('',#2722,#2730,#2732,.T.);
#2730 = VERTEX_POINT('',#2731);
#2731 = CARTESIAN_POINT('',(-2.54,-3.83,0.));
#2732 = LINE('',#2733,#2734);
#2733 = CARTESIAN_POINT('',(-2.54,-4.6,0.));
#2734 = VECTOR('',#2735,1.);
#2735 = DIRECTION('',(0.,1.,0.));
#2736 = ORIENTED_EDGE('',*,*,#2737,.T.);
#2737 = EDGE_CURVE('',#2730,#2738,#2740,.T.);
#2738 = VERTEX_POINT('',#2739);
#2739 = CARTESIAN_POINT('',(-2.54,-3.83,7.));
#2740 = LINE('',#2741,#2742);
#2741 = CARTESIAN_POINT('',(-2.54,-3.83,0.));
#2742 = VECTOR('',#2743,1.);
#2743 = DIRECTION('',(0.,0.,1.));
#2744 = ORIENTED_EDGE('',*,*,#2745,.T.);
#2745 = EDGE_CURVE('',#2738,#2746,#2748,.T.);
#2746 = VERTEX_POINT('',#2747);
#2747 = CARTESIAN_POINT('',(-2.54,-3.37,7.));
#2748 = LINE('',#2749,#2750);
#2749 = CARTESIAN_POINT('',(-2.54,-3.83,7.));
#2750 = VECTOR('',#2751,1.);
#2751 = DIRECTION('',(0.,1.,0.));
#2752 = ORIENTED_EDGE('',*,*,#2753,.F.);
#2753 = EDGE_CURVE('',#2754,#2746,#2756,.T.);
#2754 = VERTEX_POINT('',#2755);
#2755 = CARTESIAN_POINT('',(-2.54,-3.37,0.));
#2756 = LINE('',#2757,#2758);
#2757 = CARTESIAN_POINT('',(-2.54,-3.37,0.));
#2758 = VECTOR('',#2759,1.);
#2759 = DIRECTION('',(0.,0.,1.));
#2760 = ORIENTED_EDGE('',*,*,#2761,.T.);
#2761 = EDGE_CURVE('',#2754,#2762,#2764,.T.);
#2762 = VERTEX_POINT('',#2763);
#2763 = CARTESIAN_POINT('',(-2.54,5.2,0.));
#2764 = LINE('',#2765,#2766);
#2765 = CARTESIAN_POINT('',(-2.54,-4.6,0.));
#2766 = VECTOR('',#2767,1.);
#2767 = DIRECTION('',(0.,1.,0.));
#2768 = ORIENTED_EDGE('',*,*,#2769,.T.);
#2769 = EDGE_CURVE('',#2762,#2770,#2772,.T.);
#2770 = VERTEX_POINT('',#2771);
#2771 = CARTESIAN_POINT('',(-2.54,5.2,4.57));
#2772 = LINE('',#2773,#2774);
#2773 = CARTESIAN_POINT('',(-2.54,5.2,0.));
#2774 = VECTOR('',#2775,1.);
#2775 = DIRECTION('',(0.,0.,1.));
#2776 = ORIENTED_EDGE('',*,*,#2777,.F.);
#2777 = EDGE_CURVE('',#2778,#2770,#2780,.T.);
#2778 = VERTEX_POINT('',#2779);
#2779 = CARTESIAN_POINT('',(-2.54,2.2,13.8));
#2780 = LINE('',#2781,#2782);
#2781 = CARTESIAN_POINT('',(-2.54,2.2,13.8));
#2782 = VECTOR('',#2783,1.);
#2783 = DIRECTION('',(0.,0.309109370483,-0.951026496518));
#2784 = ORIENTED_EDGE('',*,*,#2785,.T.);
#2785 = EDGE_CURVE('',#2778,#2704,#2786,.T.);
#2786 = LINE('',#2787,#2788);
#2787 = CARTESIAN_POINT('',(-2.54,5.2,13.8));
#2788 = VECTOR('',#2789,1.);
#2789 = DIRECTION('',(0.,-1.,0.));
#2790 = PLANE('',#2791);
#2791 = AXIS2_PLACEMENT_3D('',#2792,#2793,#2794);
#2792 = CARTESIAN_POINT('',(-2.54,0.3,6.9));
#2793 = DIRECTION('',(1.,0.,0.));
#2794 = DIRECTION('',(0.,0.,1.));
#2795 = ADVANCED_FACE('',(#2796),#2821,.F.);
#2796 = FACE_BOUND('',#2797,.F.);
#2797 = EDGE_LOOP('',(#2798,#2806,#2814,#2820));
#2798 = ORIENTED_EDGE('',*,*,#2799,.T.);
#2799 = EDGE_CURVE('',#2704,#2800,#2802,.T.);
#2800 = VERTEX_POINT('',#2801);
#2801 = CARTESIAN_POINT('',(7.62,-2.6,13.8));
#2802 = LINE('',#2803,#2804);
#2803 = CARTESIAN_POINT('',(-2.54,-2.6,13.8));
#2804 = VECTOR('',#2805,1.);
#2805 = DIRECTION('',(1.,0.,0.));
#2806 = ORIENTED_EDGE('',*,*,#2807,.T.);
#2807 = EDGE_CURVE('',#2800,#2808,#2810,.T.);
#2808 = VERTEX_POINT('',#2809);
#2809 = CARTESIAN_POINT('',(7.62,-4.1,7.4));
#2810 = LINE('',#2811,#2812);
#2811 = CARTESIAN_POINT('',(7.62,-2.6,13.8));
#2812 = VECTOR('',#2813,1.);
#2813 = DIRECTION('',(0.,-0.228191322789,-0.973616310568));
#2814 = ORIENTED_EDGE('',*,*,#2815,.F.);
#2815 = EDGE_CURVE('',#2706,#2808,#2816,.T.);
#2816 = LINE('',#2817,#2818);
#2817 = CARTESIAN_POINT('',(-2.54,-4.1,7.4));
#2818 = VECTOR('',#2819,1.);
#2819 = DIRECTION('',(1.,0.,0.));
#2820 = ORIENTED_EDGE('',*,*,#2703,.F.);
#2821 = PLANE('',#2822);
#2822 = AXIS2_PLACEMENT_3D('',#2823,#2824,#2825);
#2823 = CARTESIAN_POINT('',(-2.54,-2.6,13.8));
#2824 = DIRECTION('',(0.,0.973616310568,-0.228191322789));
#2825 = DIRECTION('',(0.,-0.228191322789,-0.973616310568));
#2826 = ADVANCED_FACE('',(#2827,#2845,#2856),#2867,.F.);
#2827 = FACE_BOUND('',#2828,.F.);
#2828 = EDGE_LOOP('',(#2829,#2830,#2838,#2844));
#2829 = ORIENTED_EDGE('',*,*,#2785,.F.);
#2830 = ORIENTED_EDGE('',*,*,#2831,.T.);
#2831 = EDGE_CURVE('',#2778,#2832,#2834,.T.);
#2832 = VERTEX_POINT('',#2833);
#2833 = CARTESIAN_POINT('',(7.62,2.2,13.8));
#2834 = LINE('',#2835,#2836);
#2835 = CARTESIAN_POINT('',(-2.54,2.2,13.8));
#2836 = VECTOR('',#2837,1.);
#2837 = DIRECTION('',(1.,0.,0.));
#2838 = ORIENTED_EDGE('',*,*,#2839,.T.);
#2839 = EDGE_CURVE('',#2832,#2800,#2840,.T.);
#2840 = LINE('',#2841,#2842);
#2841 = CARTESIAN_POINT('',(7.62,5.2,13.8));
#2842 = VECTOR('',#2843,1.);
#2843 = DIRECTION('',(0.,-1.,0.));
#2844 = ORIENTED_EDGE('',*,*,#2799,.F.);
#2845 = FACE_BOUND('',#2846,.F.);
#2846 = EDGE_LOOP('',(#2847));
#2847 = ORIENTED_EDGE('',*,*,#2848,.T.);
#2848 = EDGE_CURVE('',#2849,#2849,#2851,.T.);
#2849 = VERTEX_POINT('',#2850);
#2850 = CARTESIAN_POINT('',(2.,-0.2,13.8));
#2851 = CIRCLE('',#2852,2.);
#2852 = AXIS2_PLACEMENT_3D('',#2853,#2854,#2855);
#2853 = CARTESIAN_POINT('',(0.,-0.2,13.8));
#2854 = DIRECTION('',(0.,0.,1.));
#2855 = DIRECTION('',(1.,0.,-0.));
#2856 = FACE_BOUND('',#2857,.F.);
#2857 = EDGE_LOOP('',(#2858));
#2858 = ORIENTED_EDGE('',*,*,#2859,.T.);
#2859 = EDGE_CURVE('',#2860,#2860,#2862,.T.);
#2860 = VERTEX_POINT('',#2861);
#2861 = CARTESIAN_POINT('',(7.08,-0.2,13.8));
#2862 = CIRCLE('',#2863,2.);
#2863 = AXIS2_PLACEMENT_3D('',#2864,#2865,#2866);
#2864 = CARTESIAN_POINT('',(5.08,-0.2,13.8));
#2865 = DIRECTION('',(0.,0.,1.));
#2866 = DIRECTION('',(1.,0.,-0.));
#2867 = PLANE('',#2868);
#2868 = AXIS2_PLACEMENT_3D('',#2869,#2870,#2871);
#2869 = CARTESIAN_POINT('',(-2.54,5.2,13.8));
#2870 = DIRECTION('',(0.,0.,-1.));
#2871 = DIRECTION('',(0.,-1.,0.));
#2872 = ADVANCED_FACE('',(#2873),#2891,.T.);
#2873 = FACE_BOUND('',#2874,.T.);
#2874 = EDGE_LOOP('',(#2875,#2876,#2884,#2890));
#2875 = ORIENTED_EDGE('',*,*,#2831,.T.);
#2876 = ORIENTED_EDGE('',*,*,#2877,.T.);
#2877 = EDGE_CURVE('',#2832,#2878,#2880,.T.);
#2878 = VERTEX_POINT('',#2879);
#2879 = CARTESIAN_POINT('',(7.62,5.2,4.57));
#2880 = LINE('',#2881,#2882);
#2881 = CARTESIAN_POINT('',(7.62,2.2,13.8));
#2882 = VECTOR('',#2883,1.);
#2883 = DIRECTION('',(0.,0.309109370483,-0.951026496518));
#2884 = ORIENTED_EDGE('',*,*,#2885,.F.);
#2885 = EDGE_CURVE('',#2770,#2878,#2886,.T.);
#2886 = LINE('',#2887,#2888);
#2887 = CARTESIAN_POINT('',(-2.54,5.2,4.57));
#2888 = VECTOR('',#2889,1.);
#2889 = DIRECTION('',(1.,0.,0.));
#2890 = ORIENTED_EDGE('',*,*,#2777,.F.);
#2891 = PLANE('',#2892);
#2892 = AXIS2_PLACEMENT_3D('',#2893,#2894,#2895);
#2893 = CARTESIAN_POINT('',(-2.54,2.2,13.8));
#2894 = DIRECTION('',(0.,0.951026496518,0.309109370483));
#2895 = DIRECTION('',(0.,0.309109370483,-0.951026496518));
#2896 = ADVANCED_FACE('',(#2897),#2915,.F.);
#2897 = FACE_BOUND('',#2898,.F.);
#2898 = EDGE_LOOP('',(#2899,#2900,#2908,#2914));
#2899 = ORIENTED_EDGE('',*,*,#2769,.F.);
#2900 = ORIENTED_EDGE('',*,*,#2901,.T.);
#2901 = EDGE_CURVE('',#2762,#2902,#2904,.T.);
#2902 = VERTEX_POINT('',#2903);
#2903 = CARTESIAN_POINT('',(7.62,5.2,0.));
#2904 = LINE('',#2905,#2906);
#2905 = CARTESIAN_POINT('',(-2.54,5.2,0.));
#2906 = VECTOR('',#2907,1.);
#2907 = DIRECTION('',(1.,0.,0.));
#2908 = ORIENTED_EDGE('',*,*,#2909,.T.);
#2909 = EDGE_CURVE('',#2902,#2878,#2910,.T.);
#2910 = LINE('',#2911,#2912);
#2911 = CARTESIAN_POINT('',(7.62,5.2,0.));
#2912 = VECTOR('',#2913,1.);
#2913 = DIRECTION('',(0.,0.,1.));
#2914 = ORIENTED_EDGE('',*,*,#2885,.F.);
#2915 = PLANE('',#2916);
#2916 = AXIS2_PLACEMENT_3D('',#2917,#2918,#2919);
#2917 = CARTESIAN_POINT('',(-2.54,5.2,0.));
#2918 = DIRECTION('',(0.,-1.,0.));
#2919 = DIRECTION('',(0.,0.,1.));
#2920 = ADVANCED_FACE('',(#2921,#2994,#3028),#3062,.T.);
#2921 = FACE_BOUND('',#2922,.T.);
#2922 = EDGE_LOOP('',(#2923,#2924,#2932,#2940,#2946,#2947,#2948,#2956,
    #2964,#2972,#2980,#2988));
#2923 = ORIENTED_EDGE('',*,*,#2729,.T.);
#2924 = ORIENTED_EDGE('',*,*,#2925,.F.);
#2925 = EDGE_CURVE('',#2926,#2730,#2928,.T.);
#2926 = VERTEX_POINT('',#2927);
#2927 = CARTESIAN_POINT('',(-3.28,-4.06,0.));
#2928 = LINE('',#2929,#2930);
#2929 = CARTESIAN_POINT('',(-3.28,-4.06,0.));
#2930 = VECTOR('',#2931,1.);
#2931 = DIRECTION('',(0.954938084056,0.296805080179,0.));
#2932 = ORIENTED_EDGE('',*,*,#2933,.F.);
#2933 = EDGE_CURVE('',#2934,#2926,#2936,.T.);
#2934 = VERTEX_POINT('',#2935);
#2935 = CARTESIAN_POINT('',(-3.28,-3.14,0.));
#2936 = LINE('',#2937,#2938);
#2937 = CARTESIAN_POINT('',(-3.28,-3.14,0.));
#2938 = VECTOR('',#2939,1.);
#2939 = DIRECTION('',(0.,-1.,0.));
#2940 = ORIENTED_EDGE('',*,*,#2941,.F.);
#2941 = EDGE_CURVE('',#2754,#2934,#2942,.T.);
#2942 = LINE('',#2943,#2944);
#2943 = CARTESIAN_POINT('',(-2.54,-3.37,0.));
#2944 = VECTOR('',#2945,1.);
#2945 = DIRECTION('',(-0.954938084056,0.296805080179,0.));
#2946 = ORIENTED_EDGE('',*,*,#2761,.T.);
#2947 = ORIENTED_EDGE('',*,*,#2901,.T.);
#2948 = ORIENTED_EDGE('',*,*,#2949,.F.);
#2949 = EDGE_CURVE('',#2950,#2902,#2952,.T.);
#2950 = VERTEX_POINT('',#2951);
#2951 = CARTESIAN_POINT('',(7.62,-3.37,0.));
#2952 = LINE('',#2953,#2954);
#2953 = CARTESIAN_POINT('',(7.62,-4.6,0.));
#2954 = VECTOR('',#2955,1.);
#2955 = DIRECTION('',(0.,1.,0.));
#2956 = ORIENTED_EDGE('',*,*,#2957,.T.);
#2957 = EDGE_CURVE('',#2950,#2958,#2960,.T.);
#2958 = VERTEX_POINT('',#2959);
#2959 = CARTESIAN_POINT('',(6.88,-3.14,0.));
#2960 = LINE('',#2961,#2962);
#2961 = CARTESIAN_POINT('',(7.62,-3.37,0.));
#2962 = VECTOR('',#2963,1.);
#2963 = DIRECTION('',(-0.954938084056,0.296805080179,0.));
#2964 = ORIENTED_EDGE('',*,*,#2965,.T.);
#2965 = EDGE_CURVE('',#2958,#2966,#2968,.T.);
#2966 = VERTEX_POINT('',#2967);
#2967 = CARTESIAN_POINT('',(6.88,-4.06,0.));
#2968 = LINE('',#2969,#2970);
#2969 = CARTESIAN_POINT('',(6.88,-3.14,0.));
#2970 = VECTOR('',#2971,1.);
#2971 = DIRECTION('',(0.,-1.,0.));
#2972 = ORIENTED_EDGE('',*,*,#2973,.T.);
#2973 = EDGE_CURVE('',#2966,#2974,#2976,.T.);
#2974 = VERTEX_POINT('',#2975);
#2975 = CARTESIAN_POINT('',(7.62,-3.83,0.));
#2976 = LINE('',#2977,#2978);
#2977 = CARTESIAN_POINT('',(6.88,-4.06,0.));
#2978 = VECTOR('',#2979,1.);
#2979 = DIRECTION('',(0.954938084056,0.296805080179,0.));
#2980 = ORIENTED_EDGE('',*,*,#2981,.F.);
#2981 = EDGE_CURVE('',#2982,#2974,#2984,.T.);
#2982 = VERTEX_POINT('',#2983);
#2983 = CARTESIAN_POINT('',(7.62,-4.6,0.));
#2984 = LINE('',#2985,#2986);
#2985 = CARTESIAN_POINT('',(7.62,-4.6,0.));
#2986 = VECTOR('',#2987,1.);
#2987 = DIRECTION('',(0.,1.,0.));
#2988 = ORIENTED_EDGE('',*,*,#2989,.F.);
#2989 = EDGE_CURVE('',#2722,#2982,#2990,.T.);
#2990 = LINE('',#2991,#2992);
#2991 = CARTESIAN_POINT('',(-2.54,-4.6,0.));
#2992 = VECTOR('',#2993,1.);
#2993 = DIRECTION('',(1.,0.,0.));
#2994 = FACE_BOUND('',#2995,.T.);
#2995 = EDGE_LOOP('',(#2996,#3006,#3014,#3022));
#2996 = ORIENTED_EDGE('',*,*,#2997,.F.);
#2997 = EDGE_CURVE('',#2998,#3000,#3002,.T.);
#2998 = VERTEX_POINT('',#2999);
#2999 = CARTESIAN_POINT('',(0.45,-0.5,0.));
#3000 = VERTEX_POINT('',#3001);
#3001 = CARTESIAN_POINT('',(-0.45,-0.5,0.));
#3002 = LINE('',#3003,#3004);
#3003 = CARTESIAN_POINT('',(1.016455404463,-0.5,0.));
#3004 = VECTOR('',#3005,1.);
#3005 = DIRECTION('',(-1.,0.,0.));
#3006 = ORIENTED_EDGE('',*,*,#3007,.F.);
#3007 = EDGE_CURVE('',#3008,#2998,#3010,.T.);
#3008 = VERTEX_POINT('',#3009);
#3009 = CARTESIAN_POINT('',(0.45,0.5,0.));
#3010 = LINE('',#3011,#3012);
#3011 = CARTESIAN_POINT('',(0.45,-0.278389360104,0.));
#3012 = VECTOR('',#3013,1.);
#3013 = DIRECTION('',(0.,-1.,0.));
#3014 = ORIENTED_EDGE('',*,*,#3015,.F.);
#3015 = EDGE_CURVE('',#3016,#3008,#3018,.T.);
#3016 = VERTEX_POINT('',#3017);
#3017 = CARTESIAN_POINT('',(-0.45,0.5,0.));
#3018 = LINE('',#3019,#3020);
#3019 = CARTESIAN_POINT('',(1.466455404463,0.5,0.));
#3020 = VECTOR('',#3021,1.);
#3021 = DIRECTION('',(1.,0.,0.));
#3022 = ORIENTED_EDGE('',*,*,#3023,.F.);
#3023 = EDGE_CURVE('',#3000,#3016,#3024,.T.);
#3024 = LINE('',#3025,#3026);
#3025 = CARTESIAN_POINT('',(-0.45,0.221610639896,0.));
#3026 = VECTOR('',#3027,1.);
#3027 = DIRECTION('',(0.,1.,0.));
#3028 = FACE_BOUND('',#3029,.T.);
#3029 = EDGE_LOOP('',(#3030,#3040,#3048,#3056));
#3030 = ORIENTED_EDGE('',*,*,#3031,.F.);
#3031 = EDGE_CURVE('',#3032,#3034,#3036,.T.);
#3032 = VERTEX_POINT('',#3033);
#3033 = CARTESIAN_POINT('',(5.53,-0.5,0.));
#3034 = VERTEX_POINT('',#3035);
#3035 = CARTESIAN_POINT('',(4.63,-0.5,0.));
#3036 = LINE('',#3037,#3038);
#3037 = CARTESIAN_POINT('',(3.556455404463,-0.5,0.));
#3038 = VECTOR('',#3039,1.);
#3039 = DIRECTION('',(-1.,0.,0.));
#3040 = ORIENTED_EDGE('',*,*,#3041,.F.);
#3041 = EDGE_CURVE('',#3042,#3032,#3044,.T.);
#3042 = VERTEX_POINT('',#3043);
#3043 = CARTESIAN_POINT('',(5.53,0.5,0.));
#3044 = LINE('',#3045,#3046);
#3045 = CARTESIAN_POINT('',(5.53,-0.278389360104,0.));
#3046 = VECTOR('',#3047,1.);
#3047 = DIRECTION('',(0.,-1.,0.));
#3048 = ORIENTED_EDGE('',*,*,#3049,.F.);
#3049 = EDGE_CURVE('',#3050,#3042,#3052,.T.);
#3050 = VERTEX_POINT('',#3051);
#3051 = CARTESIAN_POINT('',(4.63,0.5,0.));
#3052 = LINE('',#3053,#3054);
#3053 = CARTESIAN_POINT('',(4.006455404463,0.5,0.));
#3054 = VECTOR('',#3055,1.);
#3055 = DIRECTION('',(1.,0.,0.));
#3056 = ORIENTED_EDGE('',*,*,#3057,.F.);
#3057 = EDGE_CURVE('',#3034,#3050,#3058,.T.);
#3058 = LINE('',#3059,#3060);
#3059 = CARTESIAN_POINT('',(4.63,0.221610639896,0.));
#3060 = VECTOR('',#3061,1.);
#3061 = DIRECTION('',(0.,1.,0.));
#3062 = PLANE('',#3063);
#3063 = AXIS2_PLACEMENT_3D('',#3064,#3065,#3066);
#3064 = CARTESIAN_POINT('',(2.482910808926,-5.677872020754E-02,0.));
#3065 = DIRECTION('',(-0.,-0.,-1.));
#3066 = DIRECTION('',(-1.,0.,0.));
#3067 = ADVANCED_FACE('',(#3068),#3086,.F.);
#3068 = FACE_BOUND('',#3069,.F.);
#3069 = EDGE_LOOP('',(#3070,#3071,#3079,#3085));
#3070 = ORIENTED_EDGE('',*,*,#2753,.T.);
#3071 = ORIENTED_EDGE('',*,*,#3072,.T.);
#3072 = EDGE_CURVE('',#2746,#3073,#3075,.T.);
#3073 = VERTEX_POINT('',#3074);
#3074 = CARTESIAN_POINT('',(-3.28,-3.14,7.));
#3075 = LINE('',#3076,#3077);
#3076 = CARTESIAN_POINT('',(-2.54,-3.37,7.));
#3077 = VECTOR('',#3078,1.);
#3078 = DIRECTION('',(-0.954938084056,0.296805080179,0.));
#3079 = ORIENTED_EDGE('',*,*,#3080,.F.);
#3080 = EDGE_CURVE('',#2934,#3073,#3081,.T.);
#3081 = LINE('',#3082,#3083);
#3082 = CARTESIAN_POINT('',(-3.28,-3.14,0.));
#3083 = VECTOR('',#3084,1.);
#3084 = DIRECTION('',(0.,0.,1.));
#3085 = ORIENTED_EDGE('',*,*,#2941,.F.);
#3086 = PLANE('',#3087);
#3087 = AXIS2_PLACEMENT_3D('',#3088,#3089,#3090);
#3088 = CARTESIAN_POINT('',(-2.54,-3.37,0.));
#3089 = DIRECTION('',(-0.296805080179,-0.954938084056,0.));
#3090 = DIRECTION('',(-0.954938084056,0.296805080179,0.));
#3091 = ADVANCED_FACE('',(#3092),#3110,.T.);
#3092 = FACE_BOUND('',#3093,.T.);
#3093 = EDGE_LOOP('',(#3094,#3095,#3103,#3109));
#3094 = ORIENTED_EDGE('',*,*,#3072,.T.);
#3095 = ORIENTED_EDGE('',*,*,#3096,.T.);
#3096 = EDGE_CURVE('',#3073,#3097,#3099,.T.);
#3097 = VERTEX_POINT('',#3098);
#3098 = CARTESIAN_POINT('',(-3.28,-4.06,7.));
#3099 = LINE('',#3100,#3101);
#3100 = CARTESIAN_POINT('',(-3.28,-3.14,7.));
#3101 = VECTOR('',#3102,1.);
#3102 = DIRECTION('',(0.,-1.,0.));
#3103 = ORIENTED_EDGE('',*,*,#3104,.T.);
#3104 = EDGE_CURVE('',#3097,#2738,#3105,.T.);
#3105 = LINE('',#3106,#3107);
#3106 = CARTESIAN_POINT('',(-3.28,-4.06,7.));
#3107 = VECTOR('',#3108,1.);
#3108 = DIRECTION('',(0.954938084056,0.296805080179,0.));
#3109 = ORIENTED_EDGE('',*,*,#2745,.T.);
#3110 = PLANE('',#3111);
#3111 = AXIS2_PLACEMENT_3D('',#3112,#3113,#3114);
#3112 = CARTESIAN_POINT('',(-2.968091935206,-3.6,7.));
#3113 = DIRECTION('',(0.,0.,1.));
#3114 = DIRECTION('',(1.,0.,-0.));
#3115 = ADVANCED_FACE('',(#3116),#3127,.F.);
#3116 = FACE_BOUND('',#3117,.F.);
#3117 = EDGE_LOOP('',(#3118,#3124,#3125,#3126));
#3118 = ORIENTED_EDGE('',*,*,#3119,.T.);
#3119 = EDGE_CURVE('',#2926,#3097,#3120,.T.);
#3120 = LINE('',#3121,#3122);
#3121 = CARTESIAN_POINT('',(-3.28,-4.06,0.));
#3122 = VECTOR('',#3123,1.);
#3123 = DIRECTION('',(0.,0.,1.));
#3124 = ORIENTED_EDGE('',*,*,#3104,.T.);
#3125 = ORIENTED_EDGE('',*,*,#2737,.F.);
#3126 = ORIENTED_EDGE('',*,*,#2925,.F.);
#3127 = PLANE('',#3128);
#3128 = AXIS2_PLACEMENT_3D('',#3129,#3130,#3131);
#3129 = CARTESIAN_POINT('',(-3.28,-4.06,0.));
#3130 = DIRECTION('',(-0.296805080179,0.954938084056,0.));
#3131 = DIRECTION('',(0.954938084056,0.296805080179,0.));
#3132 = ADVANCED_FACE('',(#3133,#3151,#3185),#3219,.F.);
#3133 = FACE_BOUND('',#3134,.F.);
#3134 = EDGE_LOOP('',(#3135,#3136,#3144,#3150));
#3135 = ORIENTED_EDGE('',*,*,#2721,.F.);
#3136 = ORIENTED_EDGE('',*,*,#3137,.T.);
#3137 = EDGE_CURVE('',#2714,#3138,#3140,.T.);
#3138 = VERTEX_POINT('',#3139);
#3139 = CARTESIAN_POINT('',(7.62,-4.6,7.4));
#3140 = LINE('',#3141,#3142);
#3141 = CARTESIAN_POINT('',(-2.54,-4.6,7.4));
#3142 = VECTOR('',#3143,1.);
#3143 = DIRECTION('',(1.,0.,0.));
#3144 = ORIENTED_EDGE('',*,*,#3145,.T.);
#3145 = EDGE_CURVE('',#3138,#2982,#3146,.T.);
#3146 = LINE('',#3147,#3148);
#3147 = CARTESIAN_POINT('',(7.62,-4.6,13.8));
#3148 = VECTOR('',#3149,1.);
#3149 = DIRECTION('',(0.,0.,-1.));
#3150 = ORIENTED_EDGE('',*,*,#2989,.F.);
#3151 = FACE_BOUND('',#3152,.F.);
#3152 = EDGE_LOOP('',(#3153,#3163,#3171,#3179));
#3153 = ORIENTED_EDGE('',*,*,#3154,.F.);
#3154 = EDGE_CURVE('',#3155,#3157,#3159,.T.);
#3155 = VERTEX_POINT('',#3156);
#3156 = CARTESIAN_POINT('',(6.88,-4.6,1.6));
#3157 = VERTEX_POINT('',#3158);
#3158 = CARTESIAN_POINT('',(3.28,-4.6,1.6));
#3159 = LINE('',#3160,#3161);
#3160 = CARTESIAN_POINT('',(6.88,-4.6,1.6));
#3161 = VECTOR('',#3162,1.);
#3162 = DIRECTION('',(-1.,0.,-1.233581138472E-16));
#3163 = ORIENTED_EDGE('',*,*,#3164,.F.);
#3164 = EDGE_CURVE('',#3165,#3155,#3167,.T.);
#3165 = VERTEX_POINT('',#3166);
#3166 = CARTESIAN_POINT('',(6.88,-4.6,6.8));
#3167 = LINE('',#3168,#3169);
#3168 = CARTESIAN_POINT('',(6.88,-4.6,6.8));
#3169 = VECTOR('',#3170,1.);
#3170 = DIRECTION('',(0.,0.,-1.));
#3171 = ORIENTED_EDGE('',*,*,#3172,.F.);
#3172 = EDGE_CURVE('',#3173,#3165,#3175,.T.);
#3173 = VERTEX_POINT('',#3174);
#3174 = CARTESIAN_POINT('',(3.28,-4.6,6.8));
#3175 = LINE('',#3176,#3177);
#3176 = CARTESIAN_POINT('',(3.28,-4.6,6.8));
#3177 = VECTOR('',#3178,1.);
#3178 = DIRECTION('',(1.,0.,2.467162276945E-16));
#3179 = ORIENTED_EDGE('',*,*,#3180,.F.);
#3180 = EDGE_CURVE('',#3157,#3173,#3181,.T.);
#3181 = LINE('',#3182,#3183);
#3182 = CARTESIAN_POINT('',(3.28,-4.6,1.6));
#3183 = VECTOR('',#3184,1.);
#3184 = DIRECTION('',(0.,0.,1.));
#3185 = FACE_BOUND('',#3186,.F.);
#3186 = EDGE_LOOP('',(#3187,#3197,#3205,#3213));
#3187 = ORIENTED_EDGE('',*,*,#3188,.F.);
#3188 = EDGE_CURVE('',#3189,#3191,#3193,.T.);
#3189 = VERTEX_POINT('',#3190);
#3190 = CARTESIAN_POINT('',(1.8,-4.6,1.6));
#3191 = VERTEX_POINT('',#3192);
#3192 = CARTESIAN_POINT('',(-1.8,-4.6,1.6));
#3193 = LINE('',#3194,#3195);
#3194 = CARTESIAN_POINT('',(1.8,-4.6,1.6));
#3195 = VECTOR('',#3196,1.);
#3196 = DIRECTION('',(-1.,0.,-1.233581138472E-16));
#3197 = ORIENTED_EDGE('',*,*,#3198,.F.);
#3198 = EDGE_CURVE('',#3199,#3189,#3201,.T.);
#3199 = VERTEX_POINT('',#3200);
#3200 = CARTESIAN_POINT('',(1.8,-4.6,6.8));
#3201 = LINE('',#3202,#3203);
#3202 = CARTESIAN_POINT('',(1.8,-4.6,6.8));
#3203 = VECTOR('',#3204,1.);
#3204 = DIRECTION('',(0.,0.,-1.));
#3205 = ORIENTED_EDGE('',*,*,#3206,.F.);
#3206 = EDGE_CURVE('',#3207,#3199,#3209,.T.);
#3207 = VERTEX_POINT('',#3208);
#3208 = CARTESIAN_POINT('',(-1.8,-4.6,6.8));
#3209 = LINE('',#3210,#3211);
#3210 = CARTESIAN_POINT('',(-1.8,-4.6,6.8));
#3211 = VECTOR('',#3212,1.);
#3212 = DIRECTION('',(1.,0.,2.467162276945E-16));
#3213 = ORIENTED_EDGE('',*,*,#3214,.F.);
#3214 = EDGE_CURVE('',#3191,#3207,#3215,.T.);
#3215 = LINE('',#3216,#3217);
#3216 = CARTESIAN_POINT('',(-1.8,-4.6,1.6));
#3217 = VECTOR('',#3218,1.);
#3218 = DIRECTION('',(0.,0.,1.));
#3219 = PLANE('',#3220);
#3220 = AXIS2_PLACEMENT_3D('',#3221,#3222,#3223);
#3221 = CARTESIAN_POINT('',(-2.54,-4.6,13.8));
#3222 = DIRECTION('',(0.,1.,0.));
#3223 = DIRECTION('',(0.,0.,-1.));
#3224 = ADVANCED_FACE('',(#3225),#3236,.F.);
#3225 = FACE_BOUND('',#3226,.F.);
#3226 = EDGE_LOOP('',(#3227,#3228,#3234,#3235));
#3227 = ORIENTED_EDGE('',*,*,#2815,.T.);
#3228 = ORIENTED_EDGE('',*,*,#3229,.T.);
#3229 = EDGE_CURVE('',#2808,#3138,#3230,.T.);
#3230 = LINE('',#3231,#3232);
#3231 = CARTESIAN_POINT('',(7.62,-4.1,7.4));
#3232 = VECTOR('',#3233,1.);
#3233 = DIRECTION('',(0.,-1.,0.));
#3234 = ORIENTED_EDGE('',*,*,#3137,.F.);
#3235 = ORIENTED_EDGE('',*,*,#2713,.F.);
#3236 = PLANE('',#3237);
#3237 = AXIS2_PLACEMENT_3D('',#3238,#3239,#3240);
#3238 = CARTESIAN_POINT('',(-2.54,-4.1,7.4));
#3239 = DIRECTION('',(0.,0.,-1.));
#3240 = DIRECTION('',(0.,-1.,0.));
#3241 = ADVANCED_FACE('',(#3242),#3274,.T.);
#3242 = FACE_BOUND('',#3243,.T.);
#3243 = EDGE_LOOP('',(#3244,#3245,#3246,#3247,#3248,#3256,#3264,#3270,
    #3271,#3272,#3273));
#3244 = ORIENTED_EDGE('',*,*,#2807,.T.);
#3245 = ORIENTED_EDGE('',*,*,#3229,.T.);
#3246 = ORIENTED_EDGE('',*,*,#3145,.T.);
#3247 = ORIENTED_EDGE('',*,*,#2981,.T.);
#3248 = ORIENTED_EDGE('',*,*,#3249,.T.);
#3249 = EDGE_CURVE('',#2974,#3250,#3252,.T.);
#3250 = VERTEX_POINT('',#3251);
#3251 = CARTESIAN_POINT('',(7.62,-3.83,7.));
#3252 = LINE('',#3253,#3254);
#3253 = CARTESIAN_POINT('',(7.62,-3.83,0.));
#3254 = VECTOR('',#3255,1.);
#3255 = DIRECTION('',(0.,0.,1.));
#3256 = ORIENTED_EDGE('',*,*,#3257,.T.);
#3257 = EDGE_CURVE('',#3250,#3258,#3260,.T.);
#3258 = VERTEX_POINT('',#3259);
#3259 = CARTESIAN_POINT('',(7.62,-3.37,7.));
#3260 = LINE('',#3261,#3262);
#3261 = CARTESIAN_POINT('',(7.62,-3.83,7.));
#3262 = VECTOR('',#3263,1.);
#3263 = DIRECTION('',(-3.861645303044E-15,1.,0.));
#3264 = ORIENTED_EDGE('',*,*,#3265,.F.);
#3265 = EDGE_CURVE('',#2950,#3258,#3266,.T.);
#3266 = LINE('',#3267,#3268);
#3267 = CARTESIAN_POINT('',(7.62,-3.37,0.));
#3268 = VECTOR('',#3269,1.);
#3269 = DIRECTION('',(0.,0.,1.));
#3270 = ORIENTED_EDGE('',*,*,#2949,.T.);
#3271 = ORIENTED_EDGE('',*,*,#2909,.T.);
#3272 = ORIENTED_EDGE('',*,*,#2877,.F.);
#3273 = ORIENTED_EDGE('',*,*,#2839,.T.);
#3274 = PLANE('',#3275);
#3275 = AXIS2_PLACEMENT_3D('',#3276,#3277,#3278);
#3276 = CARTESIAN_POINT('',(7.62,0.3,6.9));
#3277 = DIRECTION('',(1.,0.,0.));
#3278 = DIRECTION('',(0.,0.,1.));
#3279 = ADVANCED_FACE('',(#3280),#3385,.F.);
#3280 = FACE_BOUND('',#3281,.F.);
#3281 = EDGE_LOOP('',(#3282,#3290,#3291,#3292,#3301,#3309,#3318,#3326,
    #3335,#3343,#3352,#3361,#3370,#3378));
#3282 = ORIENTED_EDGE('',*,*,#3283,.F.);
#3283 = EDGE_CURVE('',#2849,#3284,#3286,.T.);
#3284 = VERTEX_POINT('',#3285);
#3285 = CARTESIAN_POINT('',(2.,-0.2,2.4));
#3286 = LINE('',#3287,#3288);
#3287 = CARTESIAN_POINT('',(2.,-0.2,13.8));
#3288 = VECTOR('',#3289,1.);
#3289 = DIRECTION('',(-0.,-0.,-1.));
#3290 = ORIENTED_EDGE('',*,*,#2848,.F.);
#3291 = ORIENTED_EDGE('',*,*,#3283,.T.);
#3292 = ORIENTED_EDGE('',*,*,#3293,.T.);
#3293 = EDGE_CURVE('',#3284,#3294,#3296,.T.);
#3294 = VERTEX_POINT('',#3295);
#3295 = CARTESIAN_POINT('',(1.4,1.228285685709,2.4));
#3296 = CIRCLE('',#3297,2.);
#3297 = AXIS2_PLACEMENT_3D('',#3298,#3299,#3300);
#3298 = CARTESIAN_POINT('',(0.,-0.2,2.4));
#3299 = DIRECTION('',(0.,0.,1.));
#3300 = DIRECTION('',(1.,0.,-0.));
#3301 = ORIENTED_EDGE('',*,*,#3302,.T.);
#3302 = EDGE_CURVE('',#3294,#3303,#3305,.T.);
#3303 = VERTEX_POINT('',#3304);
#3304 = CARTESIAN_POINT('',(1.4,1.228285685709,5.1));
#3305 = LINE('',#3306,#3307);
#3306 = CARTESIAN_POINT('',(1.4,1.228285685709,13.8));
#3307 = VECTOR('',#3308,1.);
#3308 = DIRECTION('',(0.,0.,1.));
#3309 = ORIENTED_EDGE('',*,*,#3310,.T.);
#3310 = EDGE_CURVE('',#3303,#3311,#3313,.T.);
#3311 = VERTEX_POINT('',#3312);
#3312 = CARTESIAN_POINT('',(-1.4,1.228285685709,5.1));
#3313 = CIRCLE('',#3314,2.);
#3314 = AXIS2_PLACEMENT_3D('',#3315,#3316,#3317);
#3315 = CARTESIAN_POINT('',(0.,-0.2,5.1));
#3316 = DIRECTION('',(0.,0.,1.));
#3317 = DIRECTION('',(1.,0.,-0.));
#3318 = ORIENTED_EDGE('',*,*,#3319,.F.);
#3319 = EDGE_CURVE('',#3320,#3311,#3322,.T.);
#3320 = VERTEX_POINT('',#3321);
#3321 = CARTESIAN_POINT('',(-1.4,1.228285685709,2.4));
#3322 = LINE('',#3323,#3324);
#3323 = CARTESIAN_POINT('',(-1.4,1.228285685709,13.8));
#3324 = VECTOR('',#3325,1.);
#3325 = DIRECTION('',(0.,0.,1.));
#3326 = ORIENTED_EDGE('',*,*,#3327,.T.);
#3327 = EDGE_CURVE('',#3320,#3328,#3330,.T.);
#3328 = VERTEX_POINT('',#3329);
#3329 = CARTESIAN_POINT('',(-1.4,-1.628285685709,2.4));
#3330 = CIRCLE('',#3331,2.);
#3331 = AXIS2_PLACEMENT_3D('',#3332,#3333,#3334);
#3332 = CARTESIAN_POINT('',(0.,-0.2,2.4));
#3333 = DIRECTION('',(0.,0.,1.));
#3334 = DIRECTION('',(1.,0.,-0.));
#3335 = ORIENTED_EDGE('',*,*,#3336,.T.);
#3336 = EDGE_CURVE('',#3328,#3337,#3339,.T.);
#3337 = VERTEX_POINT('',#3338);
#3338 = CARTESIAN_POINT('',(-1.4,-1.628285685709,5.1));
#3339 = LINE('',#3340,#3341);
#3340 = CARTESIAN_POINT('',(-1.4,-1.628285685709,13.8));
#3341 = VECTOR('',#3342,1.);
#3342 = DIRECTION('',(0.,0.,1.));
#3343 = ORIENTED_EDGE('',*,*,#3344,.T.);
#3344 = EDGE_CURVE('',#3337,#3345,#3347,.T.);
#3345 = VERTEX_POINT('',#3346);
#3346 = CARTESIAN_POINT('',(-0.871779788708,-2.,5.1));
#3347 = CIRCLE('',#3348,2.);
#3348 = AXIS2_PLACEMENT_3D('',#3349,#3350,#3351);
#3349 = CARTESIAN_POINT('',(0.,-0.2,5.1));
#3350 = DIRECTION('',(0.,0.,1.));
#3351 = DIRECTION('',(1.,0.,-0.));
#3352 = ORIENTED_EDGE('',*,*,#3353,.T.);
#3353 = EDGE_CURVE('',#3345,#3354,#3356,.T.);
#3354 = VERTEX_POINT('',#3355);
#3355 = CARTESIAN_POINT('',(0.871779788708,-2.,5.1));
#3356 = CIRCLE('',#3357,2.);
#3357 = AXIS2_PLACEMENT_3D('',#3358,#3359,#3360);
#3358 = CARTESIAN_POINT('',(0.,-0.2,5.1));
#3359 = DIRECTION('',(0.,0.,1.));
#3360 = DIRECTION('',(1.,0.,-0.));
#3361 = ORIENTED_EDGE('',*,*,#3362,.T.);
#3362 = EDGE_CURVE('',#3354,#3363,#3365,.T.);
#3363 = VERTEX_POINT('',#3364);
#3364 = CARTESIAN_POINT('',(1.4,-1.628285685709,5.1));
#3365 = CIRCLE('',#3366,2.);
#3366 = AXIS2_PLACEMENT_3D('',#3367,#3368,#3369);
#3367 = CARTESIAN_POINT('',(0.,-0.2,5.1));
#3368 = DIRECTION('',(0.,0.,1.));
#3369 = DIRECTION('',(1.,0.,-0.));
#3370 = ORIENTED_EDGE('',*,*,#3371,.F.);
#3371 = EDGE_CURVE('',#3372,#3363,#3374,.T.);
#3372 = VERTEX_POINT('',#3373);
#3373 = CARTESIAN_POINT('',(1.4,-1.628285685709,2.4));
#3374 = LINE('',#3375,#3376);
#3375 = CARTESIAN_POINT('',(1.4,-1.628285685709,13.8));
#3376 = VECTOR('',#3377,1.);
#3377 = DIRECTION('',(0.,0.,1.));
#3378 = ORIENTED_EDGE('',*,*,#3379,.T.);
#3379 = EDGE_CURVE('',#3372,#3284,#3380,.T.);
#3380 = CIRCLE('',#3381,2.);
#3381 = AXIS2_PLACEMENT_3D('',#3382,#3383,#3384);
#3382 = CARTESIAN_POINT('',(0.,-0.2,2.4));
#3383 = DIRECTION('',(0.,0.,1.));
#3384 = DIRECTION('',(1.,0.,-0.));
#3385 = CYLINDRICAL_SURFACE('',#3386,2.);
#3386 = AXIS2_PLACEMENT_3D('',#3387,#3388,#3389);
#3387 = CARTESIAN_POINT('',(0.,-0.2,13.8));
#3388 = DIRECTION('',(0.,0.,1.));
#3389 = DIRECTION('',(1.,0.,-0.));
#3390 = ADVANCED_FACE('',(#3391),#3496,.F.);
#3391 = FACE_BOUND('',#3392,.F.);
#3392 = EDGE_LOOP('',(#3393,#3401,#3402,#3403,#3412,#3420,#3429,#3437,
    #3446,#3454,#3463,#3472,#3481,#3489));
#3393 = ORIENTED_EDGE('',*,*,#3394,.F.);
#3394 = EDGE_CURVE('',#2860,#3395,#3397,.T.);
#3395 = VERTEX_POINT('',#3396);
#3396 = CARTESIAN_POINT('',(7.08,-0.2,2.4));
#3397 = LINE('',#3398,#3399);
#3398 = CARTESIAN_POINT('',(7.08,-0.2,13.8));
#3399 = VECTOR('',#3400,1.);
#3400 = DIRECTION('',(-0.,-0.,-1.));
#3401 = ORIENTED_EDGE('',*,*,#2859,.F.);
#3402 = ORIENTED_EDGE('',*,*,#3394,.T.);
#3403 = ORIENTED_EDGE('',*,*,#3404,.T.);
#3404 = EDGE_CURVE('',#3395,#3405,#3407,.T.);
#3405 = VERTEX_POINT('',#3406);
#3406 = CARTESIAN_POINT('',(6.48,1.228285685709,2.4));
#3407 = CIRCLE('',#3408,2.);
#3408 = AXIS2_PLACEMENT_3D('',#3409,#3410,#3411);
#3409 = CARTESIAN_POINT('',(5.08,-0.2,2.4));
#3410 = DIRECTION('',(0.,0.,1.));
#3411 = DIRECTION('',(1.,0.,-0.));
#3412 = ORIENTED_EDGE('',*,*,#3413,.T.);
#3413 = EDGE_CURVE('',#3405,#3414,#3416,.T.);
#3414 = VERTEX_POINT('',#3415);
#3415 = CARTESIAN_POINT('',(6.48,1.228285685709,5.1));
#3416 = LINE('',#3417,#3418);
#3417 = CARTESIAN_POINT('',(6.48,1.228285685709,13.8));
#3418 = VECTOR('',#3419,1.);
#3419 = DIRECTION('',(0.,0.,1.));
#3420 = ORIENTED_EDGE('',*,*,#3421,.T.);
#3421 = EDGE_CURVE('',#3414,#3422,#3424,.T.);
#3422 = VERTEX_POINT('',#3423);
#3423 = CARTESIAN_POINT('',(3.68,1.228285685708,5.1));
#3424 = CIRCLE('',#3425,2.);
#3425 = AXIS2_PLACEMENT_3D('',#3426,#3427,#3428);
#3426 = CARTESIAN_POINT('',(5.08,-0.2,5.1));
#3427 = DIRECTION('',(0.,0.,1.));
#3428 = DIRECTION('',(1.,0.,-0.));
#3429 = ORIENTED_EDGE('',*,*,#3430,.F.);
#3430 = EDGE_CURVE('',#3431,#3422,#3433,.T.);
#3431 = VERTEX_POINT('',#3432);
#3432 = CARTESIAN_POINT('',(3.68,1.228285685709,2.4));
#3433 = LINE('',#3434,#3435);
#3434 = CARTESIAN_POINT('',(3.68,1.228285685709,13.8));
#3435 = VECTOR('',#3436,1.);
#3436 = DIRECTION('',(0.,0.,1.));
#3437 = ORIENTED_EDGE('',*,*,#3438,.T.);
#3438 = EDGE_CURVE('',#3431,#3439,#3441,.T.);
#3439 = VERTEX_POINT('',#3440);
#3440 = CARTESIAN_POINT('',(3.68,-1.628285685709,2.4));
#3441 = CIRCLE('',#3442,2.);
#3442 = AXIS2_PLACEMENT_3D('',#3443,#3444,#3445);
#3443 = CARTESIAN_POINT('',(5.08,-0.2,2.4));
#3444 = DIRECTION('',(0.,0.,1.));
#3445 = DIRECTION('',(1.,0.,-0.));
#3446 = ORIENTED_EDGE('',*,*,#3447,.T.);
#3447 = EDGE_CURVE('',#3439,#3448,#3450,.T.);
#3448 = VERTEX_POINT('',#3449);
#3449 = CARTESIAN_POINT('',(3.68,-1.628285685708,5.1));
#3450 = LINE('',#3451,#3452);
#3451 = CARTESIAN_POINT('',(3.68,-1.628285685709,13.8));
#3452 = VECTOR('',#3453,1.);
#3453 = DIRECTION('',(0.,0.,1.));
#3454 = ORIENTED_EDGE('',*,*,#3455,.T.);
#3455 = EDGE_CURVE('',#3448,#3456,#3458,.T.);
#3456 = VERTEX_POINT('',#3457);
#3457 = CARTESIAN_POINT('',(4.208220211292,-2.,5.1));
#3458 = CIRCLE('',#3459,2.);
#3459 = AXIS2_PLACEMENT_3D('',#3460,#3461,#3462);
#3460 = CARTESIAN_POINT('',(5.08,-0.2,5.1));
#3461 = DIRECTION('',(0.,0.,1.));
#3462 = DIRECTION('',(1.,0.,-0.));
#3463 = ORIENTED_EDGE('',*,*,#3464,.T.);
#3464 = EDGE_CURVE('',#3456,#3465,#3467,.T.);
#3465 = VERTEX_POINT('',#3466);
#3466 = CARTESIAN_POINT('',(5.951779788708,-2.,5.1));
#3467 = CIRCLE('',#3468,2.);
#3468 = AXIS2_PLACEMENT_3D('',#3469,#3470,#3471);
#3469 = CARTESIAN_POINT('',(5.08,-0.2,5.1));
#3470 = DIRECTION('',(0.,0.,1.));
#3471 = DIRECTION('',(1.,0.,-0.));
#3472 = ORIENTED_EDGE('',*,*,#3473,.T.);
#3473 = EDGE_CURVE('',#3465,#3474,#3476,.T.);
#3474 = VERTEX_POINT('',#3475);
#3475 = CARTESIAN_POINT('',(6.48,-1.628285685709,5.1));
#3476 = CIRCLE('',#3477,2.);
#3477 = AXIS2_PLACEMENT_3D('',#3478,#3479,#3480);
#3478 = CARTESIAN_POINT('',(5.08,-0.2,5.1));
#3479 = DIRECTION('',(0.,0.,1.));
#3480 = DIRECTION('',(1.,0.,-0.));
#3481 = ORIENTED_EDGE('',*,*,#3482,.F.);
#3482 = EDGE_CURVE('',#3483,#3474,#3485,.T.);
#3483 = VERTEX_POINT('',#3484);
#3484 = CARTESIAN_POINT('',(6.48,-1.628285685709,2.4));
#3485 = LINE('',#3486,#3487);
#3486 = CARTESIAN_POINT('',(6.48,-1.628285685709,13.8));
#3487 = VECTOR('',#3488,1.);
#3488 = DIRECTION('',(0.,0.,1.));
#3489 = ORIENTED_EDGE('',*,*,#3490,.T.);
#3490 = EDGE_CURVE('',#3483,#3395,#3491,.T.);
#3491 = CIRCLE('',#3492,2.);
#3492 = AXIS2_PLACEMENT_3D('',#3493,#3494,#3495);
#3493 = CARTESIAN_POINT('',(5.08,-0.2,2.4));
#3494 = DIRECTION('',(0.,0.,1.));
#3495 = DIRECTION('',(1.,0.,-0.));
#3496 = CYLINDRICAL_SURFACE('',#3497,2.);
#3497 = AXIS2_PLACEMENT_3D('',#3498,#3499,#3500);
#3498 = CARTESIAN_POINT('',(5.08,-0.2,13.8));
#3499 = DIRECTION('',(0.,0.,1.));
#3500 = DIRECTION('',(1.,0.,-0.));
#3501 = ADVANCED_FACE('',(#3502),#3508,.F.);
#3502 = FACE_BOUND('',#3503,.F.);
#3503 = EDGE_LOOP('',(#3504,#3505,#3506,#3507));
#3504 = ORIENTED_EDGE('',*,*,#3080,.T.);
#3505 = ORIENTED_EDGE('',*,*,#3096,.T.);
#3506 = ORIENTED_EDGE('',*,*,#3119,.F.);
#3507 = ORIENTED_EDGE('',*,*,#2933,.F.);
#3508 = PLANE('',#3509);
#3509 = AXIS2_PLACEMENT_3D('',#3510,#3511,#3512);
#3510 = CARTESIAN_POINT('',(-3.28,-3.14,0.));
#3511 = DIRECTION('',(1.,0.,0.));
#3512 = DIRECTION('',(0.,-1.,0.));
#3513 = ADVANCED_FACE('',(#3514),#3532,.T.);
#3514 = FACE_BOUND('',#3515,.T.);
#3515 = EDGE_LOOP('',(#3516,#3524,#3530,#3531));
#3516 = ORIENTED_EDGE('',*,*,#3517,.T.);
#3517 = EDGE_CURVE('',#2966,#3518,#3520,.T.);
#3518 = VERTEX_POINT('',#3519);
#3519 = CARTESIAN_POINT('',(6.88,-4.06,7.));
#3520 = LINE('',#3521,#3522);
#3521 = CARTESIAN_POINT('',(6.88,-4.06,0.));
#3522 = VECTOR('',#3523,1.);
#3523 = DIRECTION('',(0.,0.,1.));
#3524 = ORIENTED_EDGE('',*,*,#3525,.T.);
#3525 = EDGE_CURVE('',#3518,#3250,#3526,.T.);
#3526 = LINE('',#3527,#3528);
#3527 = CARTESIAN_POINT('',(6.88,-4.06,7.));
#3528 = VECTOR('',#3529,1.);
#3529 = DIRECTION('',(0.954938084056,0.296805080179,0.));
#3530 = ORIENTED_EDGE('',*,*,#3249,.F.);
#3531 = ORIENTED_EDGE('',*,*,#2973,.F.);
#3532 = PLANE('',#3533);
#3533 = AXIS2_PLACEMENT_3D('',#3534,#3535,#3536);
#3534 = CARTESIAN_POINT('',(6.88,-4.06,0.));
#3535 = DIRECTION('',(-0.296805080179,0.954938084056,0.));
#3536 = DIRECTION('',(0.954938084056,0.296805080179,0.));
#3537 = ADVANCED_FACE('',(#3538),#3556,.T.);
#3538 = FACE_BOUND('',#3539,.T.);
#3539 = EDGE_LOOP('',(#3540,#3548,#3554,#3555));
#3540 = ORIENTED_EDGE('',*,*,#3541,.T.);
#3541 = EDGE_CURVE('',#2958,#3542,#3544,.T.);
#3542 = VERTEX_POINT('',#3543);
#3543 = CARTESIAN_POINT('',(6.88,-3.14,7.));
#3544 = LINE('',#3545,#3546);
#3545 = CARTESIAN_POINT('',(6.88,-3.14,0.));
#3546 = VECTOR('',#3547,1.);
#3547 = DIRECTION('',(0.,0.,1.));
#3548 = ORIENTED_EDGE('',*,*,#3549,.T.);
#3549 = EDGE_CURVE('',#3542,#3518,#3550,.T.);
#3550 = LINE('',#3551,#3552);
#3551 = CARTESIAN_POINT('',(6.88,-3.14,7.));
#3552 = VECTOR('',#3553,1.);
#3553 = DIRECTION('',(0.,-1.,0.));
#3554 = ORIENTED_EDGE('',*,*,#3517,.F.);
#3555 = ORIENTED_EDGE('',*,*,#2965,.F.);
#3556 = PLANE('',#3557);
#3557 = AXIS2_PLACEMENT_3D('',#3558,#3559,#3560);
#3558 = CARTESIAN_POINT('',(6.88,-3.14,0.));
#3559 = DIRECTION('',(1.,0.,0.));
#3560 = DIRECTION('',(0.,-1.,0.));
#3561 = ADVANCED_FACE('',(#3562),#3573,.T.);
#3562 = FACE_BOUND('',#3563,.T.);
#3563 = EDGE_LOOP('',(#3564,#3565,#3571,#3572));
#3564 = ORIENTED_EDGE('',*,*,#3265,.T.);
#3565 = ORIENTED_EDGE('',*,*,#3566,.T.);
#3566 = EDGE_CURVE('',#3258,#3542,#3567,.T.);
#3567 = LINE('',#3568,#3569);
#3568 = CARTESIAN_POINT('',(7.62,-3.37,7.));
#3569 = VECTOR('',#3570,1.);
#3570 = DIRECTION('',(-0.954938084056,0.296805080179,0.));
#3571 = ORIENTED_EDGE('',*,*,#3541,.F.);
#3572 = ORIENTED_EDGE('',*,*,#2957,.F.);
#3573 = PLANE('',#3574);
#3574 = AXIS2_PLACEMENT_3D('',#3575,#3576,#3577);
#3575 = CARTESIAN_POINT('',(7.62,-3.37,0.));
#3576 = DIRECTION('',(-0.296805080179,-0.954938084056,0.));
#3577 = DIRECTION('',(-0.954938084056,0.296805080179,0.));
#3578 = ADVANCED_FACE('',(#3579),#3604,.T.);
#3579 = FACE_BOUND('',#3580,.T.);
#3580 = EDGE_LOOP('',(#3581,#3582,#3590,#3598));
#3581 = ORIENTED_EDGE('',*,*,#2997,.T.);
#3582 = ORIENTED_EDGE('',*,*,#3583,.T.);
#3583 = EDGE_CURVE('',#3000,#3584,#3586,.T.);
#3584 = VERTEX_POINT('',#3585);
#3585 = CARTESIAN_POINT('',(-0.45,-0.5,-3.5));
#3586 = LINE('',#3587,#3588);
#3587 = CARTESIAN_POINT('',(-0.45,-0.5,2.4));
#3588 = VECTOR('',#3589,1.);
#3589 = DIRECTION('',(-0.,-0.,-1.));
#3590 = ORIENTED_EDGE('',*,*,#3591,.T.);
#3591 = EDGE_CURVE('',#3584,#3592,#3594,.T.);
#3592 = VERTEX_POINT('',#3593);
#3593 = CARTESIAN_POINT('',(0.45,-0.5,-3.5));
#3594 = LINE('',#3595,#3596);
#3595 = CARTESIAN_POINT('',(-0.45,-0.5,-3.5));
#3596 = VECTOR('',#3597,1.);
#3597 = DIRECTION('',(1.,0.,0.));
#3598 = ORIENTED_EDGE('',*,*,#3599,.F.);
#3599 = EDGE_CURVE('',#2998,#3592,#3600,.T.);
#3600 = LINE('',#3601,#3602);
#3601 = CARTESIAN_POINT('',(0.45,-0.5,2.4));
#3602 = VECTOR('',#3603,1.);
#3603 = DIRECTION('',(-0.,-0.,-1.));
#3604 = PLANE('',#3605);
#3605 = AXIS2_PLACEMENT_3D('',#3606,#3607,#3608);
#3606 = CARTESIAN_POINT('',(-0.45,-0.5,2.4));
#3607 = DIRECTION('',(0.,-1.,0.));
#3608 = DIRECTION('',(1.,0.,0.));
#3609 = ADVANCED_FACE('',(#3610),#3628,.T.);
#3610 = FACE_BOUND('',#3611,.T.);
#3611 = EDGE_LOOP('',(#3612,#3613,#3621,#3627));
#3612 = ORIENTED_EDGE('',*,*,#3023,.T.);
#3613 = ORIENTED_EDGE('',*,*,#3614,.T.);
#3614 = EDGE_CURVE('',#3016,#3615,#3617,.T.);
#3615 = VERTEX_POINT('',#3616);
#3616 = CARTESIAN_POINT('',(-0.45,0.5,-3.5));
#3617 = LINE('',#3618,#3619);
#3618 = CARTESIAN_POINT('',(-0.45,0.5,2.4));
#3619 = VECTOR('',#3620,1.);
#3620 = DIRECTION('',(-0.,-0.,-1.));
#3621 = ORIENTED_EDGE('',*,*,#3622,.T.);
#3622 = EDGE_CURVE('',#3615,#3584,#3623,.T.);
#3623 = LINE('',#3624,#3625);
#3624 = CARTESIAN_POINT('',(-0.45,0.5,-3.5));
#3625 = VECTOR('',#3626,1.);
#3626 = DIRECTION('',(0.,-1.,0.));
#3627 = ORIENTED_EDGE('',*,*,#3583,.F.);
#3628 = PLANE('',#3629);
#3629 = AXIS2_PLACEMENT_3D('',#3630,#3631,#3632);
#3630 = CARTESIAN_POINT('',(-0.45,0.5,2.4));
#3631 = DIRECTION('',(-1.,0.,0.));
#3632 = DIRECTION('',(0.,-1.,0.));
#3633 = ADVANCED_FACE('',(#3634),#3652,.T.);
#3634 = FACE_BOUND('',#3635,.T.);
#3635 = EDGE_LOOP('',(#3636,#3637,#3645,#3651));
#3636 = ORIENTED_EDGE('',*,*,#3015,.T.);
#3637 = ORIENTED_EDGE('',*,*,#3638,.T.);
#3638 = EDGE_CURVE('',#3008,#3639,#3641,.T.);
#3639 = VERTEX_POINT('',#3640);
#3640 = CARTESIAN_POINT('',(0.45,0.5,-3.5));
#3641 = LINE('',#3642,#3643);
#3642 = CARTESIAN_POINT('',(0.45,0.5,2.4));
#3643 = VECTOR('',#3644,1.);
#3644 = DIRECTION('',(-0.,-0.,-1.));
#3645 = ORIENTED_EDGE('',*,*,#3646,.T.);
#3646 = EDGE_CURVE('',#3639,#3615,#3647,.T.);
#3647 = LINE('',#3648,#3649);
#3648 = CARTESIAN_POINT('',(0.45,0.5,-3.5));
#3649 = VECTOR('',#3650,1.);
#3650 = DIRECTION('',(-1.,0.,0.));
#3651 = ORIENTED_EDGE('',*,*,#3614,.F.);
#3652 = PLANE('',#3653);
#3653 = AXIS2_PLACEMENT_3D('',#3654,#3655,#3656);
#3654 = CARTESIAN_POINT('',(0.45,0.5,2.4));
#3655 = DIRECTION('',(0.,1.,0.));
#3656 = DIRECTION('',(-1.,0.,0.));
#3657 = ADVANCED_FACE('',(#3658),#3669,.T.);
#3658 = FACE_BOUND('',#3659,.T.);
#3659 = EDGE_LOOP('',(#3660,#3661,#3662,#3668));
#3660 = ORIENTED_EDGE('',*,*,#3007,.T.);
#3661 = ORIENTED_EDGE('',*,*,#3599,.T.);
#3662 = ORIENTED_EDGE('',*,*,#3663,.T.);
#3663 = EDGE_CURVE('',#3592,#3639,#3664,.T.);
#3664 = LINE('',#3665,#3666);
#3665 = CARTESIAN_POINT('',(0.45,-0.5,-3.5));
#3666 = VECTOR('',#3667,1.);
#3667 = DIRECTION('',(0.,1.,0.));
#3668 = ORIENTED_EDGE('',*,*,#3638,.F.);
#3669 = PLANE('',#3670);
#3670 = AXIS2_PLACEMENT_3D('',#3671,#3672,#3673);
#3671 = CARTESIAN_POINT('',(0.45,-0.5,2.4));
#3672 = DIRECTION('',(1.,0.,0.));
#3673 = DIRECTION('',(-0.,1.,0.));
#3674 = ADVANCED_FACE('',(#3675),#3700,.T.);
#3675 = FACE_BOUND('',#3676,.T.);
#3676 = EDGE_LOOP('',(#3677,#3678,#3686,#3694));
#3677 = ORIENTED_EDGE('',*,*,#3031,.T.);
#3678 = ORIENTED_EDGE('',*,*,#3679,.T.);
#3679 = EDGE_CURVE('',#3034,#3680,#3682,.T.);
#3680 = VERTEX_POINT('',#3681);
#3681 = CARTESIAN_POINT('',(4.63,-0.5,-3.5));
#3682 = LINE('',#3683,#3684);
#3683 = CARTESIAN_POINT('',(4.63,-0.5,2.4));
#3684 = VECTOR('',#3685,1.);
#3685 = DIRECTION('',(-0.,-0.,-1.));
#3686 = ORIENTED_EDGE('',*,*,#3687,.T.);
#3687 = EDGE_CURVE('',#3680,#3688,#3690,.T.);
#3688 = VERTEX_POINT('',#3689);
#3689 = CARTESIAN_POINT('',(5.53,-0.5,-3.5));
#3690 = LINE('',#3691,#3692);
#3691 = CARTESIAN_POINT('',(4.63,-0.5,-3.5));
#3692 = VECTOR('',#3693,1.);
#3693 = DIRECTION('',(1.,0.,0.));
#3694 = ORIENTED_EDGE('',*,*,#3695,.F.);
#3695 = EDGE_CURVE('',#3032,#3688,#3696,.T.);
#3696 = LINE('',#3697,#3698);
#3697 = CARTESIAN_POINT('',(5.53,-0.5,2.4));
#3698 = VECTOR('',#3699,1.);
#3699 = DIRECTION('',(-0.,-0.,-1.));
#3700 = PLANE('',#3701);
#3701 = AXIS2_PLACEMENT_3D('',#3702,#3703,#3704);
#3702 = CARTESIAN_POINT('',(4.63,-0.5,2.4));
#3703 = DIRECTION('',(0.,-1.,0.));
#3704 = DIRECTION('',(1.,0.,0.));
#3705 = ADVANCED_FACE('',(#3706),#3724,.T.);
#3706 = FACE_BOUND('',#3707,.T.);
#3707 = EDGE_LOOP('',(#3708,#3709,#3717,#3723));
#3708 = ORIENTED_EDGE('',*,*,#3057,.T.);
#3709 = ORIENTED_EDGE('',*,*,#3710,.T.);
#3710 = EDGE_CURVE('',#3050,#3711,#3713,.T.);
#3711 = VERTEX_POINT('',#3712);
#3712 = CARTESIAN_POINT('',(4.63,0.5,-3.5));
#3713 = LINE('',#3714,#3715);
#3714 = CARTESIAN_POINT('',(4.63,0.5,2.4));
#3715 = VECTOR('',#3716,1.);
#3716 = DIRECTION('',(-0.,-0.,-1.));
#3717 = ORIENTED_EDGE('',*,*,#3718,.T.);
#3718 = EDGE_CURVE('',#3711,#3680,#3719,.T.);
#3719 = LINE('',#3720,#3721);
#3720 = CARTESIAN_POINT('',(4.63,0.5,-3.5));
#3721 = VECTOR('',#3722,1.);
#3722 = DIRECTION('',(0.,-1.,0.));
#3723 = ORIENTED_EDGE('',*,*,#3679,.F.);
#3724 = PLANE('',#3725);
#3725 = AXIS2_PLACEMENT_3D('',#3726,#3727,#3728);
#3726 = CARTESIAN_POINT('',(4.63,0.5,2.4));
#3727 = DIRECTION('',(-1.,0.,0.));
#3728 = DIRECTION('',(0.,-1.,0.));
#3729 = ADVANCED_FACE('',(#3730),#3748,.T.);
#3730 = FACE_BOUND('',#3731,.T.);
#3731 = EDGE_LOOP('',(#3732,#3733,#3741,#3747));
#3732 = ORIENTED_EDGE('',*,*,#3049,.T.);
#3733 = ORIENTED_EDGE('',*,*,#3734,.T.);
#3734 = EDGE_CURVE('',#3042,#3735,#3737,.T.);
#3735 = VERTEX_POINT('',#3736);
#3736 = CARTESIAN_POINT('',(5.53,0.5,-3.5));
#3737 = LINE('',#3738,#3739);
#3738 = CARTESIAN_POINT('',(5.53,0.5,2.4));
#3739 = VECTOR('',#3740,1.);
#3740 = DIRECTION('',(-0.,-0.,-1.));
#3741 = ORIENTED_EDGE('',*,*,#3742,.T.);
#3742 = EDGE_CURVE('',#3735,#3711,#3743,.T.);
#3743 = LINE('',#3744,#3745);
#3744 = CARTESIAN_POINT('',(5.53,0.5,-3.5));
#3745 = VECTOR('',#3746,1.);
#3746 = DIRECTION('',(-1.,0.,0.));
#3747 = ORIENTED_EDGE('',*,*,#3710,.F.);
#3748 = PLANE('',#3749);
#3749 = AXIS2_PLACEMENT_3D('',#3750,#3751,#3752);
#3750 = CARTESIAN_POINT('',(5.53,0.5,2.4));
#3751 = DIRECTION('',(0.,1.,0.));
#3752 = DIRECTION('',(-1.,0.,0.));
#3753 = ADVANCED_FACE('',(#3754),#3765,.T.);
#3754 = FACE_BOUND('',#3755,.T.);
#3755 = EDGE_LOOP('',(#3756,#3757,#3758,#3764));
#3756 = ORIENTED_EDGE('',*,*,#3041,.T.);
#3757 = ORIENTED_EDGE('',*,*,#3695,.T.);
#3758 = ORIENTED_EDGE('',*,*,#3759,.T.);
#3759 = EDGE_CURVE('',#3688,#3735,#3760,.T.);
#3760 = LINE('',#3761,#3762);
#3761 = CARTESIAN_POINT('',(5.53,-0.5,-3.5));
#3762 = VECTOR('',#3763,1.);
#3763 = DIRECTION('',(0.,1.,0.));
#3764 = ORIENTED_EDGE('',*,*,#3734,.F.);
#3765 = PLANE('',#3766);
#3766 = AXIS2_PLACEMENT_3D('',#3767,#3768,#3769);
#3767 = CARTESIAN_POINT('',(5.53,-0.5,2.4));
#3768 = DIRECTION('',(1.,0.,0.));
#3769 = DIRECTION('',(-0.,1.,0.));
#3770 = ADVANCED_FACE('',(#3771),#3794,.F.);
#3771 = FACE_BOUND('',#3772,.F.);
#3772 = EDGE_LOOP('',(#3773,#3783,#3788,#3789));
#3773 = ORIENTED_EDGE('',*,*,#3774,.T.);
#3774 = EDGE_CURVE('',#3775,#3777,#3779,.T.);
#3775 = VERTEX_POINT('',#3776);
#3776 = CARTESIAN_POINT('',(3.68,-3.8,2.4));
#3777 = VERTEX_POINT('',#3778);
#3778 = CARTESIAN_POINT('',(6.48,-3.8,2.4));
#3779 = LINE('',#3780,#3781);
#3780 = CARTESIAN_POINT('',(3.68,-3.8,2.4));
#3781 = VECTOR('',#3782,1.);
#3782 = DIRECTION('',(1.,0.,0.));
#3783 = ORIENTED_EDGE('',*,*,#3784,.T.);
#3784 = EDGE_CURVE('',#3777,#3155,#3785,.T.);
#3785 = B_SPLINE_CURVE_WITH_KNOTS('',1,(#3786,#3787),.UNSPECIFIED.,.F.,
  .F.,(2,2),(0.,1.),.PIECEWISE_BEZIER_KNOTS.);
#3786 = CARTESIAN_POINT('',(6.48,-3.8,2.4));
#3787 = CARTESIAN_POINT('',(6.88,-4.6,1.6));
#3788 = ORIENTED_EDGE('',*,*,#3154,.T.);
#3789 = ORIENTED_EDGE('',*,*,#3790,.F.);
#3790 = EDGE_CURVE('',#3775,#3157,#3791,.T.);
#3791 = B_SPLINE_CURVE_WITH_KNOTS('',1,(#3792,#3793),.UNSPECIFIED.,.F.,
  .F.,(2,2),(0.,1.),.PIECEWISE_BEZIER_KNOTS.);
#3792 = CARTESIAN_POINT('',(3.68,-3.8,2.4));
#3793 = CARTESIAN_POINT('',(3.28,-4.6,1.6));
#3794 = B_SPLINE_SURFACE_WITH_KNOTS('',1,1,(
    (#3795,#3796)
    ,(#3797,#3798
    )),.UNSPECIFIED.,.F.,.F.,.F.,(2,2),(2,2),(-3.6,0.),(0.,1.),
  .PIECEWISE_BEZIER_KNOTS.);
#3795 = CARTESIAN_POINT('',(3.68,-3.8,2.4));
#3796 = CARTESIAN_POINT('',(3.28,-4.6,1.6));
#3797 = CARTESIAN_POINT('',(6.48,-3.8,2.4));
#3798 = CARTESIAN_POINT('',(6.88,-4.6,1.6));
#3799 = ADVANCED_FACE('',(#3800),#3817,.F.);
#3800 = FACE_BOUND('',#3801,.F.);
#3801 = EDGE_LOOP('',(#3802,#3810,#3815,#3816));
#3802 = ORIENTED_EDGE('',*,*,#3803,.T.);
#3803 = EDGE_CURVE('',#3777,#3804,#3806,.T.);
#3804 = VERTEX_POINT('',#3805);
#3805 = CARTESIAN_POINT('',(6.48,-3.8,5.1));
#3806 = LINE('',#3807,#3808);
#3807 = CARTESIAN_POINT('',(6.48,-3.8,2.4));
#3808 = VECTOR('',#3809,1.);
#3809 = DIRECTION('',(0.,0.,1.));
#3810 = ORIENTED_EDGE('',*,*,#3811,.T.);
#3811 = EDGE_CURVE('',#3804,#3165,#3812,.T.);
#3812 = B_SPLINE_CURVE_WITH_KNOTS('',1,(#3813,#3814),.UNSPECIFIED.,.F.,
  .F.,(2,2),(0.,1.),.PIECEWISE_BEZIER_KNOTS.);
#3813 = CARTESIAN_POINT('',(6.48,-3.8,5.1));
#3814 = CARTESIAN_POINT('',(6.88,-4.6,6.8));
#3815 = ORIENTED_EDGE('',*,*,#3164,.T.);
#3816 = ORIENTED_EDGE('',*,*,#3784,.F.);
#3817 = B_SPLINE_SURFACE_WITH_KNOTS('',1,1,(
    (#3818,#3819)
    ,(#3820,#3821
    )),.UNSPECIFIED.,.F.,.F.,.F.,(2,2),(2,2),(-5.2,0.),(0.,1.),
  .PIECEWISE_BEZIER_KNOTS.);
#3818 = CARTESIAN_POINT('',(6.48,-3.8,2.4));
#3819 = CARTESIAN_POINT('',(6.88,-4.6,1.6));
#3820 = CARTESIAN_POINT('',(6.48,-3.8,5.1));
#3821 = CARTESIAN_POINT('',(6.88,-4.6,6.8));
#3822 = ADVANCED_FACE('',(#3823),#3840,.F.);
#3823 = FACE_BOUND('',#3824,.F.);
#3824 = EDGE_LOOP('',(#3825,#3833,#3834,#3835));
#3825 = ORIENTED_EDGE('',*,*,#3826,.T.);
#3826 = EDGE_CURVE('',#3827,#3775,#3829,.T.);
#3827 = VERTEX_POINT('',#3828);
#3828 = CARTESIAN_POINT('',(3.68,-3.8,5.1));
#3829 = LINE('',#3830,#3831);
#3830 = CARTESIAN_POINT('',(3.68,-3.8,5.1));
#3831 = VECTOR('',#3832,1.);
#3832 = DIRECTION('',(0.,0.,-1.));
#3833 = ORIENTED_EDGE('',*,*,#3790,.T.);
#3834 = ORIENTED_EDGE('',*,*,#3180,.T.);
#3835 = ORIENTED_EDGE('',*,*,#3836,.F.);
#3836 = EDGE_CURVE('',#3827,#3173,#3837,.T.);
#3837 = B_SPLINE_CURVE_WITH_KNOTS('',1,(#3838,#3839),.UNSPECIFIED.,.F.,
  .F.,(2,2),(0.,1.),.PIECEWISE_BEZIER_KNOTS.);
#3838 = CARTESIAN_POINT('',(3.68,-3.8,5.1));
#3839 = CARTESIAN_POINT('',(3.28,-4.6,6.8));
#3840 = B_SPLINE_SURFACE_WITH_KNOTS('',1,1,(
    (#3841,#3842)
    ,(#3843,#3844
    )),.UNSPECIFIED.,.F.,.F.,.F.,(2,2),(2,2),(-5.2,0.),(0.,1.),
  .PIECEWISE_BEZIER_KNOTS.);
#3841 = CARTESIAN_POINT('',(3.68,-3.8,5.1));
#3842 = CARTESIAN_POINT('',(3.28,-4.6,6.8));
#3843 = CARTESIAN_POINT('',(3.68,-3.8,2.4));
#3844 = CARTESIAN_POINT('',(3.28,-4.6,1.6));
#3845 = ADVANCED_FACE('',(#3846),#3857,.F.);
#3846 = FACE_BOUND('',#3847,.F.);
#3847 = EDGE_LOOP('',(#3848,#3854,#3855,#3856));
#3848 = ORIENTED_EDGE('',*,*,#3849,.T.);
#3849 = EDGE_CURVE('',#3804,#3827,#3850,.T.);
#3850 = LINE('',#3851,#3852);
#3851 = CARTESIAN_POINT('',(6.48,-3.8,5.1));
#3852 = VECTOR('',#3853,1.);
#3853 = DIRECTION('',(-1.,0.,0.));
#3854 = ORIENTED_EDGE('',*,*,#3836,.T.);
#3855 = ORIENTED_EDGE('',*,*,#3172,.T.);
#3856 = ORIENTED_EDGE('',*,*,#3811,.F.);
#3857 = B_SPLINE_SURFACE_WITH_KNOTS('',1,1,(
    (#3858,#3859)
    ,(#3860,#3861
    )),.UNSPECIFIED.,.F.,.F.,.F.,(2,2),(2,2),(-3.6,0.),(0.,1.),
  .PIECEWISE_BEZIER_KNOTS.);
#3858 = CARTESIAN_POINT('',(6.48,-3.8,5.1));
#3859 = CARTESIAN_POINT('',(6.88,-4.6,6.8));
#3860 = CARTESIAN_POINT('',(3.68,-3.8,5.1));
#3861 = CARTESIAN_POINT('',(3.28,-4.6,6.8));
#3862 = ADVANCED_FACE('',(#3863),#3886,.F.);
#3863 = FACE_BOUND('',#3864,.F.);
#3864 = EDGE_LOOP('',(#3865,#3875,#3880,#3881));
#3865 = ORIENTED_EDGE('',*,*,#3866,.T.);
#3866 = EDGE_CURVE('',#3867,#3869,#3871,.T.);
#3867 = VERTEX_POINT('',#3868);
#3868 = CARTESIAN_POINT('',(-1.4,-3.8,2.4));
#3869 = VERTEX_POINT('',#3870);
#3870 = CARTESIAN_POINT('',(1.4,-3.8,2.4));
#3871 = LINE('',#3872,#3873);
#3872 = CARTESIAN_POINT('',(-1.4,-3.8,2.4));
#3873 = VECTOR('',#3874,1.);
#3874 = DIRECTION('',(1.,0.,0.));
#3875 = ORIENTED_EDGE('',*,*,#3876,.T.);
#3876 = EDGE_CURVE('',#3869,#3189,#3877,.T.);
#3877 = B_SPLINE_CURVE_WITH_KNOTS('',1,(#3878,#3879),.UNSPECIFIED.,.F.,
  .F.,(2,2),(0.,1.),.PIECEWISE_BEZIER_KNOTS.);
#3878 = CARTESIAN_POINT('',(1.4,-3.8,2.4));
#3879 = CARTESIAN_POINT('',(1.8,-4.6,1.6));
#3880 = ORIENTED_EDGE('',*,*,#3188,.T.);
#3881 = ORIENTED_EDGE('',*,*,#3882,.F.);
#3882 = EDGE_CURVE('',#3867,#3191,#3883,.T.);
#3883 = B_SPLINE_CURVE_WITH_KNOTS('',1,(#3884,#3885),.UNSPECIFIED.,.F.,
  .F.,(2,2),(0.,1.),.PIECEWISE_BEZIER_KNOTS.);
#3884 = CARTESIAN_POINT('',(-1.4,-3.8,2.4));
#3885 = CARTESIAN_POINT('',(-1.8,-4.6,1.6));
#3886 = B_SPLINE_SURFACE_WITH_KNOTS('',1,1,(
    (#3887,#3888)
    ,(#3889,#3890
    )),.UNSPECIFIED.,.F.,.F.,.F.,(2,2),(2,2),(-3.6,0.),(0.,1.),
  .PIECEWISE_BEZIER_KNOTS.);
#3887 = CARTESIAN_POINT('',(-1.4,-3.8,2.4));
#3888 = CARTESIAN_POINT('',(-1.8,-4.6,1.6));
#3889 = CARTESIAN_POINT('',(1.4,-3.8,2.4));
#3890 = CARTESIAN_POINT('',(1.8,-4.6,1.6));
#3891 = ADVANCED_FACE('',(#3892),#3909,.F.);
#3892 = FACE_BOUND('',#3893,.F.);
#3893 = EDGE_LOOP('',(#3894,#3902,#3907,#3908));
#3894 = ORIENTED_EDGE('',*,*,#3895,.T.);
#3895 = EDGE_CURVE('',#3869,#3896,#3898,.T.);
#3896 = VERTEX_POINT('',#3897);
#3897 = CARTESIAN_POINT('',(1.4,-3.8,5.1));
#3898 = LINE('',#3899,#3900);
#3899 = CARTESIAN_POINT('',(1.4,-3.8,2.4));
#3900 = VECTOR('',#3901,1.);
#3901 = DIRECTION('',(0.,0.,1.));
#3902 = ORIENTED_EDGE('',*,*,#3903,.T.);
#3903 = EDGE_CURVE('',#3896,#3199,#3904,.T.);
#3904 = B_SPLINE_CURVE_WITH_KNOTS('',1,(#3905,#3906),.UNSPECIFIED.,.F.,
  .F.,(2,2),(0.,1.),.PIECEWISE_BEZIER_KNOTS.);
#3905 = CARTESIAN_POINT('',(1.4,-3.8,5.1));
#3906 = CARTESIAN_POINT('',(1.8,-4.6,6.8));
#3907 = ORIENTED_EDGE('',*,*,#3198,.T.);
#3908 = ORIENTED_EDGE('',*,*,#3876,.F.);
#3909 = B_SPLINE_SURFACE_WITH_KNOTS('',1,1,(
    (#3910,#3911)
    ,(#3912,#3913
    )),.UNSPECIFIED.,.F.,.F.,.F.,(2,2),(2,2),(-5.2,0.),(0.,1.),
  .PIECEWISE_BEZIER_KNOTS.);
#3910 = CARTESIAN_POINT('',(1.4,-3.8,2.4));
#3911 = CARTESIAN_POINT('',(1.8,-4.6,1.6));
#3912 = CARTESIAN_POINT('',(1.4,-3.8,5.1));
#3913 = CARTESIAN_POINT('',(1.8,-4.6,6.8));
#3914 = ADVANCED_FACE('',(#3915),#3932,.F.);
#3915 = FACE_BOUND('',#3916,.F.);
#3916 = EDGE_LOOP('',(#3917,#3925,#3926,#3927));
#3917 = ORIENTED_EDGE('',*,*,#3918,.T.);
#3918 = EDGE_CURVE('',#3919,#3867,#3921,.T.);
#3919 = VERTEX_POINT('',#3920);
#3920 = CARTESIAN_POINT('',(-1.4,-3.8,5.1));
#3921 = LINE('',#3922,#3923);
#3922 = CARTESIAN_POINT('',(-1.4,-3.8,5.1));
#3923 = VECTOR('',#3924,1.);
#3924 = DIRECTION('',(0.,0.,-1.));
#3925 = ORIENTED_EDGE('',*,*,#3882,.T.);
#3926 = ORIENTED_EDGE('',*,*,#3214,.T.);
#3927 = ORIENTED_EDGE('',*,*,#3928,.F.);
#3928 = EDGE_CURVE('',#3919,#3207,#3929,.T.);
#3929 = B_SPLINE_CURVE_WITH_KNOTS('',1,(#3930,#3931),.UNSPECIFIED.,.F.,
  .F.,(2,2),(0.,1.),.PIECEWISE_BEZIER_KNOTS.);
#3930 = CARTESIAN_POINT('',(-1.4,-3.8,5.1));
#3931 = CARTESIAN_POINT('',(-1.8,-4.6,6.8));
#3932 = B_SPLINE_SURFACE_WITH_KNOTS('',1,1,(
    (#3933,#3934)
    ,(#3935,#3936
    )),.UNSPECIFIED.,.F.,.F.,.F.,(2,2),(2,2),(-5.2,0.),(0.,1.),
  .PIECEWISE_BEZIER_KNOTS.);
#3933 = CARTESIAN_POINT('',(-1.4,-3.8,5.1));
#3934 = CARTESIAN_POINT('',(-1.8,-4.6,6.8));
#3935 = CARTESIAN_POINT('',(-1.4,-3.8,2.4));
#3936 = CARTESIAN_POINT('',(-1.8,-4.6,1.6));
#3937 = ADVANCED_FACE('',(#3938),#3949,.F.);
#3938 = FACE_BOUND('',#3939,.F.);
#3939 = EDGE_LOOP('',(#3940,#3946,#3947,#3948));
#3940 = ORIENTED_EDGE('',*,*,#3941,.T.);
#3941 = EDGE_CURVE('',#3896,#3919,#3942,.T.);
#3942 = LINE('',#3943,#3944);
#3943 = CARTESIAN_POINT('',(1.4,-3.8,5.1));
#3944 = VECTOR('',#3945,1.);
#3945 = DIRECTION('',(-1.,0.,0.));
#3946 = ORIENTED_EDGE('',*,*,#3928,.T.);
#3947 = ORIENTED_EDGE('',*,*,#3206,.T.);
#3948 = ORIENTED_EDGE('',*,*,#3903,.F.);
#3949 = B_SPLINE_SURFACE_WITH_KNOTS('',1,1,(
    (#3950,#3951)
    ,(#3952,#3953
    )),.UNSPECIFIED.,.F.,.F.,.F.,(2,2),(2,2),(-3.6,0.),(0.,1.),
  .PIECEWISE_BEZIER_KNOTS.);
#3950 = CARTESIAN_POINT('',(1.4,-3.8,5.1));
#3951 = CARTESIAN_POINT('',(1.8,-4.6,6.8));
#3952 = CARTESIAN_POINT('',(-1.4,-3.8,5.1));
#3953 = CARTESIAN_POINT('',(-1.8,-4.6,6.8));
#3954 = ADVANCED_FACE('',(#3955),#3961,.F.);
#3955 = FACE_BOUND('',#3956,.F.);
#3956 = EDGE_LOOP('',(#3957,#3958,#3959,#3960));
#3957 = ORIENTED_EDGE('',*,*,#3566,.T.);
#3958 = ORIENTED_EDGE('',*,*,#3549,.T.);
#3959 = ORIENTED_EDGE('',*,*,#3525,.T.);
#3960 = ORIENTED_EDGE('',*,*,#3257,.T.);
#3961 = PLANE('',#3962);
#3962 = AXIS2_PLACEMENT_3D('',#3963,#3964,#3965);
#3963 = CARTESIAN_POINT('',(7.191908064794,-3.6,7.));
#3964 = DIRECTION('',(0.,0.,1.));
#3965 = DIRECTION('',(1.,0.,-0.));
#3966 = ADVANCED_FACE('',(#3967),#3977,.T.);
#3967 = FACE_BOUND('',#3968,.T.);
#3968 = EDGE_LOOP('',(#3969,#3975,#3976));
#3969 = ORIENTED_EDGE('',*,*,#3970,.F.);
#3970 = EDGE_CURVE('',#3372,#3294,#3971,.T.);
#3971 = LINE('',#3972,#3973);
#3972 = CARTESIAN_POINT('',(1.4,-2.,2.4));
#3973 = VECTOR('',#3974,1.);
#3974 = DIRECTION('',(0.,1.,0.));
#3975 = ORIENTED_EDGE('',*,*,#3379,.T.);
#3976 = ORIENTED_EDGE('',*,*,#3293,.T.);
#3977 = PLANE('',#3978);
#3978 = AXIS2_PLACEMENT_3D('',#3979,#3980,#3981);
#3979 = CARTESIAN_POINT('',(7.70491144959E-03,-1.265782005125,2.4));
#3980 = DIRECTION('',(-4.370286341272E-18,-9.017547605327E-17,1.));
#3981 = DIRECTION('',(0.,1.,9.017547605327E-17));
#3982 = ADVANCED_FACE('',(#3983),#4010,.F.);
#3983 = FACE_BOUND('',#3984,.F.);
#3984 = EDGE_LOOP('',(#3985,#3986,#3987,#3995,#4003,#4009));
#3985 = ORIENTED_EDGE('',*,*,#3970,.F.);
#3986 = ORIENTED_EDGE('',*,*,#3371,.T.);
#3987 = ORIENTED_EDGE('',*,*,#3988,.T.);
#3988 = EDGE_CURVE('',#3363,#3989,#3991,.T.);
#3989 = VERTEX_POINT('',#3990);
#3990 = CARTESIAN_POINT('',(1.4,-1.484523257867,5.1));
#3991 = LINE('',#3992,#3993);
#3992 = CARTESIAN_POINT('',(1.4,-2.,5.1));
#3993 = VECTOR('',#3994,1.);
#3994 = DIRECTION('',(0.,1.,0.));
#3995 = ORIENTED_EDGE('',*,*,#3996,.T.);
#3996 = EDGE_CURVE('',#3989,#3997,#3999,.T.);
#3997 = VERTEX_POINT('',#3998);
#3998 = CARTESIAN_POINT('',(1.4,1.084523257867,5.1));
#3999 = LINE('',#4000,#4001);
#4000 = CARTESIAN_POINT('',(1.4,-2.,5.1));
#4001 = VECTOR('',#4002,1.);
#4002 = DIRECTION('',(0.,1.,0.));
#4003 = ORIENTED_EDGE('',*,*,#4004,.T.);
#4004 = EDGE_CURVE('',#3997,#3303,#4005,.T.);
#4005 = LINE('',#4006,#4007);
#4006 = CARTESIAN_POINT('',(1.4,-2.,5.1));
#4007 = VECTOR('',#4008,1.);
#4008 = DIRECTION('',(0.,1.,0.));
#4009 = ORIENTED_EDGE('',*,*,#3302,.F.);
#4010 = PLANE('',#4011);
#4011 = AXIS2_PLACEMENT_3D('',#4012,#4013,#4014);
#4012 = CARTESIAN_POINT('',(1.4,-2.,2.4));
#4013 = DIRECTION('',(-1.,0.,0.));
#4014 = DIRECTION('',(0.,1.,0.));
#4015 = ADVANCED_FACE('',(#4016),#4035,.T.);
#4016 = FACE_BOUND('',#4017,.T.);
#4017 = EDGE_LOOP('',(#4018,#4027,#4033,#4034));
#4018 = ORIENTED_EDGE('',*,*,#4019,.F.);
#4019 = EDGE_CURVE('',#4020,#3989,#4022,.T.);
#4020 = VERTEX_POINT('',#4021);
#4021 = CARTESIAN_POINT('',(0.60827625303,-2.,5.1));
#4022 = CIRCLE('',#4023,1.9);
#4023 = AXIS2_PLACEMENT_3D('',#4024,#4025,#4026);
#4024 = CARTESIAN_POINT('',(0.,-0.2,5.1));
#4025 = DIRECTION('',(0.,0.,1.));
#4026 = DIRECTION('',(1.,0.,-0.));
#4027 = ORIENTED_EDGE('',*,*,#4028,.T.);
#4028 = EDGE_CURVE('',#4020,#3354,#4029,.T.);
#4029 = LINE('',#4030,#4031);
#4030 = CARTESIAN_POINT('',(-1.4,-2.,5.1));
#4031 = VECTOR('',#4032,1.);
#4032 = DIRECTION('',(1.,0.,0.));
#4033 = ORIENTED_EDGE('',*,*,#3362,.T.);
#4034 = ORIENTED_EDGE('',*,*,#3988,.T.);
#4035 = PLANE('',#4036);
#4036 = AXIS2_PLACEMENT_3D('',#4037,#4038,#4039);
#4037 = CARTESIAN_POINT('',(0.,0.,5.1));
#4038 = DIRECTION('',(0.,0.,1.));
#4039 = DIRECTION('',(1.,0.,-0.));
#4040 = ADVANCED_FACE('',(#4041),#4073,.F.);
#4041 = FACE_BOUND('',#4042,.F.);
#4042 = EDGE_LOOP('',(#4043,#4051,#4052,#4060,#4066,#4067));
#4043 = ORIENTED_EDGE('',*,*,#4044,.F.);
#4044 = EDGE_CURVE('',#3919,#4045,#4047,.T.);
#4045 = VERTEX_POINT('',#4046);
#4046 = CARTESIAN_POINT('',(-1.4,-2.,5.1));
#4047 = LINE('',#4048,#4049);
#4048 = CARTESIAN_POINT('',(-1.4,-104.6,5.1));
#4049 = VECTOR('',#4050,1.);
#4050 = DIRECTION('',(0.,1.,0.));
#4051 = ORIENTED_EDGE('',*,*,#3941,.F.);
#4052 = ORIENTED_EDGE('',*,*,#4053,.T.);
#4053 = EDGE_CURVE('',#3896,#4054,#4056,.T.);
#4054 = VERTEX_POINT('',#4055);
#4055 = CARTESIAN_POINT('',(1.4,-2.,5.1));
#4056 = LINE('',#4057,#4058);
#4057 = CARTESIAN_POINT('',(1.4,-104.6,5.1));
#4058 = VECTOR('',#4059,1.);
#4059 = DIRECTION('',(0.,1.,0.));
#4060 = ORIENTED_EDGE('',*,*,#4061,.F.);
#4061 = EDGE_CURVE('',#3354,#4054,#4062,.T.);
#4062 = LINE('',#4063,#4064);
#4063 = CARTESIAN_POINT('',(-1.4,-2.,5.1));
#4064 = VECTOR('',#4065,1.);
#4065 = DIRECTION('',(1.,0.,0.));
#4066 = ORIENTED_EDGE('',*,*,#3353,.F.);
#4067 = ORIENTED_EDGE('',*,*,#4068,.F.);
#4068 = EDGE_CURVE('',#4045,#3345,#4069,.T.);
#4069 = LINE('',#4070,#4071);
#4070 = CARTESIAN_POINT('',(-1.4,-2.,5.1));
#4071 = VECTOR('',#4072,1.);
#4072 = DIRECTION('',(1.,0.,0.));
#4073 = PLANE('',#4074);
#4074 = AXIS2_PLACEMENT_3D('',#4075,#4076,#4077);
#4075 = CARTESIAN_POINT('',(1.4,-104.6,5.1));
#4076 = DIRECTION('',(0.,0.,1.));
#4077 = DIRECTION('',(-1.,0.,0.));
#4078 = ADVANCED_FACE('',(#4079),#4105,.T.);
#4079 = FACE_BOUND('',#4080,.T.);
#4080 = EDGE_LOOP('',(#4081,#4092,#4098,#4099));
#4081 = ORIENTED_EDGE('',*,*,#4082,.F.);
#4082 = EDGE_CURVE('',#4083,#4085,#4087,.T.);
#4083 = VERTEX_POINT('',#4084);
#4084 = CARTESIAN_POINT('',(-1.4,-1.484523257866,5.1));
#4085 = VERTEX_POINT('',#4086);
#4086 = CARTESIAN_POINT('',(-0.60827625303,-2.,5.1));
#4087 = CIRCLE('',#4088,1.9);
#4088 = AXIS2_PLACEMENT_3D('',#4089,#4090,#4091);
#4089 = CARTESIAN_POINT('',(0.,-0.2,5.1));
#4090 = DIRECTION('',(0.,0.,1.));
#4091 = DIRECTION('',(1.,0.,-0.));
#4092 = ORIENTED_EDGE('',*,*,#4093,.T.);
#4093 = EDGE_CURVE('',#4083,#3337,#4094,.T.);
#4094 = LINE('',#4095,#4096);
#4095 = CARTESIAN_POINT('',(-1.4,2.,5.1));
#4096 = VECTOR('',#4097,1.);
#4097 = DIRECTION('',(0.,-1.,0.));
#4098 = ORIENTED_EDGE('',*,*,#3344,.T.);
#4099 = ORIENTED_EDGE('',*,*,#4100,.T.);
#4100 = EDGE_CURVE('',#3345,#4085,#4101,.T.);
#4101 = LINE('',#4102,#4103);
#4102 = CARTESIAN_POINT('',(-1.4,-2.,5.1));
#4103 = VECTOR('',#4104,1.);
#4104 = DIRECTION('',(1.,0.,0.));
#4105 = PLANE('',#4106);
#4106 = AXIS2_PLACEMENT_3D('',#4107,#4108,#4109);
#4107 = CARTESIAN_POINT('',(0.,0.,5.1));
#4108 = DIRECTION('',(0.,0.,1.));
#4109 = DIRECTION('',(1.,0.,-0.));
#4110 = ADVANCED_FACE('',(#4111),#4136,.F.);
#4111 = FACE_BOUND('',#4112,.F.);
#4112 = EDGE_LOOP('',(#4113,#4114,#4122,#4128,#4129,#4130));
#4113 = ORIENTED_EDGE('',*,*,#3319,.T.);
#4114 = ORIENTED_EDGE('',*,*,#4115,.T.);
#4115 = EDGE_CURVE('',#3311,#4116,#4118,.T.);
#4116 = VERTEX_POINT('',#4117);
#4117 = CARTESIAN_POINT('',(-1.4,1.084523257866,5.1));
#4118 = LINE('',#4119,#4120);
#4119 = CARTESIAN_POINT('',(-1.4,2.,5.1));
#4120 = VECTOR('',#4121,1.);
#4121 = DIRECTION('',(0.,-1.,0.));
#4122 = ORIENTED_EDGE('',*,*,#4123,.T.);
#4123 = EDGE_CURVE('',#4116,#4083,#4124,.T.);
#4124 = LINE('',#4125,#4126);
#4125 = CARTESIAN_POINT('',(-1.4,2.,5.1));
#4126 = VECTOR('',#4127,1.);
#4127 = DIRECTION('',(0.,-1.,0.));
#4128 = ORIENTED_EDGE('',*,*,#4093,.T.);
#4129 = ORIENTED_EDGE('',*,*,#3336,.F.);
#4130 = ORIENTED_EDGE('',*,*,#4131,.F.);
#4131 = EDGE_CURVE('',#3320,#3328,#4132,.T.);
#4132 = LINE('',#4133,#4134);
#4133 = CARTESIAN_POINT('',(-1.4,2.,2.4));
#4134 = VECTOR('',#4135,1.);
#4135 = DIRECTION('',(0.,-1.,0.));
#4136 = PLANE('',#4137);
#4137 = AXIS2_PLACEMENT_3D('',#4138,#4139,#4140);
#4138 = CARTESIAN_POINT('',(-1.4,2.,2.4));
#4139 = DIRECTION('',(1.,0.,0.));
#4140 = DIRECTION('',(0.,-1.,0.));
#4141 = ADVANCED_FACE('',(#4142),#4146,.T.);
#4142 = FACE_BOUND('',#4143,.T.);
#4143 = EDGE_LOOP('',(#4144,#4145));
#4144 = ORIENTED_EDGE('',*,*,#3327,.T.);
#4145 = ORIENTED_EDGE('',*,*,#4131,.F.);
#4146 = PLANE('',#4147);
#4147 = AXIS2_PLACEMENT_3D('',#4148,#4149,#4150);
#4148 = CARTESIAN_POINT('',(7.70491144959E-03,-1.265782005125,2.4));
#4149 = DIRECTION('',(-4.370286341272E-18,-9.017547605327E-17,1.));
#4150 = DIRECTION('',(0.,1.,9.017547605327E-17));
#4151 = ADVANCED_FACE('',(#4152),#4164,.T.);
#4152 = FACE_BOUND('',#4153,.T.);
#4153 = EDGE_LOOP('',(#4154,#4155,#4156,#4163));
#4154 = ORIENTED_EDGE('',*,*,#3310,.T.);
#4155 = ORIENTED_EDGE('',*,*,#4115,.T.);
#4156 = ORIENTED_EDGE('',*,*,#4157,.F.);
#4157 = EDGE_CURVE('',#3997,#4116,#4158,.T.);
#4158 = CIRCLE('',#4159,1.9);
#4159 = AXIS2_PLACEMENT_3D('',#4160,#4161,#4162);
#4160 = CARTESIAN_POINT('',(0.,-0.2,5.1));
#4161 = DIRECTION('',(0.,0.,1.));
#4162 = DIRECTION('',(1.,0.,-0.));
#4163 = ORIENTED_EDGE('',*,*,#4004,.T.);
#4164 = PLANE('',#4165);
#4165 = AXIS2_PLACEMENT_3D('',#4166,#4167,#4168);
#4166 = CARTESIAN_POINT('',(0.,0.,5.1));
#4167 = DIRECTION('',(0.,0.,1.));
#4168 = DIRECTION('',(1.,0.,-0.));
#4169 = ADVANCED_FACE('',(#4170),#4180,.T.);
#4170 = FACE_BOUND('',#4171,.T.);
#4171 = EDGE_LOOP('',(#4172,#4178,#4179));
#4172 = ORIENTED_EDGE('',*,*,#4173,.F.);
#4173 = EDGE_CURVE('',#3483,#3405,#4174,.T.);
#4174 = LINE('',#4175,#4176);
#4175 = CARTESIAN_POINT('',(6.48,-2.,2.4));
#4176 = VECTOR('',#4177,1.);
#4177 = DIRECTION('',(0.,1.,0.));
#4178 = ORIENTED_EDGE('',*,*,#3490,.T.);
#4179 = ORIENTED_EDGE('',*,*,#3404,.T.);
#4180 = PLANE('',#4181);
#4181 = AXIS2_PLACEMENT_3D('',#4182,#4183,#4184);
#4182 = CARTESIAN_POINT('',(5.08770491145,-1.265782005125,2.4));
#4183 = DIRECTION('',(-4.370286341272E-18,-9.017547605327E-17,1.));
#4184 = DIRECTION('',(0.,1.,9.017547605327E-17));
#4185 = ADVANCED_FACE('',(#4186),#4213,.F.);
#4186 = FACE_BOUND('',#4187,.F.);
#4187 = EDGE_LOOP('',(#4188,#4189,#4190,#4198,#4206,#4212));
#4188 = ORIENTED_EDGE('',*,*,#4173,.F.);
#4189 = ORIENTED_EDGE('',*,*,#3482,.T.);
#4190 = ORIENTED_EDGE('',*,*,#4191,.T.);
#4191 = EDGE_CURVE('',#3474,#4192,#4194,.T.);
#4192 = VERTEX_POINT('',#4193);
#4193 = CARTESIAN_POINT('',(6.48,-1.484523257867,5.1));
#4194 = LINE('',#4195,#4196);
#4195 = CARTESIAN_POINT('',(6.48,-2.,5.1));
#4196 = VECTOR('',#4197,1.);
#4197 = DIRECTION('',(0.,1.,0.));
#4198 = ORIENTED_EDGE('',*,*,#4199,.T.);
#4199 = EDGE_CURVE('',#4192,#4200,#4202,.T.);
#4200 = VERTEX_POINT('',#4201);
#4201 = CARTESIAN_POINT('',(6.48,1.084523257867,5.1));
#4202 = LINE('',#4203,#4204);
#4203 = CARTESIAN_POINT('',(6.48,-2.,5.1));
#4204 = VECTOR('',#4205,1.);
#4205 = DIRECTION('',(0.,1.,0.));
#4206 = ORIENTED_EDGE('',*,*,#4207,.T.);
#4207 = EDGE_CURVE('',#4200,#3414,#4208,.T.);
#4208 = LINE('',#4209,#4210);
#4209 = CARTESIAN_POINT('',(6.48,-2.,5.1));
#4210 = VECTOR('',#4211,1.);
#4211 = DIRECTION('',(0.,1.,0.));
#4212 = ORIENTED_EDGE('',*,*,#3413,.F.);
#4213 = PLANE('',#4214);
#4214 = AXIS2_PLACEMENT_3D('',#4215,#4216,#4217);
#4215 = CARTESIAN_POINT('',(6.48,-2.,2.4));
#4216 = DIRECTION('',(-1.,0.,0.));
#4217 = DIRECTION('',(0.,1.,0.));
#4218 = ADVANCED_FACE('',(#4219),#4238,.T.);
#4219 = FACE_BOUND('',#4220,.T.);
#4220 = EDGE_LOOP('',(#4221,#4230,#4236,#4237));
#4221 = ORIENTED_EDGE('',*,*,#4222,.F.);
#4222 = EDGE_CURVE('',#4223,#4192,#4225,.T.);
#4223 = VERTEX_POINT('',#4224);
#4224 = CARTESIAN_POINT('',(5.68827625303,-2.,5.1));
#4225 = CIRCLE('',#4226,1.9);
#4226 = AXIS2_PLACEMENT_3D('',#4227,#4228,#4229);
#4227 = CARTESIAN_POINT('',(5.08,-0.2,5.1));
#4228 = DIRECTION('',(0.,0.,1.));
#4229 = DIRECTION('',(1.,0.,-0.));
#4230 = ORIENTED_EDGE('',*,*,#4231,.T.);
#4231 = EDGE_CURVE('',#4223,#3465,#4232,.T.);
#4232 = LINE('',#4233,#4234);
#4233 = CARTESIAN_POINT('',(3.68,-2.,5.1));
#4234 = VECTOR('',#4235,1.);
#4235 = DIRECTION('',(1.,0.,0.));
#4236 = ORIENTED_EDGE('',*,*,#3473,.T.);
#4237 = ORIENTED_EDGE('',*,*,#4191,.T.);
#4238 = PLANE('',#4239);
#4239 = AXIS2_PLACEMENT_3D('',#4240,#4241,#4242);
#4240 = CARTESIAN_POINT('',(5.08,0.,5.1));
#4241 = DIRECTION('',(0.,0.,1.));
#4242 = DIRECTION('',(1.,0.,-0.));
#4243 = ADVANCED_FACE('',(#4244),#4276,.F.);
#4244 = FACE_BOUND('',#4245,.F.);
#4245 = EDGE_LOOP('',(#4246,#4254,#4255,#4263,#4269,#4270));
#4246 = ORIENTED_EDGE('',*,*,#4247,.F.);
#4247 = EDGE_CURVE('',#3827,#4248,#4250,.T.);
#4248 = VERTEX_POINT('',#4249);
#4249 = CARTESIAN_POINT('',(3.68,-2.,5.1));
#4250 = LINE('',#4251,#4252);
#4251 = CARTESIAN_POINT('',(3.68,-104.6,5.1));
#4252 = VECTOR('',#4253,1.);
#4253 = DIRECTION('',(0.,1.,0.));
#4254 = ORIENTED_EDGE('',*,*,#3849,.F.);
#4255 = ORIENTED_EDGE('',*,*,#4256,.T.);
#4256 = EDGE_CURVE('',#3804,#4257,#4259,.T.);
#4257 = VERTEX_POINT('',#4258);
#4258 = CARTESIAN_POINT('',(6.48,-2.,5.1));
#4259 = LINE('',#4260,#4261);
#4260 = CARTESIAN_POINT('',(6.48,-104.6,5.1));
#4261 = VECTOR('',#4262,1.);
#4262 = DIRECTION('',(0.,1.,0.));
#4263 = ORIENTED_EDGE('',*,*,#4264,.F.);
#4264 = EDGE_CURVE('',#3465,#4257,#4265,.T.);
#4265 = LINE('',#4266,#4267);
#4266 = CARTESIAN_POINT('',(3.68,-2.,5.1));
#4267 = VECTOR('',#4268,1.);
#4268 = DIRECTION('',(1.,0.,0.));
#4269 = ORIENTED_EDGE('',*,*,#3464,.F.);
#4270 = ORIENTED_EDGE('',*,*,#4271,.F.);
#4271 = EDGE_CURVE('',#4248,#3456,#4272,.T.);
#4272 = LINE('',#4273,#4274);
#4273 = CARTESIAN_POINT('',(3.68,-2.,5.1));
#4274 = VECTOR('',#4275,1.);
#4275 = DIRECTION('',(1.,0.,0.));
#4276 = PLANE('',#4277);
#4277 = AXIS2_PLACEMENT_3D('',#4278,#4279,#4280);
#4278 = CARTESIAN_POINT('',(6.48,-104.6,5.1));
#4279 = DIRECTION('',(0.,0.,1.));
#4280 = DIRECTION('',(-1.,0.,0.));
#4281 = ADVANCED_FACE('',(#4282),#4308,.T.);
#4282 = FACE_BOUND('',#4283,.T.);
#4283 = EDGE_LOOP('',(#4284,#4295,#4301,#4302));
#4284 = ORIENTED_EDGE('',*,*,#4285,.F.);
#4285 = EDGE_CURVE('',#4286,#4288,#4290,.T.);
#4286 = VERTEX_POINT('',#4287);
#4287 = CARTESIAN_POINT('',(3.68,-1.484523257866,5.1));
#4288 = VERTEX_POINT('',#4289);
#4289 = CARTESIAN_POINT('',(4.47172374697,-2.,5.1));
#4290 = CIRCLE('',#4291,1.9);
#4291 = AXIS2_PLACEMENT_3D('',#4292,#4293,#4294);
#4292 = CARTESIAN_POINT('',(5.08,-0.2,5.1));
#4293 = DIRECTION('',(0.,0.,1.));
#4294 = DIRECTION('',(1.,0.,-0.));
#4295 = ORIENTED_EDGE('',*,*,#4296,.T.);
#4296 = EDGE_CURVE('',#4286,#3448,#4297,.T.);
#4297 = LINE('',#4298,#4299);
#4298 = CARTESIAN_POINT('',(3.68,2.,5.1));
#4299 = VECTOR('',#4300,1.);
#4300 = DIRECTION('',(0.,-1.,0.));
#4301 = ORIENTED_EDGE('',*,*,#3455,.T.);
#4302 = ORIENTED_EDGE('',*,*,#4303,.T.);
#4303 = EDGE_CURVE('',#3456,#4288,#4304,.T.);
#4304 = LINE('',#4305,#4306);
#4305 = CARTESIAN_POINT('',(3.68,-2.,5.1));
#4306 = VECTOR('',#4307,1.);
#4307 = DIRECTION('',(1.,0.,0.));
#4308 = PLANE('',#4309);
#4309 = AXIS2_PLACEMENT_3D('',#4310,#4311,#4312);
#4310 = CARTESIAN_POINT('',(5.08,0.,5.1));
#4311 = DIRECTION('',(0.,0.,1.));
#4312 = DIRECTION('',(1.,0.,-0.));
#4313 = ADVANCED_FACE('',(#4314),#4339,.F.);
#4314 = FACE_BOUND('',#4315,.F.);
#4315 = EDGE_LOOP('',(#4316,#4317,#4325,#4331,#4332,#4333));
#4316 = ORIENTED_EDGE('',*,*,#3430,.T.);
#4317 = ORIENTED_EDGE('',*,*,#4318,.T.);
#4318 = EDGE_CURVE('',#3422,#4319,#4321,.T.);
#4319 = VERTEX_POINT('',#4320);
#4320 = CARTESIAN_POINT('',(3.68,1.084523257866,5.1));
#4321 = LINE('',#4322,#4323);
#4322 = CARTESIAN_POINT('',(3.68,2.,5.1));
#4323 = VECTOR('',#4324,1.);
#4324 = DIRECTION('',(0.,-1.,0.));
#4325 = ORIENTED_EDGE('',*,*,#4326,.T.);
#4326 = EDGE_CURVE('',#4319,#4286,#4327,.T.);
#4327 = LINE('',#4328,#4329);
#4328 = CARTESIAN_POINT('',(3.68,2.,5.1));
#4329 = VECTOR('',#4330,1.);
#4330 = DIRECTION('',(0.,-1.,0.));
#4331 = ORIENTED_EDGE('',*,*,#4296,.T.);
#4332 = ORIENTED_EDGE('',*,*,#3447,.F.);
#4333 = ORIENTED_EDGE('',*,*,#4334,.F.);
#4334 = EDGE_CURVE('',#3431,#3439,#4335,.T.);
#4335 = LINE('',#4336,#4337);
#4336 = CARTESIAN_POINT('',(3.68,2.,2.4));
#4337 = VECTOR('',#4338,1.);
#4338 = DIRECTION('',(0.,-1.,0.));
#4339 = PLANE('',#4340);
#4340 = AXIS2_PLACEMENT_3D('',#4341,#4342,#4343);
#4341 = CARTESIAN_POINT('',(3.68,2.,2.4));
#4342 = DIRECTION('',(1.,0.,0.));
#4343 = DIRECTION('',(0.,-1.,0.));
#4344 = ADVANCED_FACE('',(#4345),#4349,.T.);
#4345 = FACE_BOUND('',#4346,.T.);
#4346 = EDGE_LOOP('',(#4347,#4348));
#4347 = ORIENTED_EDGE('',*,*,#3438,.T.);
#4348 = ORIENTED_EDGE('',*,*,#4334,.F.);
#4349 = PLANE('',#4350);
#4350 = AXIS2_PLACEMENT_3D('',#4351,#4352,#4353);
#4351 = CARTESIAN_POINT('',(5.08770491145,-1.265782005125,2.4));
#4352 = DIRECTION('',(-4.370286341272E-18,-9.017547605327E-17,1.));
#4353 = DIRECTION('',(0.,1.,9.017547605327E-17));
#4354 = ADVANCED_FACE('',(#4355),#4367,.T.);
#4355 = FACE_BOUND('',#4356,.T.);
#4356 = EDGE_LOOP('',(#4357,#4358,#4359,#4366));
#4357 = ORIENTED_EDGE('',*,*,#3421,.T.);
#4358 = ORIENTED_EDGE('',*,*,#4318,.T.);
#4359 = ORIENTED_EDGE('',*,*,#4360,.F.);
#4360 = EDGE_CURVE('',#4200,#4319,#4361,.T.);
#4361 = CIRCLE('',#4362,1.9);
#4362 = AXIS2_PLACEMENT_3D('',#4363,#4364,#4365);
#4363 = CARTESIAN_POINT('',(5.08,-0.2,5.1));
#4364 = DIRECTION('',(0.,0.,1.));
#4365 = DIRECTION('',(1.,0.,-0.));
#4366 = ORIENTED_EDGE('',*,*,#4207,.T.);
#4367 = PLANE('',#4368);
#4368 = AXIS2_PLACEMENT_3D('',#4369,#4370,#4371);
#4369 = CARTESIAN_POINT('',(5.08,0.,5.1));
#4370 = DIRECTION('',(0.,0.,1.));
#4371 = DIRECTION('',(1.,0.,-0.));
#4372 = ADVANCED_FACE('',(#4373),#4379,.F.);
#4373 = FACE_BOUND('',#4374,.F.);
#4374 = EDGE_LOOP('',(#4375,#4376,#4377,#4378));
#4375 = ORIENTED_EDGE('',*,*,#3591,.T.);
#4376 = ORIENTED_EDGE('',*,*,#3663,.T.);
#4377 = ORIENTED_EDGE('',*,*,#3646,.T.);
#4378 = ORIENTED_EDGE('',*,*,#3622,.T.);
#4379 = PLANE('',#4380);
#4380 = AXIS2_PLACEMENT_3D('',#4381,#4382,#4383);
#4381 = CARTESIAN_POINT('',(1.460819769244E-17,1.460819769244E-17,-3.5)
  );
#4382 = DIRECTION('',(0.,0.,1.));
#4383 = DIRECTION('',(1.,0.,-0.));
#4384 = ADVANCED_FACE('',(#4385),#4391,.F.);
#4385 = FACE_BOUND('',#4386,.F.);
#4386 = EDGE_LOOP('',(#4387,#4388,#4389,#4390));
#4387 = ORIENTED_EDGE('',*,*,#3687,.T.);
#4388 = ORIENTED_EDGE('',*,*,#3759,.T.);
#4389 = ORIENTED_EDGE('',*,*,#3742,.T.);
#4390 = ORIENTED_EDGE('',*,*,#3718,.T.);
#4391 = PLANE('',#4392);
#4392 = AXIS2_PLACEMENT_3D('',#4393,#4394,#4395);
#4393 = CARTESIAN_POINT('',(5.08,1.460819769244E-17,-3.5));
#4394 = DIRECTION('',(0.,0.,1.));
#4395 = DIRECTION('',(1.,0.,-0.));
#4396 = ADVANCED_FACE('',(#4397),#4422,.T.);
#4397 = FACE_BOUND('',#4398,.T.);
#4398 = EDGE_LOOP('',(#4399,#4407,#4408,#4416));
#4399 = ORIENTED_EDGE('',*,*,#4400,.F.);
#4400 = EDGE_CURVE('',#3775,#4401,#4403,.T.);
#4401 = VERTEX_POINT('',#4402);
#4402 = CARTESIAN_POINT('',(3.68,-2.,2.4));
#4403 = LINE('',#4404,#4405);
#4404 = CARTESIAN_POINT('',(3.68,-104.6,2.4));
#4405 = VECTOR('',#4406,1.);
#4406 = DIRECTION('',(0.,1.,0.));
#4407 = ORIENTED_EDGE('',*,*,#3774,.T.);
#4408 = ORIENTED_EDGE('',*,*,#4409,.T.);
#4409 = EDGE_CURVE('',#3777,#4410,#4412,.T.);
#4410 = VERTEX_POINT('',#4411);
#4411 = CARTESIAN_POINT('',(6.48,-2.,2.4));
#4412 = LINE('',#4413,#4414);
#4413 = CARTESIAN_POINT('',(6.48,-104.6,2.4));
#4414 = VECTOR('',#4415,1.);
#4415 = DIRECTION('',(0.,1.,0.));
#4416 = ORIENTED_EDGE('',*,*,#4417,.F.);
#4417 = EDGE_CURVE('',#4401,#4410,#4418,.T.);
#4418 = LINE('',#4419,#4420);
#4419 = CARTESIAN_POINT('',(3.68,-2.,2.4));
#4420 = VECTOR('',#4421,1.);
#4421 = DIRECTION('',(1.,0.,0.));
#4422 = PLANE('',#4423);
#4423 = AXIS2_PLACEMENT_3D('',#4424,#4425,#4426);
#4424 = CARTESIAN_POINT('',(5.08770491145,-1.265782005125,2.4));
#4425 = DIRECTION('',(-4.370286341272E-18,-9.017547605327E-17,1.));
#4426 = DIRECTION('',(0.,1.,9.017547605327E-17));
#4427 = ADVANCED_FACE('',(#4428),#4439,.F.);
#4428 = FACE_BOUND('',#4429,.F.);
#4429 = EDGE_LOOP('',(#4430,#4431,#4432,#4433));
#4430 = ORIENTED_EDGE('',*,*,#4256,.F.);
#4431 = ORIENTED_EDGE('',*,*,#3803,.F.);
#4432 = ORIENTED_EDGE('',*,*,#4409,.T.);
#4433 = ORIENTED_EDGE('',*,*,#4434,.T.);
#4434 = EDGE_CURVE('',#4410,#4257,#4435,.T.);
#4435 = LINE('',#4436,#4437);
#4436 = CARTESIAN_POINT('',(6.48,-2.,2.4));
#4437 = VECTOR('',#4438,1.);
#4438 = DIRECTION('',(0.,0.,1.));
#4439 = PLANE('',#4440);
#4440 = AXIS2_PLACEMENT_3D('',#4441,#4442,#4443);
#4441 = CARTESIAN_POINT('',(6.48,-104.6,2.4));
#4442 = DIRECTION('',(1.,0.,0.));
#4443 = DIRECTION('',(0.,0.,1.));
#4444 = ADVANCED_FACE('',(#4445),#4456,.F.);
#4445 = FACE_BOUND('',#4446,.F.);
#4446 = EDGE_LOOP('',(#4447,#4448,#4449,#4450));
#4447 = ORIENTED_EDGE('',*,*,#4400,.F.);
#4448 = ORIENTED_EDGE('',*,*,#3826,.F.);
#4449 = ORIENTED_EDGE('',*,*,#4247,.T.);
#4450 = ORIENTED_EDGE('',*,*,#4451,.F.);
#4451 = EDGE_CURVE('',#4401,#4248,#4452,.T.);
#4452 = LINE('',#4453,#4454);
#4453 = CARTESIAN_POINT('',(3.68,-2.,2.4));
#4454 = VECTOR('',#4455,1.);
#4455 = DIRECTION('',(0.,0.,1.));
#4456 = PLANE('',#4457);
#4457 = AXIS2_PLACEMENT_3D('',#4458,#4459,#4460);
#4458 = CARTESIAN_POINT('',(3.68,-104.6,5.1));
#4459 = DIRECTION('',(-1.,-0.,-0.));
#4460 = DIRECTION('',(0.,0.,-1.));
#4461 = ADVANCED_FACE('',(#4462),#4487,.T.);
#4462 = FACE_BOUND('',#4463,.T.);
#4463 = EDGE_LOOP('',(#4464,#4472,#4473,#4481));
#4464 = ORIENTED_EDGE('',*,*,#4465,.F.);
#4465 = EDGE_CURVE('',#3867,#4466,#4468,.T.);
#4466 = VERTEX_POINT('',#4467);
#4467 = CARTESIAN_POINT('',(-1.4,-2.,2.4));
#4468 = LINE('',#4469,#4470);
#4469 = CARTESIAN_POINT('',(-1.4,-104.6,2.4));
#4470 = VECTOR('',#4471,1.);
#4471 = DIRECTION('',(0.,1.,0.));
#4472 = ORIENTED_EDGE('',*,*,#3866,.T.);
#4473 = ORIENTED_EDGE('',*,*,#4474,.T.);
#4474 = EDGE_CURVE('',#3869,#4475,#4477,.T.);
#4475 = VERTEX_POINT('',#4476);
#4476 = CARTESIAN_POINT('',(1.4,-2.,2.4));
#4477 = LINE('',#4478,#4479);
#4478 = CARTESIAN_POINT('',(1.4,-104.6,2.4));
#4479 = VECTOR('',#4480,1.);
#4480 = DIRECTION('',(0.,1.,0.));
#4481 = ORIENTED_EDGE('',*,*,#4482,.F.);
#4482 = EDGE_CURVE('',#4466,#4475,#4483,.T.);
#4483 = LINE('',#4484,#4485);
#4484 = CARTESIAN_POINT('',(-1.4,-2.,2.4));
#4485 = VECTOR('',#4486,1.);
#4486 = DIRECTION('',(1.,0.,0.));
#4487 = PLANE('',#4488);
#4488 = AXIS2_PLACEMENT_3D('',#4489,#4490,#4491);
#4489 = CARTESIAN_POINT('',(7.70491144959E-03,-1.265782005125,2.4));
#4490 = DIRECTION('',(-4.370286341272E-18,-9.017547605327E-17,1.));
#4491 = DIRECTION('',(0.,1.,9.017547605327E-17));
#4492 = ADVANCED_FACE('',(#4493),#4504,.F.);
#4493 = FACE_BOUND('',#4494,.F.);
#4494 = EDGE_LOOP('',(#4495,#4496,#4497,#4498));
#4495 = ORIENTED_EDGE('',*,*,#4053,.F.);
#4496 = ORIENTED_EDGE('',*,*,#3895,.F.);
#4497 = ORIENTED_EDGE('',*,*,#4474,.T.);
#4498 = ORIENTED_EDGE('',*,*,#4499,.T.);
#4499 = EDGE_CURVE('',#4475,#4054,#4500,.T.);
#4500 = LINE('',#4501,#4502);
#4501 = CARTESIAN_POINT('',(1.4,-2.,2.4));
#4502 = VECTOR('',#4503,1.);
#4503 = DIRECTION('',(0.,0.,1.));
#4504 = PLANE('',#4505);
#4505 = AXIS2_PLACEMENT_3D('',#4506,#4507,#4508);
#4506 = CARTESIAN_POINT('',(1.4,-104.6,2.4));
#4507 = DIRECTION('',(1.,0.,0.));
#4508 = DIRECTION('',(0.,0.,1.));
#4509 = ADVANCED_FACE('',(#4510),#4521,.F.);
#4510 = FACE_BOUND('',#4511,.F.);
#4511 = EDGE_LOOP('',(#4512,#4513,#4514,#4515));
#4512 = ORIENTED_EDGE('',*,*,#4465,.F.);
#4513 = ORIENTED_EDGE('',*,*,#3918,.F.);
#4514 = ORIENTED_EDGE('',*,*,#4044,.T.);
#4515 = ORIENTED_EDGE('',*,*,#4516,.F.);
#4516 = EDGE_CURVE('',#4466,#4045,#4517,.T.);
#4517 = LINE('',#4518,#4519);
#4518 = CARTESIAN_POINT('',(-1.4,-2.,2.4));
#4519 = VECTOR('',#4520,1.);
#4520 = DIRECTION('',(0.,0.,1.));
#4521 = PLANE('',#4522);
#4522 = AXIS2_PLACEMENT_3D('',#4523,#4524,#4525);
#4523 = CARTESIAN_POINT('',(-1.4,-104.6,5.1));
#4524 = DIRECTION('',(-1.,-0.,-0.));
#4525 = DIRECTION('',(0.,0.,-1.));
#4526 = ADVANCED_FACE('',(#4527),#4546,.F.);
#4527 = FACE_BOUND('',#4528,.F.);
#4528 = EDGE_LOOP('',(#4529,#4538,#4545));
#4529 = ORIENTED_EDGE('',*,*,#4530,.T.);
#4530 = EDGE_CURVE('',#3989,#4531,#4533,.T.);
#4531 = VERTEX_POINT('',#4532);
#4532 = CARTESIAN_POINT('',(1.9,-0.2,5.1));
#4533 = CIRCLE('',#4534,1.9);
#4534 = AXIS2_PLACEMENT_3D('',#4535,#4536,#4537);
#4535 = CARTESIAN_POINT('',(0.,-0.2,5.1));
#4536 = DIRECTION('',(0.,0.,1.));
#4537 = DIRECTION('',(1.,0.,-0.));
#4538 = ORIENTED_EDGE('',*,*,#4539,.T.);
#4539 = EDGE_CURVE('',#4531,#3997,#4540,.T.);
#4540 = CIRCLE('',#4541,1.9);
#4541 = AXIS2_PLACEMENT_3D('',#4542,#4543,#4544);
#4542 = CARTESIAN_POINT('',(0.,-0.2,5.1));
#4543 = DIRECTION('',(0.,0.,1.));
#4544 = DIRECTION('',(1.,0.,-0.));
#4545 = ORIENTED_EDGE('',*,*,#3996,.F.);
#4546 = PLANE('',#4547);
#4547 = AXIS2_PLACEMENT_3D('',#4548,#4549,#4550);
#4548 = CARTESIAN_POINT('',(-1.799263332289E-16,-0.2,5.1));
#4549 = DIRECTION('',(0.,0.,1.));
#4550 = DIRECTION('',(1.,0.,-0.));
#4551 = ADVANCED_FACE('',(#4552),#4657,.T.);
#4552 = FACE_BOUND('',#4553,.T.);
#4553 = EDGE_LOOP('',(#4554,#4565,#4573,#4582,#4590,#4599,#4607,#4616,
    #4624,#4631,#4637,#4638,#4639,#4646,#4647,#4654,#4655,#4656));
#4554 = ORIENTED_EDGE('',*,*,#4555,.F.);
#4555 = EDGE_CURVE('',#4556,#4558,#4560,.T.);
#4556 = VERTEX_POINT('',#4557);
#4557 = CARTESIAN_POINT('',(0.35,-2.067484939698,13.6));
#4558 = VERTEX_POINT('',#4559);
#4559 = CARTESIAN_POINT('',(1.9,-0.2,13.6));
#4560 = CIRCLE('',#4561,1.9);
#4561 = AXIS2_PLACEMENT_3D('',#4562,#4563,#4564);
#4562 = CARTESIAN_POINT('',(0.,-0.2,13.6));
#4563 = DIRECTION('',(0.,0.,1.));
#4564 = DIRECTION('',(1.,0.,-0.));
#4565 = ORIENTED_EDGE('',*,*,#4566,.T.);
#4566 = EDGE_CURVE('',#4556,#4567,#4569,.T.);
#4567 = VERTEX_POINT('',#4568);
#4568 = CARTESIAN_POINT('',(0.35,-2.067484939698,12.9));
#4569 = LINE('',#4570,#4571);
#4570 = CARTESIAN_POINT('',(0.35,-2.067484939698,5.1));
#4571 = VECTOR('',#4572,1.);
#4572 = DIRECTION('',(-0.,-0.,-1.));
#4573 = ORIENTED_EDGE('',*,*,#4574,.T.);
#4574 = EDGE_CURVE('',#4567,#4575,#4577,.T.);
#4575 = VERTEX_POINT('',#4576);
#4576 = CARTESIAN_POINT('',(-0.35,-2.067484939698,12.9));
#4577 = CIRCLE('',#4578,1.9);
#4578 = AXIS2_PLACEMENT_3D('',#4579,#4580,#4581);
#4579 = CARTESIAN_POINT('',(0.,-0.2,12.9));
#4580 = DIRECTION('',(0.,0.,-1.));
#4581 = DIRECTION('',(1.,0.,0.));
#4582 = ORIENTED_EDGE('',*,*,#4583,.F.);
#4583 = EDGE_CURVE('',#4584,#4575,#4586,.T.);
#4584 = VERTEX_POINT('',#4585);
#4585 = CARTESIAN_POINT('',(-0.35,-2.067484939698,13.6));
#4586 = LINE('',#4587,#4588);
#4587 = CARTESIAN_POINT('',(-0.35,-2.067484939698,5.1));
#4588 = VECTOR('',#4589,1.);
#4589 = DIRECTION('',(-0.,-0.,-1.));
#4590 = ORIENTED_EDGE('',*,*,#4591,.F.);
#4591 = EDGE_CURVE('',#4592,#4584,#4594,.T.);
#4592 = VERTEX_POINT('',#4593);
#4593 = CARTESIAN_POINT('',(-0.35,1.667484939698,13.6));
#4594 = CIRCLE('',#4595,1.9);
#4595 = AXIS2_PLACEMENT_3D('',#4596,#4597,#4598);
#4596 = CARTESIAN_POINT('',(0.,-0.2,13.6));
#4597 = DIRECTION('',(0.,0.,1.));
#4598 = DIRECTION('',(1.,0.,-0.));
#4599 = ORIENTED_EDGE('',*,*,#4600,.T.);
#4600 = EDGE_CURVE('',#4592,#4601,#4603,.T.);
#4601 = VERTEX_POINT('',#4602);
#4602 = CARTESIAN_POINT('',(-0.35,1.667484939698,12.9));
#4603 = LINE('',#4604,#4605);
#4604 = CARTESIAN_POINT('',(-0.35,1.667484939698,5.1));
#4605 = VECTOR('',#4606,1.);
#4606 = DIRECTION('',(-0.,-0.,-1.));
#4607 = ORIENTED_EDGE('',*,*,#4608,.T.);
#4608 = EDGE_CURVE('',#4601,#4609,#4611,.T.);
#4609 = VERTEX_POINT('',#4610);
#4610 = CARTESIAN_POINT('',(0.35,1.667484939698,12.9));
#4611 = CIRCLE('',#4612,1.9);
#4612 = AXIS2_PLACEMENT_3D('',#4613,#4614,#4615);
#4613 = CARTESIAN_POINT('',(0.,-0.2,12.9));
#4614 = DIRECTION('',(0.,0.,-1.));
#4615 = DIRECTION('',(1.,0.,0.));
#4616 = ORIENTED_EDGE('',*,*,#4617,.F.);
#4617 = EDGE_CURVE('',#4618,#4609,#4620,.T.);
#4618 = VERTEX_POINT('',#4619);
#4619 = CARTESIAN_POINT('',(0.35,1.667484939698,13.6));
#4620 = LINE('',#4621,#4622);
#4621 = CARTESIAN_POINT('',(0.35,1.667484939698,5.1));
#4622 = VECTOR('',#4623,1.);
#4623 = DIRECTION('',(-0.,-0.,-1.));
#4624 = ORIENTED_EDGE('',*,*,#4625,.F.);
#4625 = EDGE_CURVE('',#4558,#4618,#4626,.T.);
#4626 = CIRCLE('',#4627,1.9);
#4627 = AXIS2_PLACEMENT_3D('',#4628,#4629,#4630);
#4628 = CARTESIAN_POINT('',(0.,-0.2,13.6));
#4629 = DIRECTION('',(0.,0.,1.));
#4630 = DIRECTION('',(1.,0.,-0.));
#4631 = ORIENTED_EDGE('',*,*,#4632,.F.);
#4632 = EDGE_CURVE('',#4531,#4558,#4633,.T.);
#4633 = LINE('',#4634,#4635);
#4634 = CARTESIAN_POINT('',(1.9,-0.2,5.1));
#4635 = VECTOR('',#4636,1.);
#4636 = DIRECTION('',(0.,0.,1.));
#4637 = ORIENTED_EDGE('',*,*,#4539,.T.);
#4638 = ORIENTED_EDGE('',*,*,#4157,.T.);
#4639 = ORIENTED_EDGE('',*,*,#4640,.T.);
#4640 = EDGE_CURVE('',#4116,#4083,#4641,.T.);
#4641 = CIRCLE('',#4642,1.9);
#4642 = AXIS2_PLACEMENT_3D('',#4643,#4644,#4645);
#4643 = CARTESIAN_POINT('',(0.,-0.2,5.1));
#4644 = DIRECTION('',(0.,0.,1.));
#4645 = DIRECTION('',(1.,0.,-0.));
#4646 = ORIENTED_EDGE('',*,*,#4082,.T.);
#4647 = ORIENTED_EDGE('',*,*,#4648,.T.);
#4648 = EDGE_CURVE('',#4085,#4020,#4649,.T.);
#4649 = CIRCLE('',#4650,1.9);
#4650 = AXIS2_PLACEMENT_3D('',#4651,#4652,#4653);
#4651 = CARTESIAN_POINT('',(0.,-0.2,5.1));
#4652 = DIRECTION('',(0.,0.,1.));
#4653 = DIRECTION('',(1.,0.,-0.));
#4654 = ORIENTED_EDGE('',*,*,#4019,.T.);
#4655 = ORIENTED_EDGE('',*,*,#4530,.T.);
#4656 = ORIENTED_EDGE('',*,*,#4632,.T.);
#4657 = CYLINDRICAL_SURFACE('',#4658,1.9);
#4658 = AXIS2_PLACEMENT_3D('',#4659,#4660,#4661);
#4659 = CARTESIAN_POINT('',(0.,-0.2,5.1));
#4660 = DIRECTION('',(-0.,-0.,-1.));
#4661 = DIRECTION('',(1.,0.,0.));
#4662 = ADVANCED_FACE('',(#4663,#4678),#4712,.F.);
#4663 = FACE_BOUND('',#4664,.F.);
#4664 = EDGE_LOOP('',(#4665,#4666,#4667,#4668,#4674,#4675,#4676,#4677));
#4665 = ORIENTED_EDGE('',*,*,#4516,.T.);
#4666 = ORIENTED_EDGE('',*,*,#4068,.T.);
#4667 = ORIENTED_EDGE('',*,*,#4100,.T.);
#4668 = ORIENTED_EDGE('',*,*,#4669,.T.);
#4669 = EDGE_CURVE('',#4085,#4020,#4670,.T.);
#4670 = LINE('',#4671,#4672);
#4671 = CARTESIAN_POINT('',(-1.4,-2.,5.1));
#4672 = VECTOR('',#4673,1.);
#4673 = DIRECTION('',(1.,0.,0.));
#4674 = ORIENTED_EDGE('',*,*,#4028,.T.);
#4675 = ORIENTED_EDGE('',*,*,#4061,.T.);
#4676 = ORIENTED_EDGE('',*,*,#4499,.F.);
#4677 = ORIENTED_EDGE('',*,*,#4482,.F.);
#4678 = FACE_BOUND('',#4679,.F.);
#4679 = EDGE_LOOP('',(#4680,#4690,#4698,#4706));
#4680 = ORIENTED_EDGE('',*,*,#4681,.T.);
#4681 = EDGE_CURVE('',#4682,#4684,#4686,.T.);
#4682 = VERTEX_POINT('',#4683);
#4683 = CARTESIAN_POINT('',(-1.25,-2.,5.));
#4684 = VERTEX_POINT('',#4685);
#4685 = CARTESIAN_POINT('',(-1.25,-2.,2.5));
#4686 = LINE('',#4687,#4688);
#4687 = CARTESIAN_POINT('',(-1.25,-2.,5.));
#4688 = VECTOR('',#4689,1.);
#4689 = DIRECTION('',(0.,0.,-1.));
#4690 = ORIENTED_EDGE('',*,*,#4691,.T.);
#4691 = EDGE_CURVE('',#4684,#4692,#4694,.T.);
#4692 = VERTEX_POINT('',#4693);
#4693 = CARTESIAN_POINT('',(1.25,-2.,2.5));
#4694 = LINE('',#4695,#4696);
#4695 = CARTESIAN_POINT('',(-1.25,-2.,2.5));
#4696 = VECTOR('',#4697,1.);
#4697 = DIRECTION('',(1.,0.,0.));
#4698 = ORIENTED_EDGE('',*,*,#4699,.T.);
#4699 = EDGE_CURVE('',#4692,#4700,#4702,.T.);
#4700 = VERTEX_POINT('',#4701);
#4701 = CARTESIAN_POINT('',(1.25,-2.,5.));
#4702 = LINE('',#4703,#4704);
#4703 = CARTESIAN_POINT('',(1.25,-2.,2.5));
#4704 = VECTOR('',#4705,1.);
#4705 = DIRECTION('',(0.,0.,1.));
#4706 = ORIENTED_EDGE('',*,*,#4707,.T.);
#4707 = EDGE_CURVE('',#4700,#4682,#4708,.T.);
#4708 = LINE('',#4709,#4710);
#4709 = CARTESIAN_POINT('',(1.25,-2.,5.));
#4710 = VECTOR('',#4711,1.);
#4711 = DIRECTION('',(-1.,0.,0.));
#4712 = PLANE('',#4713);
#4713 = AXIS2_PLACEMENT_3D('',#4714,#4715,#4716);
#4714 = CARTESIAN_POINT('',(-1.4,-2.,2.4));
#4715 = DIRECTION('',(0.,1.,0.));
#4716 = DIRECTION('',(1.,0.,0.));
#4717 = ADVANCED_FACE('',(#4718),#4722,.F.);
#4718 = FACE_BOUND('',#4719,.F.);
#4719 = EDGE_LOOP('',(#4720,#4721));
#4720 = ORIENTED_EDGE('',*,*,#4123,.F.);
#4721 = ORIENTED_EDGE('',*,*,#4640,.T.);
#4722 = PLANE('',#4723);
#4723 = AXIS2_PLACEMENT_3D('',#4724,#4725,#4726);
#4724 = CARTESIAN_POINT('',(-1.799263332289E-16,-0.2,5.1));
#4725 = DIRECTION('',(0.,0.,1.));
#4726 = DIRECTION('',(1.,0.,-0.));
#4727 = ADVANCED_FACE('',(#4728),#4747,.F.);
#4728 = FACE_BOUND('',#4729,.F.);
#4729 = EDGE_LOOP('',(#4730,#4739,#4746));
#4730 = ORIENTED_EDGE('',*,*,#4731,.T.);
#4731 = EDGE_CURVE('',#4192,#4732,#4734,.T.);
#4732 = VERTEX_POINT('',#4733);
#4733 = CARTESIAN_POINT('',(6.98,-0.2,5.1));
#4734 = CIRCLE('',#4735,1.9);
#4735 = AXIS2_PLACEMENT_3D('',#4736,#4737,#4738);
#4736 = CARTESIAN_POINT('',(5.08,-0.2,5.1));
#4737 = DIRECTION('',(0.,0.,1.));
#4738 = DIRECTION('',(1.,0.,-0.));
#4739 = ORIENTED_EDGE('',*,*,#4740,.T.);
#4740 = EDGE_CURVE('',#4732,#4200,#4741,.T.);
#4741 = CIRCLE('',#4742,1.9);
#4742 = AXIS2_PLACEMENT_3D('',#4743,#4744,#4745);
#4743 = CARTESIAN_POINT('',(5.08,-0.2,5.1));
#4744 = DIRECTION('',(0.,0.,1.));
#4745 = DIRECTION('',(1.,0.,-0.));
#4746 = ORIENTED_EDGE('',*,*,#4199,.F.);
#4747 = PLANE('',#4748);
#4748 = AXIS2_PLACEMENT_3D('',#4749,#4750,#4751);
#4749 = CARTESIAN_POINT('',(5.08,-0.2,5.1));
#4750 = DIRECTION('',(0.,0.,1.));
#4751 = DIRECTION('',(1.,0.,-0.));
#4752 = ADVANCED_FACE('',(#4753),#4858,.T.);
#4753 = FACE_BOUND('',#4754,.T.);
#4754 = EDGE_LOOP('',(#4755,#4766,#4774,#4783,#4791,#4800,#4808,#4817,
    #4825,#4832,#4838,#4839,#4840,#4847,#4848,#4855,#4856,#4857));
#4755 = ORIENTED_EDGE('',*,*,#4756,.F.);
#4756 = EDGE_CURVE('',#4757,#4759,#4761,.T.);
#4757 = VERTEX_POINT('',#4758);
#4758 = CARTESIAN_POINT('',(5.43,-2.067484939698,13.6));
#4759 = VERTEX_POINT('',#4760);
#4760 = CARTESIAN_POINT('',(6.98,-0.2,13.6));
#4761 = CIRCLE('',#4762,1.9);
#4762 = AXIS2_PLACEMENT_3D('',#4763,#4764,#4765);
#4763 = CARTESIAN_POINT('',(5.08,-0.2,13.6));
#4764 = DIRECTION('',(0.,0.,1.));
#4765 = DIRECTION('',(1.,0.,-0.));
#4766 = ORIENTED_EDGE('',*,*,#4767,.T.);
#4767 = EDGE_CURVE('',#4757,#4768,#4770,.T.);
#4768 = VERTEX_POINT('',#4769);
#4769 = CARTESIAN_POINT('',(5.43,-2.067484939698,12.9));
#4770 = LINE('',#4771,#4772);
#4771 = CARTESIAN_POINT('',(5.43,-2.067484939698,5.1));
#4772 = VECTOR('',#4773,1.);
#4773 = DIRECTION('',(-0.,-0.,-1.));
#4774 = ORIENTED_EDGE('',*,*,#4775,.T.);
#4775 = EDGE_CURVE('',#4768,#4776,#4778,.T.);
#4776 = VERTEX_POINT('',#4777);
#4777 = CARTESIAN_POINT('',(4.73,-2.067484939698,12.9));
#4778 = CIRCLE('',#4779,1.9);
#4779 = AXIS2_PLACEMENT_3D('',#4780,#4781,#4782);
#4780 = CARTESIAN_POINT('',(5.08,-0.2,12.9));
#4781 = DIRECTION('',(0.,0.,-1.));
#4782 = DIRECTION('',(1.,0.,0.));
#4783 = ORIENTED_EDGE('',*,*,#4784,.F.);
#4784 = EDGE_CURVE('',#4785,#4776,#4787,.T.);
#4785 = VERTEX_POINT('',#4786);
#4786 = CARTESIAN_POINT('',(4.73,-2.067484939698,13.6));
#4787 = LINE('',#4788,#4789);
#4788 = CARTESIAN_POINT('',(4.73,-2.067484939698,5.1));
#4789 = VECTOR('',#4790,1.);
#4790 = DIRECTION('',(-0.,-0.,-1.));
#4791 = ORIENTED_EDGE('',*,*,#4792,.F.);
#4792 = EDGE_CURVE('',#4793,#4785,#4795,.T.);
#4793 = VERTEX_POINT('',#4794);
#4794 = CARTESIAN_POINT('',(4.73,1.667484939698,13.6));
#4795 = CIRCLE('',#4796,1.9);
#4796 = AXIS2_PLACEMENT_3D('',#4797,#4798,#4799);
#4797 = CARTESIAN_POINT('',(5.08,-0.2,13.6));
#4798 = DIRECTION('',(0.,0.,1.));
#4799 = DIRECTION('',(1.,0.,-0.));
#4800 = ORIENTED_EDGE('',*,*,#4801,.T.);
#4801 = EDGE_CURVE('',#4793,#4802,#4804,.T.);
#4802 = VERTEX_POINT('',#4803);
#4803 = CARTESIAN_POINT('',(4.73,1.667484939698,12.9));
#4804 = LINE('',#4805,#4806);
#4805 = CARTESIAN_POINT('',(4.73,1.667484939698,5.1));
#4806 = VECTOR('',#4807,1.);
#4807 = DIRECTION('',(-0.,-0.,-1.));
#4808 = ORIENTED_EDGE('',*,*,#4809,.T.);
#4809 = EDGE_CURVE('',#4802,#4810,#4812,.T.);
#4810 = VERTEX_POINT('',#4811);
#4811 = CARTESIAN_POINT('',(5.43,1.667484939698,12.9));
#4812 = CIRCLE('',#4813,1.9);
#4813 = AXIS2_PLACEMENT_3D('',#4814,#4815,#4816);
#4814 = CARTESIAN_POINT('',(5.08,-0.2,12.9));
#4815 = DIRECTION('',(0.,0.,-1.));
#4816 = DIRECTION('',(1.,0.,0.));
#4817 = ORIENTED_EDGE('',*,*,#4818,.F.);
#4818 = EDGE_CURVE('',#4819,#4810,#4821,.T.);
#4819 = VERTEX_POINT('',#4820);
#4820 = CARTESIAN_POINT('',(5.43,1.667484939698,13.6));
#4821 = LINE('',#4822,#4823);
#4822 = CARTESIAN_POINT('',(5.43,1.667484939698,5.1));
#4823 = VECTOR('',#4824,1.);
#4824 = DIRECTION('',(-0.,-0.,-1.));
#4825 = ORIENTED_EDGE('',*,*,#4826,.F.);
#4826 = EDGE_CURVE('',#4759,#4819,#4827,.T.);
#4827 = CIRCLE('',#4828,1.9);
#4828 = AXIS2_PLACEMENT_3D('',#4829,#4830,#4831);
#4829 = CARTESIAN_POINT('',(5.08,-0.2,13.6));
#4830 = DIRECTION('',(0.,0.,1.));
#4831 = DIRECTION('',(1.,0.,-0.));
#4832 = ORIENTED_EDGE('',*,*,#4833,.F.);
#4833 = EDGE_CURVE('',#4732,#4759,#4834,.T.);
#4834 = LINE('',#4835,#4836);
#4835 = CARTESIAN_POINT('',(6.98,-0.2,5.1));
#4836 = VECTOR('',#4837,1.);
#4837 = DIRECTION('',(0.,0.,1.));
#4838 = ORIENTED_EDGE('',*,*,#4740,.T.);
#4839 = ORIENTED_EDGE('',*,*,#4360,.T.);
#4840 = ORIENTED_EDGE('',*,*,#4841,.T.);
#4841 = EDGE_CURVE('',#4319,#4286,#4842,.T.);
#4842 = CIRCLE('',#4843,1.9);
#4843 = AXIS2_PLACEMENT_3D('',#4844,#4845,#4846);
#4844 = CARTESIAN_POINT('',(5.08,-0.2,5.1));
#4845 = DIRECTION('',(0.,0.,1.));
#4846 = DIRECTION('',(1.,0.,-0.));
#4847 = ORIENTED_EDGE('',*,*,#4285,.T.);
#4848 = ORIENTED_EDGE('',*,*,#4849,.T.);
#4849 = EDGE_CURVE('',#4288,#4223,#4850,.T.);
#4850 = CIRCLE('',#4851,1.9);
#4851 = AXIS2_PLACEMENT_3D('',#4852,#4853,#4854);
#4852 = CARTESIAN_POINT('',(5.08,-0.2,5.1));
#4853 = DIRECTION('',(0.,0.,1.));
#4854 = DIRECTION('',(1.,0.,-0.));
#4855 = ORIENTED_EDGE('',*,*,#4222,.T.);
#4856 = ORIENTED_EDGE('',*,*,#4731,.T.);
#4857 = ORIENTED_EDGE('',*,*,#4833,.T.);
#4858 = CYLINDRICAL_SURFACE('',#4859,1.9);
#4859 = AXIS2_PLACEMENT_3D('',#4860,#4861,#4862);
#4860 = CARTESIAN_POINT('',(5.08,-0.2,5.1));
#4861 = DIRECTION('',(-0.,-0.,-1.));
#4862 = DIRECTION('',(1.,0.,0.));
#4863 = ADVANCED_FACE('',(#4864,#4879),#4913,.F.);
#4864 = FACE_BOUND('',#4865,.F.);
#4865 = EDGE_LOOP('',(#4866,#4867,#4868,#4869,#4875,#4876,#4877,#4878));
#4866 = ORIENTED_EDGE('',*,*,#4451,.T.);
#4867 = ORIENTED_EDGE('',*,*,#4271,.T.);
#4868 = ORIENTED_EDGE('',*,*,#4303,.T.);
#4869 = ORIENTED_EDGE('',*,*,#4870,.T.);
#4870 = EDGE_CURVE('',#4288,#4223,#4871,.T.);
#4871 = LINE('',#4872,#4873);
#4872 = CARTESIAN_POINT('',(3.68,-2.,5.1));
#4873 = VECTOR('',#4874,1.);
#4874 = DIRECTION('',(1.,0.,0.));
#4875 = ORIENTED_EDGE('',*,*,#4231,.T.);
#4876 = ORIENTED_EDGE('',*,*,#4264,.T.);
#4877 = ORIENTED_EDGE('',*,*,#4434,.F.);
#4878 = ORIENTED_EDGE('',*,*,#4417,.F.);
#4879 = FACE_BOUND('',#4880,.F.);
#4880 = EDGE_LOOP('',(#4881,#4891,#4899,#4907));
#4881 = ORIENTED_EDGE('',*,*,#4882,.T.);
#4882 = EDGE_CURVE('',#4883,#4885,#4887,.T.);
#4883 = VERTEX_POINT('',#4884);
#4884 = CARTESIAN_POINT('',(3.83,-2.,5.));
#4885 = VERTEX_POINT('',#4886);
#4886 = CARTESIAN_POINT('',(3.83,-2.,2.5));
#4887 = LINE('',#4888,#4889);
#4888 = CARTESIAN_POINT('',(3.83,-2.,5.));
#4889 = VECTOR('',#4890,1.);
#4890 = DIRECTION('',(0.,0.,-1.));
#4891 = ORIENTED_EDGE('',*,*,#4892,.T.);
#4892 = EDGE_CURVE('',#4885,#4893,#4895,.T.);
#4893 = VERTEX_POINT('',#4894);
#4894 = CARTESIAN_POINT('',(6.33,-2.,2.5));
#4895 = LINE('',#4896,#4897);
#4896 = CARTESIAN_POINT('',(3.83,-2.,2.5));
#4897 = VECTOR('',#4898,1.);
#4898 = DIRECTION('',(1.,0.,0.));
#4899 = ORIENTED_EDGE('',*,*,#4900,.T.);
#4900 = EDGE_CURVE('',#4893,#4901,#4903,.T.);
#4901 = VERTEX_POINT('',#4902);
#4902 = CARTESIAN_POINT('',(6.33,-2.,5.));
#4903 = LINE('',#4904,#4905);
#4904 = CARTESIAN_POINT('',(6.33,-2.,2.5));
#4905 = VECTOR('',#4906,1.);
#4906 = DIRECTION('',(0.,0.,1.));
#4907 = ORIENTED_EDGE('',*,*,#4908,.T.);
#4908 = EDGE_CURVE('',#4901,#4883,#4909,.T.);
#4909 = LINE('',#4910,#4911);
#4910 = CARTESIAN_POINT('',(6.33,-2.,5.));
#4911 = VECTOR('',#4912,1.);
#4912 = DIRECTION('',(-1.,0.,0.));
#4913 = PLANE('',#4914);
#4914 = AXIS2_PLACEMENT_3D('',#4915,#4916,#4917);
#4915 = CARTESIAN_POINT('',(3.68,-2.,2.4));
#4916 = DIRECTION('',(0.,1.,0.));
#4917 = DIRECTION('',(1.,0.,0.));
#4918 = ADVANCED_FACE('',(#4919),#4923,.F.);
#4919 = FACE_BOUND('',#4920,.F.);
#4920 = EDGE_LOOP('',(#4921,#4922));
#4921 = ORIENTED_EDGE('',*,*,#4326,.F.);
#4922 = ORIENTED_EDGE('',*,*,#4841,.T.);
#4923 = PLANE('',#4924);
#4924 = AXIS2_PLACEMENT_3D('',#4925,#4926,#4927);
#4925 = CARTESIAN_POINT('',(5.08,-0.2,5.1));
#4926 = DIRECTION('',(0.,0.,1.));
#4927 = DIRECTION('',(1.,0.,-0.));
#4928 = ADVANCED_FACE('',(#4929),#4939,.T.);
#4929 = FACE_BOUND('',#4930,.T.);
#4930 = EDGE_LOOP('',(#4931,#4932,#4933));
#4931 = ORIENTED_EDGE('',*,*,#4555,.T.);
#4932 = ORIENTED_EDGE('',*,*,#4625,.T.);
#4933 = ORIENTED_EDGE('',*,*,#4934,.F.);
#4934 = EDGE_CURVE('',#4556,#4618,#4935,.T.);
#4935 = LINE('',#4936,#4937);
#4936 = CARTESIAN_POINT('',(0.35,-2.2,13.6));
#4937 = VECTOR('',#4938,1.);
#4938 = DIRECTION('',(0.,1.,0.));
#4939 = PLANE('',#4940);
#4940 = AXIS2_PLACEMENT_3D('',#4941,#4942,#4943);
#4941 = CARTESIAN_POINT('',(-1.799263332289E-16,-0.2,13.6));
#4942 = DIRECTION('',(0.,0.,1.));
#4943 = DIRECTION('',(1.,0.,-0.));
#4944 = ADVANCED_FACE('',(#4945),#4956,.F.);
#4945 = FACE_BOUND('',#4946,.F.);
#4946 = EDGE_LOOP('',(#4947,#4948,#4949,#4955));
#4947 = ORIENTED_EDGE('',*,*,#4934,.F.);
#4948 = ORIENTED_EDGE('',*,*,#4566,.T.);
#4949 = ORIENTED_EDGE('',*,*,#4950,.T.);
#4950 = EDGE_CURVE('',#4567,#4609,#4951,.T.);
#4951 = LINE('',#4952,#4953);
#4952 = CARTESIAN_POINT('',(0.35,-2.2,12.9));
#4953 = VECTOR('',#4954,1.);
#4954 = DIRECTION('',(0.,1.,0.));
#4955 = ORIENTED_EDGE('',*,*,#4617,.F.);
#4956 = PLANE('',#4957);
#4957 = AXIS2_PLACEMENT_3D('',#4958,#4959,#4960);
#4958 = CARTESIAN_POINT('',(0.35,-2.2,13.6));
#4959 = DIRECTION('',(1.,0.,0.));
#4960 = DIRECTION('',(-0.,1.,0.));
#4961 = ADVANCED_FACE('',(#4962),#4973,.T.);
#4962 = FACE_BOUND('',#4963,.T.);
#4963 = EDGE_LOOP('',(#4964,#4970,#4971,#4972));
#4964 = ORIENTED_EDGE('',*,*,#4965,.T.);
#4965 = EDGE_CURVE('',#4601,#4575,#4966,.T.);
#4966 = LINE('',#4967,#4968);
#4967 = CARTESIAN_POINT('',(-0.35,1.8,12.9));
#4968 = VECTOR('',#4969,1.);
#4969 = DIRECTION('',(0.,-1.,0.));
#4970 = ORIENTED_EDGE('',*,*,#4574,.F.);
#4971 = ORIENTED_EDGE('',*,*,#4950,.T.);
#4972 = ORIENTED_EDGE('',*,*,#4608,.F.);
#4973 = PLANE('',#4974);
#4974 = AXIS2_PLACEMENT_3D('',#4975,#4976,#4977);
#4975 = CARTESIAN_POINT('',(0.,-0.2,12.9));
#4976 = DIRECTION('',(0.,-2.098034322396E-32,1.));
#4977 = DIRECTION('',(0.,1.,2.098034322396E-32));
#4978 = ADVANCED_FACE('',(#4979),#4990,.F.);
#4979 = FACE_BOUND('',#4980,.F.);
#4980 = EDGE_LOOP('',(#4981,#4987,#4988,#4989));
#4981 = ORIENTED_EDGE('',*,*,#4982,.F.);
#4982 = EDGE_CURVE('',#4592,#4584,#4983,.T.);
#4983 = LINE('',#4984,#4985);
#4984 = CARTESIAN_POINT('',(-0.35,1.8,13.6));
#4985 = VECTOR('',#4986,1.);
#4986 = DIRECTION('',(0.,-1.,0.));
#4987 = ORIENTED_EDGE('',*,*,#4600,.T.);
#4988 = ORIENTED_EDGE('',*,*,#4965,.T.);
#4989 = ORIENTED_EDGE('',*,*,#4583,.F.);
#4990 = PLANE('',#4991);
#4991 = AXIS2_PLACEMENT_3D('',#4992,#4993,#4994);
#4992 = CARTESIAN_POINT('',(-0.35,1.8,13.6));
#4993 = DIRECTION('',(-1.,0.,0.));
#4994 = DIRECTION('',(0.,-1.,0.));
#4995 = ADVANCED_FACE('',(#4996),#5000,.T.);
#4996 = FACE_BOUND('',#4997,.T.);
#4997 = EDGE_LOOP('',(#4998,#4999));
#4998 = ORIENTED_EDGE('',*,*,#4982,.F.);
#4999 = ORIENTED_EDGE('',*,*,#4591,.T.);
#5000 = PLANE('',#5001);
#5001 = AXIS2_PLACEMENT_3D('',#5002,#5003,#5004);
#5002 = CARTESIAN_POINT('',(-1.799263332289E-16,-0.2,13.6));
#5003 = DIRECTION('',(0.,0.,1.));
#5004 = DIRECTION('',(1.,0.,-0.));
#5005 = ADVANCED_FACE('',(#5006),#5010,.F.);
#5006 = FACE_BOUND('',#5007,.F.);
#5007 = EDGE_LOOP('',(#5008,#5009));
#5008 = ORIENTED_EDGE('',*,*,#4648,.T.);
#5009 = ORIENTED_EDGE('',*,*,#4669,.F.);
#5010 = PLANE('',#5011);
#5011 = AXIS2_PLACEMENT_3D('',#5012,#5013,#5014);
#5012 = CARTESIAN_POINT('',(-1.799263332289E-16,-0.2,5.1));
#5013 = DIRECTION('',(0.,0.,1.));
#5014 = DIRECTION('',(1.,0.,-0.));
#5015 = ADVANCED_FACE('',(#5016),#5041,.T.);
#5016 = FACE_BOUND('',#5017,.T.);
#5017 = EDGE_LOOP('',(#5018,#5026,#5027,#5035));
#5018 = ORIENTED_EDGE('',*,*,#5019,.T.);
#5019 = EDGE_CURVE('',#5020,#4682,#5022,.T.);
#5020 = VERTEX_POINT('',#5021);
#5021 = CARTESIAN_POINT('',(-1.25,2.,5.));
#5022 = LINE('',#5023,#5024);
#5023 = CARTESIAN_POINT('',(-1.25,2.,5.));
#5024 = VECTOR('',#5025,1.);
#5025 = DIRECTION('',(0.,-1.,0.));
#5026 = ORIENTED_EDGE('',*,*,#4681,.T.);
#5027 = ORIENTED_EDGE('',*,*,#5028,.F.);
#5028 = EDGE_CURVE('',#5029,#4684,#5031,.T.);
#5029 = VERTEX_POINT('',#5030);
#5030 = CARTESIAN_POINT('',(-1.25,2.,2.5));
#5031 = LINE('',#5032,#5033);
#5032 = CARTESIAN_POINT('',(-1.25,2.,2.5));
#5033 = VECTOR('',#5034,1.);
#5034 = DIRECTION('',(0.,-1.,0.));
#5035 = ORIENTED_EDGE('',*,*,#5036,.F.);
#5036 = EDGE_CURVE('',#5020,#5029,#5037,.T.);
#5037 = LINE('',#5038,#5039);
#5038 = CARTESIAN_POINT('',(-1.25,2.,5.));
#5039 = VECTOR('',#5040,1.);
#5040 = DIRECTION('',(0.,0.,-1.));
#5041 = PLANE('',#5042);
#5042 = AXIS2_PLACEMENT_3D('',#5043,#5044,#5045);
#5043 = CARTESIAN_POINT('',(-1.25,2.,5.));
#5044 = DIRECTION('',(1.,0.,0.));
#5045 = DIRECTION('',(0.,0.,-1.));
#5046 = ADVANCED_FACE('',(#5047),#5065,.T.);
#5047 = FACE_BOUND('',#5048,.T.);
#5048 = EDGE_LOOP('',(#5049,#5057,#5058,#5059));
#5049 = ORIENTED_EDGE('',*,*,#5050,.T.);
#5050 = EDGE_CURVE('',#5051,#4700,#5053,.T.);
#5051 = VERTEX_POINT('',#5052);
#5052 = CARTESIAN_POINT('',(1.25,2.,5.));
#5053 = LINE('',#5054,#5055);
#5054 = CARTESIAN_POINT('',(1.25,2.,5.));
#5055 = VECTOR('',#5056,1.);
#5056 = DIRECTION('',(0.,-1.,0.));
#5057 = ORIENTED_EDGE('',*,*,#4707,.T.);
#5058 = ORIENTED_EDGE('',*,*,#5019,.F.);
#5059 = ORIENTED_EDGE('',*,*,#5060,.F.);
#5060 = EDGE_CURVE('',#5051,#5020,#5061,.T.);
#5061 = LINE('',#5062,#5063);
#5062 = CARTESIAN_POINT('',(1.25,2.,5.));
#5063 = VECTOR('',#5064,1.);
#5064 = DIRECTION('',(-1.,0.,0.));
#5065 = PLANE('',#5066);
#5066 = AXIS2_PLACEMENT_3D('',#5067,#5068,#5069);
#5067 = CARTESIAN_POINT('',(1.25,2.,5.));
#5068 = DIRECTION('',(-0.,-0.,-1.));
#5069 = DIRECTION('',(-1.,0.,0.));
#5070 = ADVANCED_FACE('',(#5071),#5089,.T.);
#5071 = FACE_BOUND('',#5072,.T.);
#5072 = EDGE_LOOP('',(#5073,#5081,#5082,#5083));
#5073 = ORIENTED_EDGE('',*,*,#5074,.T.);
#5074 = EDGE_CURVE('',#5075,#4692,#5077,.T.);
#5075 = VERTEX_POINT('',#5076);
#5076 = CARTESIAN_POINT('',(1.25,2.,2.5));
#5077 = LINE('',#5078,#5079);
#5078 = CARTESIAN_POINT('',(1.25,2.,2.5));
#5079 = VECTOR('',#5080,1.);
#5080 = DIRECTION('',(0.,-1.,0.));
#5081 = ORIENTED_EDGE('',*,*,#4699,.T.);
#5082 = ORIENTED_EDGE('',*,*,#5050,.F.);
#5083 = ORIENTED_EDGE('',*,*,#5084,.F.);
#5084 = EDGE_CURVE('',#5075,#5051,#5085,.T.);
#5085 = LINE('',#5086,#5087);
#5086 = CARTESIAN_POINT('',(1.25,2.,2.5));
#5087 = VECTOR('',#5088,1.);
#5088 = DIRECTION('',(0.,0.,1.));
#5089 = PLANE('',#5090);
#5090 = AXIS2_PLACEMENT_3D('',#5091,#5092,#5093);
#5091 = CARTESIAN_POINT('',(1.25,2.,2.5));
#5092 = DIRECTION('',(-1.,0.,0.));
#5093 = DIRECTION('',(0.,0.,1.));
#5094 = ADVANCED_FACE('',(#5095),#5106,.T.);
#5095 = FACE_BOUND('',#5096,.T.);
#5096 = EDGE_LOOP('',(#5097,#5098,#5099,#5100));
#5097 = ORIENTED_EDGE('',*,*,#5028,.T.);
#5098 = ORIENTED_EDGE('',*,*,#4691,.T.);
#5099 = ORIENTED_EDGE('',*,*,#5074,.F.);
#5100 = ORIENTED_EDGE('',*,*,#5101,.F.);
#5101 = EDGE_CURVE('',#5029,#5075,#5102,.T.);
#5102 = LINE('',#5103,#5104);
#5103 = CARTESIAN_POINT('',(-1.25,2.,2.5));
#5104 = VECTOR('',#5105,1.);
#5105 = DIRECTION('',(1.,0.,0.));
#5106 = PLANE('',#5107);
#5107 = AXIS2_PLACEMENT_3D('',#5108,#5109,#5110);
#5108 = CARTESIAN_POINT('',(-1.25,2.,2.5));
#5109 = DIRECTION('',(0.,0.,1.));
#5110 = DIRECTION('',(1.,0.,-0.));
#5111 = ADVANCED_FACE('',(#5112),#5122,.T.);
#5112 = FACE_BOUND('',#5113,.T.);
#5113 = EDGE_LOOP('',(#5114,#5115,#5116));
#5114 = ORIENTED_EDGE('',*,*,#4756,.T.);
#5115 = ORIENTED_EDGE('',*,*,#4826,.T.);
#5116 = ORIENTED_EDGE('',*,*,#5117,.F.);
#5117 = EDGE_CURVE('',#4757,#4819,#5118,.T.);
#5118 = LINE('',#5119,#5120);
#5119 = CARTESIAN_POINT('',(5.43,-2.2,13.6));
#5120 = VECTOR('',#5121,1.);
#5121 = DIRECTION('',(0.,1.,0.));
#5122 = PLANE('',#5123);
#5123 = AXIS2_PLACEMENT_3D('',#5124,#5125,#5126);
#5124 = CARTESIAN_POINT('',(5.08,-0.2,13.6));
#5125 = DIRECTION('',(0.,0.,1.));
#5126 = DIRECTION('',(1.,0.,-0.));
#5127 = ADVANCED_FACE('',(#5128),#5139,.F.);
#5128 = FACE_BOUND('',#5129,.F.);
#5129 = EDGE_LOOP('',(#5130,#5131,#5132,#5138));
#5130 = ORIENTED_EDGE('',*,*,#5117,.F.);
#5131 = ORIENTED_EDGE('',*,*,#4767,.T.);
#5132 = ORIENTED_EDGE('',*,*,#5133,.T.);
#5133 = EDGE_CURVE('',#4768,#4810,#5134,.T.);
#5134 = LINE('',#5135,#5136);
#5135 = CARTESIAN_POINT('',(5.43,-2.2,12.9));
#5136 = VECTOR('',#5137,1.);
#5137 = DIRECTION('',(0.,1.,0.));
#5138 = ORIENTED_EDGE('',*,*,#4818,.F.);
#5139 = PLANE('',#5140);
#5140 = AXIS2_PLACEMENT_3D('',#5141,#5142,#5143);
#5141 = CARTESIAN_POINT('',(5.43,-2.2,13.6));
#5142 = DIRECTION('',(1.,0.,0.));
#5143 = DIRECTION('',(-0.,1.,0.));
#5144 = ADVANCED_FACE('',(#5145),#5156,.T.);
#5145 = FACE_BOUND('',#5146,.T.);
#5146 = EDGE_LOOP('',(#5147,#5153,#5154,#5155));
#5147 = ORIENTED_EDGE('',*,*,#5148,.T.);
#5148 = EDGE_CURVE('',#4802,#4776,#5149,.T.);
#5149 = LINE('',#5150,#5151);
#5150 = CARTESIAN_POINT('',(4.73,1.8,12.9));
#5151 = VECTOR('',#5152,1.);
#5152 = DIRECTION('',(0.,-1.,0.));
#5153 = ORIENTED_EDGE('',*,*,#4775,.F.);
#5154 = ORIENTED_EDGE('',*,*,#5133,.T.);
#5155 = ORIENTED_EDGE('',*,*,#4809,.F.);
#5156 = PLANE('',#5157);
#5157 = AXIS2_PLACEMENT_3D('',#5158,#5159,#5160);
#5158 = CARTESIAN_POINT('',(5.08,-0.2,12.9));
#5159 = DIRECTION('',(0.,-2.098034322396E-32,1.));
#5160 = DIRECTION('',(0.,1.,2.098034322396E-32));
#5161 = ADVANCED_FACE('',(#5162),#5173,.F.);
#5162 = FACE_BOUND('',#5163,.F.);
#5163 = EDGE_LOOP('',(#5164,#5170,#5171,#5172));
#5164 = ORIENTED_EDGE('',*,*,#5165,.F.);
#5165 = EDGE_CURVE('',#4793,#4785,#5166,.T.);
#5166 = LINE('',#5167,#5168);
#5167 = CARTESIAN_POINT('',(4.73,1.8,13.6));
#5168 = VECTOR('',#5169,1.);
#5169 = DIRECTION('',(0.,-1.,0.));
#5170 = ORIENTED_EDGE('',*,*,#4801,.T.);
#5171 = ORIENTED_EDGE('',*,*,#5148,.T.);
#5172 = ORIENTED_EDGE('',*,*,#4784,.F.);
#5173 = PLANE('',#5174);
#5174 = AXIS2_PLACEMENT_3D('',#5175,#5176,#5177);
#5175 = CARTESIAN_POINT('',(4.73,1.8,13.6));
#5176 = DIRECTION('',(-1.,0.,0.));
#5177 = DIRECTION('',(0.,-1.,0.));
#5178 = ADVANCED_FACE('',(#5179),#5183,.T.);
#5179 = FACE_BOUND('',#5180,.T.);
#5180 = EDGE_LOOP('',(#5181,#5182));
#5181 = ORIENTED_EDGE('',*,*,#5165,.F.);
#5182 = ORIENTED_EDGE('',*,*,#4792,.T.);
#5183 = PLANE('',#5184);
#5184 = AXIS2_PLACEMENT_3D('',#5185,#5186,#5187);
#5185 = CARTESIAN_POINT('',(5.08,-0.2,13.6));
#5186 = DIRECTION('',(0.,0.,1.));
#5187 = DIRECTION('',(1.,0.,-0.));
#5188 = ADVANCED_FACE('',(#5189),#5193,.F.);
#5189 = FACE_BOUND('',#5190,.F.);
#5190 = EDGE_LOOP('',(#5191,#5192));
#5191 = ORIENTED_EDGE('',*,*,#4849,.T.);
#5192 = ORIENTED_EDGE('',*,*,#4870,.F.);
#5193 = PLANE('',#5194);
#5194 = AXIS2_PLACEMENT_3D('',#5195,#5196,#5197);
#5195 = CARTESIAN_POINT('',(5.08,-0.2,5.1));
#5196 = DIRECTION('',(0.,0.,1.));
#5197 = DIRECTION('',(1.,0.,-0.));
#5198 = ADVANCED_FACE('',(#5199),#5224,.T.);
#5199 = FACE_BOUND('',#5200,.T.);
#5200 = EDGE_LOOP('',(#5201,#5209,#5210,#5218));
#5201 = ORIENTED_EDGE('',*,*,#5202,.T.);
#5202 = EDGE_CURVE('',#5203,#4883,#5205,.T.);
#5203 = VERTEX_POINT('',#5204);
#5204 = CARTESIAN_POINT('',(3.83,2.,5.));
#5205 = LINE('',#5206,#5207);
#5206 = CARTESIAN_POINT('',(3.83,2.,5.));
#5207 = VECTOR('',#5208,1.);
#5208 = DIRECTION('',(0.,-1.,0.));
#5209 = ORIENTED_EDGE('',*,*,#4882,.T.);
#5210 = ORIENTED_EDGE('',*,*,#5211,.F.);
#5211 = EDGE_CURVE('',#5212,#4885,#5214,.T.);
#5212 = VERTEX_POINT('',#5213);
#5213 = CARTESIAN_POINT('',(3.83,2.,2.5));
#5214 = LINE('',#5215,#5216);
#5215 = CARTESIAN_POINT('',(3.83,2.,2.5));
#5216 = VECTOR('',#5217,1.);
#5217 = DIRECTION('',(0.,-1.,0.));
#5218 = ORIENTED_EDGE('',*,*,#5219,.F.);
#5219 = EDGE_CURVE('',#5203,#5212,#5220,.T.);
#5220 = LINE('',#5221,#5222);
#5221 = CARTESIAN_POINT('',(3.83,2.,5.));
#5222 = VECTOR('',#5223,1.);
#5223 = DIRECTION('',(0.,0.,-1.));
#5224 = PLANE('',#5225);
#5225 = AXIS2_PLACEMENT_3D('',#5226,#5227,#5228);
#5226 = CARTESIAN_POINT('',(3.83,2.,5.));
#5227 = DIRECTION('',(1.,0.,0.));
#5228 = DIRECTION('',(0.,0.,-1.));
#5229 = ADVANCED_FACE('',(#5230),#5248,.T.);
#5230 = FACE_BOUND('',#5231,.T.);
#5231 = EDGE_LOOP('',(#5232,#5240,#5241,#5242));
#5232 = ORIENTED_EDGE('',*,*,#5233,.T.);
#5233 = EDGE_CURVE('',#5234,#4901,#5236,.T.);
#5234 = VERTEX_POINT('',#5235);
#5235 = CARTESIAN_POINT('',(6.33,2.,5.));
#5236 = LINE('',#5237,#5238);
#5237 = CARTESIAN_POINT('',(6.33,2.,5.));
#5238 = VECTOR('',#5239,1.);
#5239 = DIRECTION('',(0.,-1.,0.));
#5240 = ORIENTED_EDGE('',*,*,#4908,.T.);
#5241 = ORIENTED_EDGE('',*,*,#5202,.F.);
#5242 = ORIENTED_EDGE('',*,*,#5243,.F.);
#5243 = EDGE_CURVE('',#5234,#5203,#5244,.T.);
#5244 = LINE('',#5245,#5246);
#5245 = CARTESIAN_POINT('',(6.33,2.,5.));
#5246 = VECTOR('',#5247,1.);
#5247 = DIRECTION('',(-1.,0.,0.));
#5248 = PLANE('',#5249);
#5249 = AXIS2_PLACEMENT_3D('',#5250,#5251,#5252);
#5250 = CARTESIAN_POINT('',(6.33,2.,5.));
#5251 = DIRECTION('',(-0.,-0.,-1.));
#5252 = DIRECTION('',(-1.,0.,0.));
#5253 = ADVANCED_FACE('',(#5254),#5272,.T.);
#5254 = FACE_BOUND('',#5255,.T.);
#5255 = EDGE_LOOP('',(#5256,#5264,#5265,#5266));
#5256 = ORIENTED_EDGE('',*,*,#5257,.T.);
#5257 = EDGE_CURVE('',#5258,#4893,#5260,.T.);
#5258 = VERTEX_POINT('',#5259);
#5259 = CARTESIAN_POINT('',(6.33,2.,2.5));
#5260 = LINE('',#5261,#5262);
#5261 = CARTESIAN_POINT('',(6.33,2.,2.5));
#5262 = VECTOR('',#5263,1.);
#5263 = DIRECTION('',(0.,-1.,0.));
#5264 = ORIENTED_EDGE('',*,*,#4900,.T.);
#5265 = ORIENTED_EDGE('',*,*,#5233,.F.);
#5266 = ORIENTED_EDGE('',*,*,#5267,.F.);
#5267 = EDGE_CURVE('',#5258,#5234,#5268,.T.);
#5268 = LINE('',#5269,#5270);
#5269 = CARTESIAN_POINT('',(6.33,2.,2.5));
#5270 = VECTOR('',#5271,1.);
#5271 = DIRECTION('',(0.,0.,1.));
#5272 = PLANE('',#5273);
#5273 = AXIS2_PLACEMENT_3D('',#5274,#5275,#5276);
#5274 = CARTESIAN_POINT('',(6.33,2.,2.5));
#5275 = DIRECTION('',(-1.,0.,0.));
#5276 = DIRECTION('',(0.,0.,1.));
#5277 = ADVANCED_FACE('',(#5278),#5289,.T.);
#5278 = FACE_BOUND('',#5279,.T.);
#5279 = EDGE_LOOP('',(#5280,#5281,#5282,#5283));
#5280 = ORIENTED_EDGE('',*,*,#5211,.T.);
#5281 = ORIENTED_EDGE('',*,*,#4892,.T.);
#5282 = ORIENTED_EDGE('',*,*,#5257,.F.);
#5283 = ORIENTED_EDGE('',*,*,#5284,.F.);
#5284 = EDGE_CURVE('',#5212,#5258,#5285,.T.);
#5285 = LINE('',#5286,#5287);
#5286 = CARTESIAN_POINT('',(3.83,2.,2.5));
#5287 = VECTOR('',#5288,1.);
#5288 = DIRECTION('',(1.,0.,0.));
#5289 = PLANE('',#5290);
#5290 = AXIS2_PLACEMENT_3D('',#5291,#5292,#5293);
#5291 = CARTESIAN_POINT('',(3.83,2.,2.5));
#5292 = DIRECTION('',(0.,0.,1.));
#5293 = DIRECTION('',(1.,0.,-0.));
#5294 = ADVANCED_FACE('',(#5295),#5301,.T.);
#5295 = FACE_BOUND('',#5296,.T.);
#5296 = EDGE_LOOP('',(#5297,#5298,#5299,#5300));
#5297 = ORIENTED_EDGE('',*,*,#5060,.T.);
#5298 = ORIENTED_EDGE('',*,*,#5036,.T.);
#5299 = ORIENTED_EDGE('',*,*,#5101,.T.);
#5300 = ORIENTED_EDGE('',*,*,#5084,.T.);
#5301 = PLANE('',#5302);
#5302 = AXIS2_PLACEMENT_3D('',#5303,#5304,#5305);
#5303 = CARTESIAN_POINT('',(4.440892098501E-16,2.,3.75));
#5304 = DIRECTION('',(-2.868585109895E-30,-1.,-5.288584893962E-30));
#5305 = DIRECTION('',(0.,5.288584893962E-30,-1.));
#5306 = ADVANCED_FACE('',(#5307),#5313,.T.);
#5307 = FACE_BOUND('',#5308,.T.);
#5308 = EDGE_LOOP('',(#5309,#5310,#5311,#5312));
#5309 = ORIENTED_EDGE('',*,*,#5243,.T.);
#5310 = ORIENTED_EDGE('',*,*,#5219,.T.);
#5311 = ORIENTED_EDGE('',*,*,#5284,.T.);
#5312 = ORIENTED_EDGE('',*,*,#5267,.T.);
#5313 = PLANE('',#5314);
#5314 = AXIS2_PLACEMENT_3D('',#5315,#5316,#5317);
#5315 = CARTESIAN_POINT('',(5.08,2.,3.75));
#5316 = DIRECTION('',(-1.27037340581E-29,-1.,-5.729300301792E-30));
#5317 = DIRECTION('',(-1.,1.27037340581E-29,0.));
#5318 = ( GEOMETRIC_REPRESENTATION_CONTEXT(3) 
GLOBAL_UNCERTAINTY_ASSIGNED_CONTEXT((#5322)) 
GLOBAL_UNIT_ASSIGNED_CONTEXT((#5319,#5320,#5321)) REPRESENTATION_CONTEXT
('Context #1','3D Context with UNIT and UNCERTAINTY') );
#5319 = ( LENGTH_UNIT() NAMED_UNIT(*) SI_UNIT(.MILLI.,.METRE.) );
#5320 = ( NAMED_UNIT(*) PLANE_ANGLE_UNIT() SI_UNIT($,.RADIAN.) );
#5321 = ( NAMED_UNIT(*) SI_UNIT($,.STERADIAN.) SOLID_ANGLE_UNIT() );
#5322 = UNCERTAINTY_MEASURE_WITH_UNIT(LENGTH_MEASURE(1.E-07),#5319,
  'distance_accuracy_value','confusion accuracy');
#5323 = CONTEXT_DEPENDENT_SHAPE_REPRESENTATION(#5324,#5326);
#5324 = ( REPRESENTATION_RELATIONSHIP('','',#2696,#10) 
REPRESENTATION_RELATIONSHIP_WITH_TRANSFORMATION(#5325) 
SHAPE_REPRESENTATION_RELATIONSHIP() );
#5325 = ITEM_DEFINED_TRANSFORMATION('','',#11,#63);
#5326 = PRODUCT_DEFINITION_SHAPE('Placement','Placement of an item',
  #5327);
#5327 = NEXT_ASSEMBLY_USAGE_OCCURRENCE('13','J2','',#5,#2691,$);
#5328 = PRODUCT_RELATED_PRODUCT_CATEGORY('part',$,(#2693));
#5329 = CONTEXT_DEPENDENT_SHAPE_REPRESENTATION(#5330,#5332);
#5330 = ( REPRESENTATION_RELATIONSHIP('','',#969,#10) 
REPRESENTATION_RELATIONSHIP_WITH_TRANSFORMATION(#5331) 
SHAPE_REPRESENTATION_RELATIONSHIP() );
#5331 = ITEM_DEFINED_TRANSFORMATION('','',#11,#67);
#5332 = PRODUCT_DEFINITION_SHAPE('Placement','Placement of an item',
  #5333);
#5333 = NEXT_ASSEMBLY_USAGE_OCCURRENCE('14','L2','',#5,#964,$);
#5334 = CONTEXT_DEPENDENT_SHAPE_REPRESENTATION(#5335,#5337);
#5335 = ( REPRESENTATION_RELATIONSHIP('','',#96,#10) 
REPRESENTATION_RELATIONSHIP_WITH_TRANSFORMATION(#5336) 
SHAPE_REPRESENTATION_RELATIONSHIP() );
#5336 = ITEM_DEFINED_TRANSFORMATION('','',#11,#71);
#5337 = PRODUCT_DEFINITION_SHAPE('Placement','Placement of an item',
  #5338);
#5338 = NEXT_ASSEMBLY_USAGE_OCCURRENCE('15','C1','',#5,#91,$);
#5339 = SHAPE_DEFINITION_REPRESENTATION(#5340,#5346);
#5340 = PRODUCT_DEFINITION_SHAPE('','',#5341);
#5341 = PRODUCT_DEFINITION('design','',#5342,#5345);
#5342 = PRODUCT_DEFINITION_FORMATION('','',#5343);
#5343 = PRODUCT('PinSocket_1x04_P2.54mm_Vertical',
  'PinSocket_1x04_P2.54mm_Vertical','',(#5344));
#5344 = PRODUCT_CONTEXT('',#2,'mechanical');
#5345 = PRODUCT_DEFINITION_CONTEXT('part definition',#2,'design');
#5346 = ADVANCED_BREP_SHAPE_REPRESENTATION('',(#11,#5347),#8733);
#5347 = MANIFOLD_SOLID_BREP('',#5348);
#5348 = CLOSED_SHELL('',(#5349,#5389,#5452,#5515,#5532,#5685,#5707,#5724
    ,#6005,#6017,#6029,#6060,#6084,#6108,#6125,#6156,#6180,#6204,#6221,
    #6252,#6276,#6300,#6317,#6348,#6372,#6396,#6413,#6430,#6477,#6494,
    #6541,#6558,#6605,#6622,#6669,#6686,#6733,#6750,#6797,#6814,#6861,
    #6878,#6925,#6956,#7012,#7036,#7085,#7116,#7172,#7196,#7245,#7276,
    #7332,#7356,#7405,#7436,#7492,#7516,#7565,#7582,#7599,#7616,#7633,
    #7645,#7662,#7679,#7696,#7713,#7725,#7742,#7759,#7776,#7793,#7805,
    #7822,#7839,#7856,#7873,#7885,#7902,#7919,#7968,#7992,#8034,#8051,
    #8068,#8085,#8134,#8158,#8200,#8217,#8234,#8251,#8300,#8324,#8366,
    #8383,#8400,#8417,#8466,#8490,#8532,#8549,#8566,#8583,#8595,#8612,
    #8629,#8641,#8658,#8675,#8687,#8704,#8721));
#5349 = ADVANCED_FACE('',(#5350),#5384,.F.);
#5350 = FACE_BOUND('',#5351,.F.);
#5351 = EDGE_LOOP('',(#5352,#5362,#5370,#5378));
#5352 = ORIENTED_EDGE('',*,*,#5353,.T.);
#5353 = EDGE_CURVE('',#5354,#5356,#5358,.T.);
#5354 = VERTEX_POINT('',#5355);
#5355 = CARTESIAN_POINT('',(1.27,-8.89,0.));
#5356 = VERTEX_POINT('',#5357);
#5357 = CARTESIAN_POINT('',(1.27,-8.89,8.5));
#5358 = LINE('',#5359,#5360);
#5359 = CARTESIAN_POINT('',(1.27,-8.89,0.));
#5360 = VECTOR('',#5361,1.);
#5361 = DIRECTION('',(0.,0.,1.));
#5362 = ORIENTED_EDGE('',*,*,#5363,.T.);
#5363 = EDGE_CURVE('',#5356,#5364,#5366,.T.);
#5364 = VERTEX_POINT('',#5365);
#5365 = CARTESIAN_POINT('',(1.27,1.27,8.5));
#5366 = LINE('',#5367,#5368);
#5367 = CARTESIAN_POINT('',(1.27,-8.89,8.5));
#5368 = VECTOR('',#5369,1.);
#5369 = DIRECTION('',(1.110223024625E-16,1.,0.));
#5370 = ORIENTED_EDGE('',*,*,#5371,.F.);
#5371 = EDGE_CURVE('',#5372,#5364,#5374,.T.);
#5372 = VERTEX_POINT('',#5373);
#5373 = CARTESIAN_POINT('',(1.27,1.27,0.));
#5374 = LINE('',#5375,#5376);
#5375 = CARTESIAN_POINT('',(1.27,1.27,0.));
#5376 = VECTOR('',#5377,1.);
#5377 = DIRECTION('',(0.,0.,1.));
#5378 = ORIENTED_EDGE('',*,*,#5379,.F.);
#5379 = EDGE_CURVE('',#5354,#5372,#5380,.T.);
#5380 = LINE('',#5381,#5382);
#5381 = CARTESIAN_POINT('',(1.27,-8.89,0.));
#5382 = VECTOR('',#5383,1.);
#5383 = DIRECTION('',(1.110223024625E-16,1.,0.));
#5384 = PLANE('',#5385);
#5385 = AXIS2_PLACEMENT_3D('',#5386,#5387,#5388);
#5386 = CARTESIAN_POINT('',(1.27,-8.89,0.));
#5387 = DIRECTION('',(-1.,1.110223024625E-16,0.));
#5388 = DIRECTION('',(1.110223024625E-16,1.,0.));
#5389 = ADVANCED_FACE('',(#5390),#5447,.F.);
#5390 = FACE_BOUND('',#5391,.F.);
#5391 = EDGE_LOOP('',(#5392,#5402,#5410,#5416,#5417,#5425,#5433,#5441));
#5392 = ORIENTED_EDGE('',*,*,#5393,.F.);
#5393 = EDGE_CURVE('',#5394,#5396,#5398,.T.);
#5394 = VERTEX_POINT('',#5395);
#5395 = CARTESIAN_POINT('',(-1.27,-8.89,0.));
#5396 = VERTEX_POINT('',#5397);
#5397 = CARTESIAN_POINT('',(-0.846666666667,-8.89,0.));
#5398 = LINE('',#5399,#5400);
#5399 = CARTESIAN_POINT('',(-1.27,-8.89,0.));
#5400 = VECTOR('',#5401,1.);
#5401 = DIRECTION('',(1.,-1.110223024625E-16,0.));
#5402 = ORIENTED_EDGE('',*,*,#5403,.T.);
#5403 = EDGE_CURVE('',#5394,#5404,#5406,.T.);
#5404 = VERTEX_POINT('',#5405);
#5405 = CARTESIAN_POINT('',(-1.27,-8.89,8.5));
#5406 = LINE('',#5407,#5408);
#5407 = CARTESIAN_POINT('',(-1.27,-8.89,0.));
#5408 = VECTOR('',#5409,1.);
#5409 = DIRECTION('',(0.,0.,1.));
#5410 = ORIENTED_EDGE('',*,*,#5411,.T.);
#5411 = EDGE_CURVE('',#5404,#5356,#5412,.T.);
#5412 = LINE('',#5413,#5414);
#5413 = CARTESIAN_POINT('',(-1.27,-8.89,8.5));
#5414 = VECTOR('',#5415,1.);
#5415 = DIRECTION('',(1.,-1.110223024625E-16,0.));
#5416 = ORIENTED_EDGE('',*,*,#5353,.F.);
#5417 = ORIENTED_EDGE('',*,*,#5418,.F.);
#5418 = EDGE_CURVE('',#5419,#5354,#5421,.T.);
#5419 = VERTEX_POINT('',#5420);
#5420 = CARTESIAN_POINT('',(0.846666666667,-8.89,0.));
#5421 = LINE('',#5422,#5423);
#5422 = CARTESIAN_POINT('',(-1.27,-8.89,0.));
#5423 = VECTOR('',#5424,1.);
#5424 = DIRECTION('',(1.,-1.110223024625E-16,0.));
#5425 = ORIENTED_EDGE('',*,*,#5426,.T.);
#5426 = EDGE_CURVE('',#5419,#5427,#5429,.T.);
#5427 = VERTEX_POINT('',#5428);
#5428 = CARTESIAN_POINT('',(0.846666666667,-8.89,0.2));
#5429 = LINE('',#5430,#5431);
#5430 = CARTESIAN_POINT('',(0.846666666667,-8.89,0.));
#5431 = VECTOR('',#5432,1.);
#5432 = DIRECTION('',(0.,0.,1.));
#5433 = ORIENTED_EDGE('',*,*,#5434,.F.);
#5434 = EDGE_CURVE('',#5435,#5427,#5437,.T.);
#5435 = VERTEX_POINT('',#5436);
#5436 = CARTESIAN_POINT('',(-0.846666666667,-8.89,0.2));
#5437 = LINE('',#5438,#5439);
#5438 = CARTESIAN_POINT('',(-0.846666666667,-8.89,0.2));
#5439 = VECTOR('',#5440,1.);
#5440 = DIRECTION('',(1.,-1.110223024625E-16,0.));
#5441 = ORIENTED_EDGE('',*,*,#5442,.F.);
#5442 = EDGE_CURVE('',#5396,#5435,#5443,.T.);
#5443 = LINE('',#5444,#5445);
#5444 = CARTESIAN_POINT('',(-0.846666666667,-8.89,0.));
#5445 = VECTOR('',#5446,1.);
#5446 = DIRECTION('',(0.,0.,1.));
#5447 = PLANE('',#5448);
#5448 = AXIS2_PLACEMENT_3D('',#5449,#5450,#5451);
#5449 = CARTESIAN_POINT('',(-1.27,-8.89,0.));
#5450 = DIRECTION('',(1.110223024625E-16,1.,0.));
#5451 = DIRECTION('',(1.,-1.110223024625E-16,0.));
#5452 = ADVANCED_FACE('',(#5453),#5510,.F.);
#5453 = FACE_BOUND('',#5454,.F.);
#5454 = EDGE_LOOP('',(#5455,#5463,#5464,#5472,#5480,#5488,#5496,#5504));
#5455 = ORIENTED_EDGE('',*,*,#5456,.F.);
#5456 = EDGE_CURVE('',#5372,#5457,#5459,.T.);
#5457 = VERTEX_POINT('',#5458);
#5458 = CARTESIAN_POINT('',(0.846666666667,1.27,0.));
#5459 = LINE('',#5460,#5461);
#5460 = CARTESIAN_POINT('',(1.27,1.27,0.));
#5461 = VECTOR('',#5462,1.);
#5462 = DIRECTION('',(-1.,1.110223024625E-16,0.));
#5463 = ORIENTED_EDGE('',*,*,#5371,.T.);
#5464 = ORIENTED_EDGE('',*,*,#5465,.T.);
#5465 = EDGE_CURVE('',#5364,#5466,#5468,.T.);
#5466 = VERTEX_POINT('',#5467);
#5467 = CARTESIAN_POINT('',(-1.27,1.27,8.5));
#5468 = LINE('',#5469,#5470);
#5469 = CARTESIAN_POINT('',(1.27,1.27,8.5));
#5470 = VECTOR('',#5471,1.);
#5471 = DIRECTION('',(-1.,1.110223024625E-16,0.));
#5472 = ORIENTED_EDGE('',*,*,#5473,.F.);
#5473 = EDGE_CURVE('',#5474,#5466,#5476,.T.);
#5474 = VERTEX_POINT('',#5475);
#5475 = CARTESIAN_POINT('',(-1.27,1.27,0.));
#5476 = LINE('',#5477,#5478);
#5477 = CARTESIAN_POINT('',(-1.27,1.27,0.));
#5478 = VECTOR('',#5479,1.);
#5479 = DIRECTION('',(0.,0.,1.));
#5480 = ORIENTED_EDGE('',*,*,#5481,.F.);
#5481 = EDGE_CURVE('',#5482,#5474,#5484,.T.);
#5482 = VERTEX_POINT('',#5483);
#5483 = CARTESIAN_POINT('',(-0.846666666667,1.27,0.));
#5484 = LINE('',#5485,#5486);
#5485 = CARTESIAN_POINT('',(1.27,1.27,0.));
#5486 = VECTOR('',#5487,1.);
#5487 = DIRECTION('',(-1.,1.110223024625E-16,0.));
#5488 = ORIENTED_EDGE('',*,*,#5489,.T.);
#5489 = EDGE_CURVE('',#5482,#5490,#5492,.T.);
#5490 = VERTEX_POINT('',#5491);
#5491 = CARTESIAN_POINT('',(-0.846666666667,1.27,0.2));
#5492 = LINE('',#5493,#5494);
#5493 = CARTESIAN_POINT('',(-0.846666666667,1.27,0.));
#5494 = VECTOR('',#5495,1.);
#5495 = DIRECTION('',(0.,0.,1.));
#5496 = ORIENTED_EDGE('',*,*,#5497,.F.);
#5497 = EDGE_CURVE('',#5498,#5490,#5500,.T.);
#5498 = VERTEX_POINT('',#5499);
#5499 = CARTESIAN_POINT('',(0.846666666667,1.27,0.2));
#5500 = LINE('',#5501,#5502);
#5501 = CARTESIAN_POINT('',(0.846666666667,1.27,0.2));
#5502 = VECTOR('',#5503,1.);
#5503 = DIRECTION('',(-1.,1.110223024625E-16,0.));
#5504 = ORIENTED_EDGE('',*,*,#5505,.F.);
#5505 = EDGE_CURVE('',#5457,#5498,#5506,.T.);
#5506 = LINE('',#5507,#5508);
#5507 = CARTESIAN_POINT('',(0.846666666667,1.27,0.));
#5508 = VECTOR('',#5509,1.);
#5509 = DIRECTION('',(0.,0.,1.));
#5510 = PLANE('',#5511);
#5511 = AXIS2_PLACEMENT_3D('',#5512,#5513,#5514);
#5512 = CARTESIAN_POINT('',(1.27,1.27,0.));
#5513 = DIRECTION('',(-1.110223024625E-16,-1.,0.));
#5514 = DIRECTION('',(-1.,1.110223024625E-16,0.));
#5515 = ADVANCED_FACE('',(#5516),#5527,.F.);
#5516 = FACE_BOUND('',#5517,.F.);
#5517 = EDGE_LOOP('',(#5518,#5519,#5520,#5521));
#5518 = ORIENTED_EDGE('',*,*,#5418,.T.);
#5519 = ORIENTED_EDGE('',*,*,#5379,.T.);
#5520 = ORIENTED_EDGE('',*,*,#5456,.T.);
#5521 = ORIENTED_EDGE('',*,*,#5522,.F.);
#5522 = EDGE_CURVE('',#5419,#5457,#5523,.T.);
#5523 = LINE('',#5524,#5525);
#5524 = CARTESIAN_POINT('',(0.846666666667,-8.89,0.));
#5525 = VECTOR('',#5526,1.);
#5526 = DIRECTION('',(1.110223024625E-16,1.,0.));
#5527 = PLANE('',#5528);
#5528 = AXIS2_PLACEMENT_3D('',#5529,#5530,#5531);
#5529 = CARTESIAN_POINT('',(-3.952393967666E-16,-3.81,0.));
#5530 = DIRECTION('',(0.,0.,1.));
#5531 = DIRECTION('',(1.110223024625E-16,1.,-0.));
#5532 = ADVANCED_FACE('',(#5533,#5544,#5578,#5612,#5646),#5680,.T.);
#5533 = FACE_BOUND('',#5534,.T.);
#5534 = EDGE_LOOP('',(#5535,#5536,#5537,#5543));
#5535 = ORIENTED_EDGE('',*,*,#5363,.T.);
#5536 = ORIENTED_EDGE('',*,*,#5465,.T.);
#5537 = ORIENTED_EDGE('',*,*,#5538,.T.);
#5538 = EDGE_CURVE('',#5466,#5404,#5539,.T.);
#5539 = LINE('',#5540,#5541);
#5540 = CARTESIAN_POINT('',(-1.27,1.27,8.5));
#5541 = VECTOR('',#5542,1.);
#5542 = DIRECTION('',(-1.110223024625E-16,-1.,0.));
#5543 = ORIENTED_EDGE('',*,*,#5411,.T.);
#5544 = FACE_BOUND('',#5545,.T.);
#5545 = EDGE_LOOP('',(#5546,#5556,#5564,#5572));
#5546 = ORIENTED_EDGE('',*,*,#5547,.F.);
#5547 = EDGE_CURVE('',#5548,#5550,#5552,.T.);
#5548 = VERTEX_POINT('',#5549);
#5549 = CARTESIAN_POINT('',(0.6,-8.22,8.5));
#5550 = VERTEX_POINT('',#5551);
#5551 = CARTESIAN_POINT('',(0.6,-7.02,8.5));
#5552 = LINE('',#5553,#5554);
#5553 = CARTESIAN_POINT('',(0.6,-8.22,8.5));
#5554 = VECTOR('',#5555,1.);
#5555 = DIRECTION('',(1.110223024625E-16,1.,0.));
#5556 = ORIENTED_EDGE('',*,*,#5557,.F.);
#5557 = EDGE_CURVE('',#5558,#5548,#5560,.T.);
#5558 = VERTEX_POINT('',#5559);
#5559 = CARTESIAN_POINT('',(-0.6,-8.22,8.5));
#5560 = LINE('',#5561,#5562);
#5561 = CARTESIAN_POINT('',(-0.6,-8.22,8.5));
#5562 = VECTOR('',#5563,1.);
#5563 = DIRECTION('',(1.,-1.110223024625E-16,0.));
#5564 = ORIENTED_EDGE('',*,*,#5565,.F.);
#5565 = EDGE_CURVE('',#5566,#5558,#5568,.T.);
#5566 = VERTEX_POINT('',#5567);
#5567 = CARTESIAN_POINT('',(-0.6,-7.02,8.5));
#5568 = LINE('',#5569,#5570);
#5569 = CARTESIAN_POINT('',(-0.6,-7.02,8.5));
#5570 = VECTOR('',#5571,1.);
#5571 = DIRECTION('',(-1.110223024625E-16,-1.,0.));
#5572 = ORIENTED_EDGE('',*,*,#5573,.F.);
#5573 = EDGE_CURVE('',#5550,#5566,#5574,.T.);
#5574 = LINE('',#5575,#5576);
#5575 = CARTESIAN_POINT('',(0.6,-7.02,8.5));
#5576 = VECTOR('',#5577,1.);
#5577 = DIRECTION('',(-1.,1.110223024625E-16,0.));
#5578 = FACE_BOUND('',#5579,.T.);
#5579 = EDGE_LOOP('',(#5580,#5590,#5598,#5606));
#5580 = ORIENTED_EDGE('',*,*,#5581,.F.);
#5581 = EDGE_CURVE('',#5582,#5584,#5586,.T.);
#5582 = VERTEX_POINT('',#5583);
#5583 = CARTESIAN_POINT('',(0.6,-5.68,8.5));
#5584 = VERTEX_POINT('',#5585);
#5585 = CARTESIAN_POINT('',(0.6,-4.48,8.5));
#5586 = LINE('',#5587,#5588);
#5587 = CARTESIAN_POINT('',(0.6,-5.68,8.5));
#5588 = VECTOR('',#5589,1.);
#5589 = DIRECTION('',(1.110223024625E-16,1.,0.));
#5590 = ORIENTED_EDGE('',*,*,#5591,.F.);
#5591 = EDGE_CURVE('',#5592,#5582,#5594,.T.);
#5592 = VERTEX_POINT('',#5593);
#5593 = CARTESIAN_POINT('',(-0.6,-5.68,8.5));
#5594 = LINE('',#5595,#5596);
#5595 = CARTESIAN_POINT('',(-0.6,-5.68,8.5));
#5596 = VECTOR('',#5597,1.);
#5597 = DIRECTION('',(1.,-1.110223024625E-16,0.));
#5598 = ORIENTED_EDGE('',*,*,#5599,.F.);
#5599 = EDGE_CURVE('',#5600,#5592,#5602,.T.);
#5600 = VERTEX_POINT('',#5601);
#5601 = CARTESIAN_POINT('',(-0.6,-4.48,8.5));
#5602 = LINE('',#5603,#5604);
#5603 = CARTESIAN_POINT('',(-0.6,-4.48,8.5));
#5604 = VECTOR('',#5605,1.);
#5605 = DIRECTION('',(-1.110223024625E-16,-1.,0.));
#5606 = ORIENTED_EDGE('',*,*,#5607,.F.);
#5607 = EDGE_CURVE('',#5584,#5600,#5608,.T.);
#5608 = LINE('',#5609,#5610);
#5609 = CARTESIAN_POINT('',(0.6,-4.48,8.5));
#5610 = VECTOR('',#5611,1.);
#5611 = DIRECTION('',(-1.,1.110223024625E-16,0.));
#5612 = FACE_BOUND('',#5613,.T.);
#5613 = EDGE_LOOP('',(#5614,#5624,#5632,#5640));
#5614 = ORIENTED_EDGE('',*,*,#5615,.F.);
#5615 = EDGE_CURVE('',#5616,#5618,#5620,.T.);
#5616 = VERTEX_POINT('',#5617);
#5617 = CARTESIAN_POINT('',(0.6,-3.14,8.5));
#5618 = VERTEX_POINT('',#5619);
#5619 = CARTESIAN_POINT('',(0.6,-1.94,8.5));
#5620 = LINE('',#5621,#5622);
#5621 = CARTESIAN_POINT('',(0.6,-3.14,8.5));
#5622 = VECTOR('',#5623,1.);
#5623 = DIRECTION('',(1.110223024625E-16,1.,0.));
#5624 = ORIENTED_EDGE('',*,*,#5625,.F.);
#5625 = EDGE_CURVE('',#5626,#5616,#5628,.T.);
#5626 = VERTEX_POINT('',#5627);
#5627 = CARTESIAN_POINT('',(-0.6,-3.14,8.5));
#5628 = LINE('',#5629,#5630);
#5629 = CARTESIAN_POINT('',(-0.6,-3.14,8.5));
#5630 = VECTOR('',#5631,1.);
#5631 = DIRECTION('',(1.,-1.110223024625E-16,0.));
#5632 = ORIENTED_EDGE('',*,*,#5633,.F.);
#5633 = EDGE_CURVE('',#5634,#5626,#5636,.T.);
#5634 = VERTEX_POINT('',#5635);
#5635 = CARTESIAN_POINT('',(-0.6,-1.94,8.5));
#5636 = LINE('',#5637,#5638);
#5637 = CARTESIAN_POINT('',(-0.6,-1.94,8.5));
#5638 = VECTOR('',#5639,1.);
#5639 = DIRECTION('',(-1.110223024625E-16,-1.,0.));
#5640 = ORIENTED_EDGE('',*,*,#5641,.F.);
#5641 = EDGE_CURVE('',#5618,#5634,#5642,.T.);
#5642 = LINE('',#5643,#5644);
#5643 = CARTESIAN_POINT('',(0.6,-1.94,8.5));
#5644 = VECTOR('',#5645,1.);
#5645 = DIRECTION('',(-1.,1.110223024625E-16,0.));
#5646 = FACE_BOUND('',#5647,.T.);
#5647 = EDGE_LOOP('',(#5648,#5658,#5666,#5674));
#5648 = ORIENTED_EDGE('',*,*,#5649,.F.);
#5649 = EDGE_CURVE('',#5650,#5652,#5654,.T.);
#5650 = VERTEX_POINT('',#5651);
#5651 = CARTESIAN_POINT('',(0.6,-0.6,8.5));
#5652 = VERTEX_POINT('',#5653);
#5653 = CARTESIAN_POINT('',(0.6,0.6,8.5));
#5654 = LINE('',#5655,#5656);
#5655 = CARTESIAN_POINT('',(0.6,-0.6,8.5));
#5656 = VECTOR('',#5657,1.);
#5657 = DIRECTION('',(1.110223024625E-16,1.,0.));
#5658 = ORIENTED_EDGE('',*,*,#5659,.F.);
#5659 = EDGE_CURVE('',#5660,#5650,#5662,.T.);
#5660 = VERTEX_POINT('',#5661);
#5661 = CARTESIAN_POINT('',(-0.6,-0.6,8.5));
#5662 = LINE('',#5663,#5664);
#5663 = CARTESIAN_POINT('',(-0.6,-0.6,8.5));
#5664 = VECTOR('',#5665,1.);
#5665 = DIRECTION('',(1.,-1.110223024625E-16,0.));
#5666 = ORIENTED_EDGE('',*,*,#5667,.F.);
#5667 = EDGE_CURVE('',#5668,#5660,#5670,.T.);
#5668 = VERTEX_POINT('',#5669);
#5669 = CARTESIAN_POINT('',(-0.6,0.6,8.5));
#5670 = LINE('',#5671,#5672);
#5671 = CARTESIAN_POINT('',(-0.6,0.6,8.5));
#5672 = VECTOR('',#5673,1.);
#5673 = DIRECTION('',(-1.110223024625E-16,-1.,0.));
#5674 = ORIENTED_EDGE('',*,*,#5675,.F.);
#5675 = EDGE_CURVE('',#5652,#5668,#5676,.T.);
#5676 = LINE('',#5677,#5678);
#5677 = CARTESIAN_POINT('',(0.6,0.6,8.5));
#5678 = VECTOR('',#5679,1.);
#5679 = DIRECTION('',(-1.,1.110223024625E-16,0.));
#5680 = PLANE('',#5681);
#5681 = AXIS2_PLACEMENT_3D('',#5682,#5683,#5684);
#5682 = CARTESIAN_POINT('',(-3.952393967666E-16,-3.81,8.5));
#5683 = DIRECTION('',(0.,0.,1.));
#5684 = DIRECTION('',(1.110223024625E-16,1.,-0.));
#5685 = ADVANCED_FACE('',(#5686),#5702,.F.);
#5686 = FACE_BOUND('',#5687,.F.);
#5687 = EDGE_LOOP('',(#5688,#5689,#5695,#5696));
#5688 = ORIENTED_EDGE('',*,*,#5393,.T.);
#5689 = ORIENTED_EDGE('',*,*,#5690,.F.);
#5690 = EDGE_CURVE('',#5482,#5396,#5691,.T.);
#5691 = LINE('',#5692,#5693);
#5692 = CARTESIAN_POINT('',(-0.846666666667,1.27,0.));
#5693 = VECTOR('',#5694,1.);
#5694 = DIRECTION('',(-1.110223024625E-16,-1.,0.));
#5695 = ORIENTED_EDGE('',*,*,#5481,.T.);
#5696 = ORIENTED_EDGE('',*,*,#5697,.T.);
#5697 = EDGE_CURVE('',#5474,#5394,#5698,.T.);
#5698 = LINE('',#5699,#5700);
#5699 = CARTESIAN_POINT('',(-1.27,1.27,0.));
#5700 = VECTOR('',#5701,1.);
#5701 = DIRECTION('',(-1.110223024625E-16,-1.,0.));
#5702 = PLANE('',#5703);
#5703 = AXIS2_PLACEMENT_3D('',#5704,#5705,#5706);
#5704 = CARTESIAN_POINT('',(-3.952393967666E-16,-3.81,0.));
#5705 = DIRECTION('',(0.,0.,1.));
#5706 = DIRECTION('',(1.110223024625E-16,1.,-0.));
#5707 = ADVANCED_FACE('',(#5708),#5719,.T.);
#5708 = FACE_BOUND('',#5709,.T.);
#5709 = EDGE_LOOP('',(#5710,#5711,#5717,#5718));
#5710 = ORIENTED_EDGE('',*,*,#5489,.T.);
#5711 = ORIENTED_EDGE('',*,*,#5712,.T.);
#5712 = EDGE_CURVE('',#5490,#5435,#5713,.T.);
#5713 = LINE('',#5714,#5715);
#5714 = CARTESIAN_POINT('',(-0.846666666667,1.27,0.2));
#5715 = VECTOR('',#5716,1.);
#5716 = DIRECTION('',(-1.110223024625E-16,-1.,0.));
#5717 = ORIENTED_EDGE('',*,*,#5442,.F.);
#5718 = ORIENTED_EDGE('',*,*,#5690,.F.);
#5719 = PLANE('',#5720);
#5720 = AXIS2_PLACEMENT_3D('',#5721,#5722,#5723);
#5721 = CARTESIAN_POINT('',(-0.846666666667,1.27,0.));
#5722 = DIRECTION('',(1.,-1.110223024625E-16,0.));
#5723 = DIRECTION('',(-1.110223024625E-16,-1.,0.));
#5724 = ADVANCED_FACE('',(#5725,#5736,#5802,#5868,#5934),#6000,.F.);
#5725 = FACE_BOUND('',#5726,.F.);
#5726 = EDGE_LOOP('',(#5727,#5733,#5734,#5735));
#5727 = ORIENTED_EDGE('',*,*,#5728,.T.);
#5728 = EDGE_CURVE('',#5427,#5498,#5729,.T.);
#5729 = LINE('',#5730,#5731);
#5730 = CARTESIAN_POINT('',(0.846666666667,-8.89,0.2));
#5731 = VECTOR('',#5732,1.);
#5732 = DIRECTION('',(1.110223024625E-16,1.,0.));
#5733 = ORIENTED_EDGE('',*,*,#5497,.T.);
#5734 = ORIENTED_EDGE('',*,*,#5712,.T.);
#5735 = ORIENTED_EDGE('',*,*,#5434,.T.);
#5736 = FACE_BOUND('',#5737,.F.);
#5737 = EDGE_LOOP('',(#5738,#5748,#5756,#5764,#5772,#5780,#5788,#5796));
#5738 = ORIENTED_EDGE('',*,*,#5739,.F.);
#5739 = EDGE_CURVE('',#5740,#5742,#5744,.T.);
#5740 = VERTEX_POINT('',#5741);
#5741 = CARTESIAN_POINT('',(-0.1,-8.07,0.2));
#5742 = VERTEX_POINT('',#5743);
#5743 = CARTESIAN_POINT('',(0.1,-8.07,0.2));
#5744 = LINE('',#5745,#5746);
#5745 = CARTESIAN_POINT('',(-0.1,-8.07,0.2));
#5746 = VECTOR('',#5747,1.);
#5747 = DIRECTION('',(1.,-1.110223024625E-16,0.));
#5748 = ORIENTED_EDGE('',*,*,#5749,.T.);
#5749 = EDGE_CURVE('',#5740,#5750,#5752,.T.);
#5750 = VERTEX_POINT('',#5751);
#5751 = CARTESIAN_POINT('',(-0.1,-7.92,0.2));
#5752 = LINE('',#5753,#5754);
#5753 = CARTESIAN_POINT('',(-0.1,-8.07,0.2));
#5754 = VECTOR('',#5755,1.);
#5755 = DIRECTION('',(1.110223024625E-16,1.,0.));
#5756 = ORIENTED_EDGE('',*,*,#5757,.F.);
#5757 = EDGE_CURVE('',#5758,#5750,#5760,.T.);
#5758 = VERTEX_POINT('',#5759);
#5759 = CARTESIAN_POINT('',(-0.1,-7.32,0.2));
#5760 = LINE('',#5761,#5762);
#5761 = CARTESIAN_POINT('',(-0.1,-5.715,0.2));
#5762 = VECTOR('',#5763,1.);
#5763 = DIRECTION('',(-1.110223024625E-16,-1.,0.));
#5764 = ORIENTED_EDGE('',*,*,#5765,.T.);
#5765 = EDGE_CURVE('',#5758,#5766,#5768,.T.);
#5766 = VERTEX_POINT('',#5767);
#5767 = CARTESIAN_POINT('',(-0.1,-7.17,0.2));
#5768 = LINE('',#5769,#5770);
#5769 = CARTESIAN_POINT('',(-0.1,-8.07,0.2));
#5770 = VECTOR('',#5771,1.);
#5771 = DIRECTION('',(1.110223024625E-16,1.,0.));
#5772 = ORIENTED_EDGE('',*,*,#5773,.T.);
#5773 = EDGE_CURVE('',#5766,#5774,#5776,.T.);
#5774 = VERTEX_POINT('',#5775);
#5775 = CARTESIAN_POINT('',(0.1,-7.17,0.2));
#5776 = LINE('',#5777,#5778);
#5777 = CARTESIAN_POINT('',(-0.1,-7.17,0.2));
#5778 = VECTOR('',#5779,1.);
#5779 = DIRECTION('',(1.,-1.110223024625E-16,0.));
#5780 = ORIENTED_EDGE('',*,*,#5781,.T.);
#5781 = EDGE_CURVE('',#5774,#5782,#5784,.T.);
#5782 = VERTEX_POINT('',#5783);
#5783 = CARTESIAN_POINT('',(0.1,-7.32,0.2));
#5784 = LINE('',#5785,#5786);
#5785 = CARTESIAN_POINT('',(0.1,-7.17,0.2));
#5786 = VECTOR('',#5787,1.);
#5787 = DIRECTION('',(-1.110223024625E-16,-1.,0.));
#5788 = ORIENTED_EDGE('',*,*,#5789,.T.);
#5789 = EDGE_CURVE('',#5782,#5790,#5792,.T.);
#5790 = VERTEX_POINT('',#5791);
#5791 = CARTESIAN_POINT('',(0.1,-7.92,0.2));
#5792 = LINE('',#5793,#5794);
#5793 = CARTESIAN_POINT('',(0.1,-5.715,0.2));
#5794 = VECTOR('',#5795,1.);
#5795 = DIRECTION('',(-1.110223024625E-16,-1.,0.));
#5796 = ORIENTED_EDGE('',*,*,#5797,.T.);
#5797 = EDGE_CURVE('',#5790,#5742,#5798,.T.);
#5798 = LINE('',#5799,#5800);
#5799 = CARTESIAN_POINT('',(0.1,-7.17,0.2));
#5800 = VECTOR('',#5801,1.);
#5801 = DIRECTION('',(-1.110223024625E-16,-1.,0.));
#5802 = FACE_BOUND('',#5803,.F.);
#5803 = EDGE_LOOP('',(#5804,#5814,#5822,#5830,#5838,#5846,#5854,#5862));
#5804 = ORIENTED_EDGE('',*,*,#5805,.F.);
#5805 = EDGE_CURVE('',#5806,#5808,#5810,.T.);
#5806 = VERTEX_POINT('',#5807);
#5807 = CARTESIAN_POINT('',(-0.1,-5.53,0.2));
#5808 = VERTEX_POINT('',#5809);
#5809 = CARTESIAN_POINT('',(0.1,-5.53,0.2));
#5810 = LINE('',#5811,#5812);
#5811 = CARTESIAN_POINT('',(-0.1,-5.53,0.2));
#5812 = VECTOR('',#5813,1.);
#5813 = DIRECTION('',(1.,-1.110223024625E-16,0.));
#5814 = ORIENTED_EDGE('',*,*,#5815,.T.);
#5815 = EDGE_CURVE('',#5806,#5816,#5818,.T.);
#5816 = VERTEX_POINT('',#5817);
#5817 = CARTESIAN_POINT('',(-0.1,-5.38,0.2));
#5818 = LINE('',#5819,#5820);
#5819 = CARTESIAN_POINT('',(-0.1,-5.53,0.2));
#5820 = VECTOR('',#5821,1.);
#5821 = DIRECTION('',(1.110223024625E-16,1.,0.));
#5822 = ORIENTED_EDGE('',*,*,#5823,.F.);
#5823 = EDGE_CURVE('',#5824,#5816,#5826,.T.);
#5824 = VERTEX_POINT('',#5825);
#5825 = CARTESIAN_POINT('',(-0.1,-4.78,0.2));
#5826 = LINE('',#5827,#5828);
#5827 = CARTESIAN_POINT('',(-0.1,-4.445,0.2));
#5828 = VECTOR('',#5829,1.);
#5829 = DIRECTION('',(-1.110223024625E-16,-1.,0.));
#5830 = ORIENTED_EDGE('',*,*,#5831,.T.);
#5831 = EDGE_CURVE('',#5824,#5832,#5834,.T.);
#5832 = VERTEX_POINT('',#5833);
#5833 = CARTESIAN_POINT('',(-0.1,-4.63,0.2));
#5834 = LINE('',#5835,#5836);
#5835 = CARTESIAN_POINT('',(-0.1,-5.53,0.2));
#5836 = VECTOR('',#5837,1.);
#5837 = DIRECTION('',(1.110223024625E-16,1.,0.));
#5838 = ORIENTED_EDGE('',*,*,#5839,.T.);
#5839 = EDGE_CURVE('',#5832,#5840,#5842,.T.);
#5840 = VERTEX_POINT('',#5841);
#5841 = CARTESIAN_POINT('',(0.1,-4.63,0.2));
#5842 = LINE('',#5843,#5844);
#5843 = CARTESIAN_POINT('',(-0.1,-4.63,0.2));
#5844 = VECTOR('',#5845,1.);
#5845 = DIRECTION('',(1.,-1.110223024625E-16,0.));
#5846 = ORIENTED_EDGE('',*,*,#5847,.T.);
#5847 = EDGE_CURVE('',#5840,#5848,#5850,.T.);
#5848 = VERTEX_POINT('',#5849);
#5849 = CARTESIAN_POINT('',(0.1,-4.78,0.2));
#5850 = LINE('',#5851,#5852);
#5851 = CARTESIAN_POINT('',(0.1,-4.63,0.2));
#5852 = VECTOR('',#5853,1.);
#5853 = DIRECTION('',(-1.110223024625E-16,-1.,0.));
#5854 = ORIENTED_EDGE('',*,*,#5855,.T.);
#5855 = EDGE_CURVE('',#5848,#5856,#5858,.T.);
#5856 = VERTEX_POINT('',#5857);
#5857 = CARTESIAN_POINT('',(0.1,-5.38,0.2));
#5858 = LINE('',#5859,#5860);
#5859 = CARTESIAN_POINT('',(0.1,-4.445,0.2));
#5860 = VECTOR('',#5861,1.);
#5861 = DIRECTION('',(-1.110223024625E-16,-1.,0.));
#5862 = ORIENTED_EDGE('',*,*,#5863,.T.);
#5863 = EDGE_CURVE('',#5856,#5808,#5864,.T.);
#5864 = LINE('',#5865,#5866);
#5865 = CARTESIAN_POINT('',(0.1,-4.63,0.2));
#5866 = VECTOR('',#5867,1.);
#5867 = DIRECTION('',(-1.110223024625E-16,-1.,0.));
#5868 = FACE_BOUND('',#5869,.F.);
#5869 = EDGE_LOOP('',(#5870,#5880,#5888,#5896,#5904,#5912,#5920,#5928));
#5870 = ORIENTED_EDGE('',*,*,#5871,.F.);
#5871 = EDGE_CURVE('',#5872,#5874,#5876,.T.);
#5872 = VERTEX_POINT('',#5873);
#5873 = CARTESIAN_POINT('',(-0.1,-2.99,0.2));
#5874 = VERTEX_POINT('',#5875);
#5875 = CARTESIAN_POINT('',(0.1,-2.99,0.2));
#5876 = LINE('',#5877,#5878);
#5877 = CARTESIAN_POINT('',(-0.1,-2.99,0.2));
#5878 = VECTOR('',#5879,1.);
#5879 = DIRECTION('',(1.,-1.110223024625E-16,0.));
#5880 = ORIENTED_EDGE('',*,*,#5881,.T.);
#5881 = EDGE_CURVE('',#5872,#5882,#5884,.T.);
#5882 = VERTEX_POINT('',#5883);
#5883 = CARTESIAN_POINT('',(-0.1,-2.84,0.2));
#5884 = LINE('',#5885,#5886);
#5885 = CARTESIAN_POINT('',(-0.1,-2.99,0.2));
#5886 = VECTOR('',#5887,1.);
#5887 = DIRECTION('',(1.110223024625E-16,1.,0.));
#5888 = ORIENTED_EDGE('',*,*,#5889,.F.);
#5889 = EDGE_CURVE('',#5890,#5882,#5892,.T.);
#5890 = VERTEX_POINT('',#5891);
#5891 = CARTESIAN_POINT('',(-0.1,-2.24,0.2));
#5892 = LINE('',#5893,#5894);
#5893 = CARTESIAN_POINT('',(-0.1,-3.175,0.2));
#5894 = VECTOR('',#5895,1.);
#5895 = DIRECTION('',(-1.110223024625E-16,-1.,0.));
#5896 = ORIENTED_EDGE('',*,*,#5897,.T.);
#5897 = EDGE_CURVE('',#5890,#5898,#5900,.T.);
#5898 = VERTEX_POINT('',#5899);
#5899 = CARTESIAN_POINT('',(-0.1,-2.09,0.2));
#5900 = LINE('',#5901,#5902);
#5901 = CARTESIAN_POINT('',(-0.1,-2.99,0.2));
#5902 = VECTOR('',#5903,1.);
#5903 = DIRECTION('',(1.110223024625E-16,1.,0.));
#5904 = ORIENTED_EDGE('',*,*,#5905,.T.);
#5905 = EDGE_CURVE('',#5898,#5906,#5908,.T.);
#5906 = VERTEX_POINT('',#5907);
#5907 = CARTESIAN_POINT('',(0.1,-2.09,0.2));
#5908 = LINE('',#5909,#5910);
#5909 = CARTESIAN_POINT('',(-0.1,-2.09,0.2));
#5910 = VECTOR('',#5911,1.);
#5911 = DIRECTION('',(1.,-1.110223024625E-16,0.));
#5912 = ORIENTED_EDGE('',*,*,#5913,.T.);
#5913 = EDGE_CURVE('',#5906,#5914,#5916,.T.);
#5914 = VERTEX_POINT('',#5915);
#5915 = CARTESIAN_POINT('',(0.1,-2.24,0.2));
#5916 = LINE('',#5917,#5918);
#5917 = CARTESIAN_POINT('',(0.1,-2.09,0.2));
#5918 = VECTOR('',#5919,1.);
#5919 = DIRECTION('',(-1.110223024625E-16,-1.,0.));
#5920 = ORIENTED_EDGE('',*,*,#5921,.T.);
#5921 = EDGE_CURVE('',#5914,#5922,#5924,.T.);
#5922 = VERTEX_POINT('',#5923);
#5923 = CARTESIAN_POINT('',(0.1,-2.84,0.2));
#5924 = LINE('',#5925,#5926);
#5925 = CARTESIAN_POINT('',(0.1,-3.175,0.2));
#5926 = VECTOR('',#5927,1.);
#5927 = DIRECTION('',(-1.110223024625E-16,-1.,0.));
#5928 = ORIENTED_EDGE('',*,*,#5929,.T.);
#5929 = EDGE_CURVE('',#5922,#5874,#5930,.T.);
#5930 = LINE('',#5931,#5932);
#5931 = CARTESIAN_POINT('',(0.1,-2.09,0.2));
#5932 = VECTOR('',#5933,1.);
#5933 = DIRECTION('',(-1.110223024625E-16,-1.,0.));
#5934 = FACE_BOUND('',#5935,.F.);
#5935 = EDGE_LOOP('',(#5936,#5946,#5954,#5962,#5970,#5978,#5986,#5994));
#5936 = ORIENTED_EDGE('',*,*,#5937,.F.);
#5937 = EDGE_CURVE('',#5938,#5940,#5942,.T.);
#5938 = VERTEX_POINT('',#5939);
#5939 = CARTESIAN_POINT('',(-0.1,-0.45,0.2));
#5940 = VERTEX_POINT('',#5941);
#5941 = CARTESIAN_POINT('',(0.1,-0.45,0.2));
#5942 = LINE('',#5943,#5944);
#5943 = CARTESIAN_POINT('',(-0.1,-0.45,0.2));
#5944 = VECTOR('',#5945,1.);
#5945 = DIRECTION('',(1.,-1.110223024625E-16,0.));
#5946 = ORIENTED_EDGE('',*,*,#5947,.T.);
#5947 = EDGE_CURVE('',#5938,#5948,#5950,.T.);
#5948 = VERTEX_POINT('',#5949);
#5949 = CARTESIAN_POINT('',(-0.1,-0.3,0.2));
#5950 = LINE('',#5951,#5952);
#5951 = CARTESIAN_POINT('',(-0.1,-0.45,0.2));
#5952 = VECTOR('',#5953,1.);
#5953 = DIRECTION('',(1.110223024625E-16,1.,0.));
#5954 = ORIENTED_EDGE('',*,*,#5955,.F.);
#5955 = EDGE_CURVE('',#5956,#5948,#5958,.T.);
#5956 = VERTEX_POINT('',#5957);
#5957 = CARTESIAN_POINT('',(-0.1,0.3,0.2));
#5958 = LINE('',#5959,#5960);
#5959 = CARTESIAN_POINT('',(-0.1,-1.905,0.2));
#5960 = VECTOR('',#5961,1.);
#5961 = DIRECTION('',(-1.110223024625E-16,-1.,0.));
#5962 = ORIENTED_EDGE('',*,*,#5963,.T.);
#5963 = EDGE_CURVE('',#5956,#5964,#5966,.T.);
#5964 = VERTEX_POINT('',#5965);
#5965 = CARTESIAN_POINT('',(-0.1,0.45,0.2));
#5966 = LINE('',#5967,#5968);
#5967 = CARTESIAN_POINT('',(-0.1,-0.45,0.2));
#5968 = VECTOR('',#5969,1.);
#5969 = DIRECTION('',(1.110223024625E-16,1.,0.));
#5970 = ORIENTED_EDGE('',*,*,#5971,.T.);
#5971 = EDGE_CURVE('',#5964,#5972,#5974,.T.);
#5972 = VERTEX_POINT('',#5973);
#5973 = CARTESIAN_POINT('',(0.1,0.45,0.2));
#5974 = LINE('',#5975,#5976);
#5975 = CARTESIAN_POINT('',(-0.1,0.45,0.2));
#5976 = VECTOR('',#5977,1.);
#5977 = DIRECTION('',(1.,-1.110223024625E-16,0.));
#5978 = ORIENTED_EDGE('',*,*,#5979,.T.);
#5979 = EDGE_CURVE('',#5972,#5980,#5982,.T.);
#5980 = VERTEX_POINT('',#5981);
#5981 = CARTESIAN_POINT('',(0.1,0.3,0.2));
#5982 = LINE('',#5983,#5984);
#5983 = CARTESIAN_POINT('',(0.1,0.45,0.2));
#5984 = VECTOR('',#5985,1.);
#5985 = DIRECTION('',(-1.110223024625E-16,-1.,0.));
#5986 = ORIENTED_EDGE('',*,*,#5987,.T.);
#5987 = EDGE_CURVE('',#5980,#5988,#5990,.T.);
#5988 = VERTEX_POINT('',#5989);
#5989 = CARTESIAN_POINT('',(0.1,-0.3,0.2));
#5990 = LINE('',#5991,#5992);
#5991 = CARTESIAN_POINT('',(0.1,-1.905,0.2));
#5992 = VECTOR('',#5993,1.);
#5993 = DIRECTION('',(-1.110223024625E-16,-1.,0.));
#5994 = ORIENTED_EDGE('',*,*,#5995,.T.);
#5995 = EDGE_CURVE('',#5988,#5940,#5996,.T.);
#5996 = LINE('',#5997,#5998);
#5997 = CARTESIAN_POINT('',(0.1,0.45,0.2));
#5998 = VECTOR('',#5999,1.);
#5999 = DIRECTION('',(-1.110223024625E-16,-1.,0.));
#6000 = PLANE('',#6001);
#6001 = AXIS2_PLACEMENT_3D('',#6002,#6003,#6004);
#6002 = CARTESIAN_POINT('',(-3.952393967666E-16,-3.81,0.2));
#6003 = DIRECTION('',(0.,0.,1.));
#6004 = DIRECTION('',(1.110223024625E-16,1.,-0.));
#6005 = ADVANCED_FACE('',(#6006),#6012,.T.);
#6006 = FACE_BOUND('',#6007,.T.);
#6007 = EDGE_LOOP('',(#6008,#6009,#6010,#6011));
#6008 = ORIENTED_EDGE('',*,*,#5426,.T.);
#6009 = ORIENTED_EDGE('',*,*,#5728,.T.);
#6010 = ORIENTED_EDGE('',*,*,#5505,.F.);
#6011 = ORIENTED_EDGE('',*,*,#5522,.F.);
#6012 = PLANE('',#6013);
#6013 = AXIS2_PLACEMENT_3D('',#6014,#6015,#6016);
#6014 = CARTESIAN_POINT('',(0.846666666667,-8.89,0.));
#6015 = DIRECTION('',(-1.,1.110223024625E-16,0.));
#6016 = DIRECTION('',(1.110223024625E-16,1.,0.));
#6017 = ADVANCED_FACE('',(#6018),#6024,.F.);
#6018 = FACE_BOUND('',#6019,.F.);
#6019 = EDGE_LOOP('',(#6020,#6021,#6022,#6023));
#6020 = ORIENTED_EDGE('',*,*,#5473,.T.);
#6021 = ORIENTED_EDGE('',*,*,#5538,.T.);
#6022 = ORIENTED_EDGE('',*,*,#5403,.F.);
#6023 = ORIENTED_EDGE('',*,*,#5697,.F.);
#6024 = PLANE('',#6025);
#6025 = AXIS2_PLACEMENT_3D('',#6026,#6027,#6028);
#6026 = CARTESIAN_POINT('',(-1.27,1.27,0.));
#6027 = DIRECTION('',(1.,-1.110223024625E-16,0.));
#6028 = DIRECTION('',(-1.110223024625E-16,-1.,0.));
#6029 = ADVANCED_FACE('',(#6030),#6055,.T.);
#6030 = FACE_BOUND('',#6031,.T.);
#6031 = EDGE_LOOP('',(#6032,#6040,#6041,#6049));
#6032 = ORIENTED_EDGE('',*,*,#6033,.F.);
#6033 = EDGE_CURVE('',#5548,#6034,#6036,.T.);
#6034 = VERTEX_POINT('',#6035);
#6035 = CARTESIAN_POINT('',(0.3,-7.92,8.2));
#6036 = LINE('',#6037,#6038);
#6037 = CARTESIAN_POINT('',(0.3,-7.92,8.2));
#6038 = VECTOR('',#6039,1.);
#6039 = DIRECTION('',(-0.57735026919,0.57735026919,-0.57735026919));
#6040 = ORIENTED_EDGE('',*,*,#5547,.T.);
#6041 = ORIENTED_EDGE('',*,*,#6042,.T.);
#6042 = EDGE_CURVE('',#5550,#6043,#6045,.T.);
#6043 = VERTEX_POINT('',#6044);
#6044 = CARTESIAN_POINT('',(0.3,-7.32,8.2));
#6045 = LINE('',#6046,#6047);
#6046 = CARTESIAN_POINT('',(0.3,-7.32,8.2));
#6047 = VECTOR('',#6048,1.);
#6048 = DIRECTION('',(-0.57735026919,-0.57735026919,-0.57735026919));
#6049 = ORIENTED_EDGE('',*,*,#6050,.F.);
#6050 = EDGE_CURVE('',#6034,#6043,#6051,.T.);
#6051 = LINE('',#6052,#6053);
#6052 = CARTESIAN_POINT('',(0.3,-8.22,8.2));
#6053 = VECTOR('',#6054,1.);
#6054 = DIRECTION('',(1.110223024625E-16,1.,0.));
#6055 = PLANE('',#6056);
#6056 = AXIS2_PLACEMENT_3D('',#6057,#6058,#6059);
#6057 = CARTESIAN_POINT('',(0.45,-8.22,8.35));
#6058 = DIRECTION('',(-0.707106781187,7.850462293414E-17,0.707106781187)
  );
#6059 = DIRECTION('',(1.110223024625E-16,1.,2.680278185005E-29));
#6060 = ADVANCED_FACE('',(#6061),#6079,.T.);
#6061 = FACE_BOUND('',#6062,.T.);
#6062 = EDGE_LOOP('',(#6063,#6064,#6065,#6073));
#6063 = ORIENTED_EDGE('',*,*,#6042,.F.);
#6064 = ORIENTED_EDGE('',*,*,#5573,.T.);
#6065 = ORIENTED_EDGE('',*,*,#6066,.T.);
#6066 = EDGE_CURVE('',#5566,#6067,#6069,.T.);
#6067 = VERTEX_POINT('',#6068);
#6068 = CARTESIAN_POINT('',(-0.3,-7.32,8.2));
#6069 = LINE('',#6070,#6071);
#6070 = CARTESIAN_POINT('',(-0.3,-7.32,8.2));
#6071 = VECTOR('',#6072,1.);
#6072 = DIRECTION('',(0.57735026919,-0.57735026919,-0.57735026919));
#6073 = ORIENTED_EDGE('',*,*,#6074,.F.);
#6074 = EDGE_CURVE('',#6043,#6067,#6075,.T.);
#6075 = LINE('',#6076,#6077);
#6076 = CARTESIAN_POINT('',(0.6,-7.32,8.2));
#6077 = VECTOR('',#6078,1.);
#6078 = DIRECTION('',(-1.,1.110223024625E-16,0.));
#6079 = PLANE('',#6080);
#6080 = AXIS2_PLACEMENT_3D('',#6081,#6082,#6083);
#6081 = CARTESIAN_POINT('',(0.6,-7.17,8.35));
#6082 = DIRECTION('',(-8.197719098449E-17,-0.707106781187,0.707106781187
    ));
#6083 = DIRECTION('',(-1.,1.13477778879E-16,-2.455476416522E-18));
#6084 = ADVANCED_FACE('',(#6085),#6103,.T.);
#6085 = FACE_BOUND('',#6086,.T.);
#6086 = EDGE_LOOP('',(#6087,#6088,#6089,#6097));
#6087 = ORIENTED_EDGE('',*,*,#6066,.F.);
#6088 = ORIENTED_EDGE('',*,*,#5565,.T.);
#6089 = ORIENTED_EDGE('',*,*,#6090,.T.);
#6090 = EDGE_CURVE('',#5558,#6091,#6093,.T.);
#6091 = VERTEX_POINT('',#6092);
#6092 = CARTESIAN_POINT('',(-0.3,-7.92,8.2));
#6093 = LINE('',#6094,#6095);
#6094 = CARTESIAN_POINT('',(-0.3,-7.92,8.2));
#6095 = VECTOR('',#6096,1.);
#6096 = DIRECTION('',(0.57735026919,0.57735026919,-0.57735026919));
#6097 = ORIENTED_EDGE('',*,*,#6098,.F.);
#6098 = EDGE_CURVE('',#6067,#6091,#6099,.T.);
#6099 = LINE('',#6100,#6101);
#6100 = CARTESIAN_POINT('',(-0.3,-7.02,8.2));
#6101 = VECTOR('',#6102,1.);
#6102 = DIRECTION('',(-1.110223024625E-16,-1.,0.));
#6103 = PLANE('',#6104);
#6104 = AXIS2_PLACEMENT_3D('',#6105,#6106,#6107);
#6105 = CARTESIAN_POINT('',(-0.45,-7.02,8.35));
#6106 = DIRECTION('',(0.707106781187,-7.850462293414E-17,0.707106781187)
  );
#6107 = DIRECTION('',(-1.110223024625E-16,-1.,2.680278185005E-29));
#6108 = ADVANCED_FACE('',(#6109),#6120,.T.);
#6109 = FACE_BOUND('',#6110,.T.);
#6110 = EDGE_LOOP('',(#6111,#6112,#6113,#6114));
#6111 = ORIENTED_EDGE('',*,*,#6090,.F.);
#6112 = ORIENTED_EDGE('',*,*,#5557,.T.);
#6113 = ORIENTED_EDGE('',*,*,#6033,.T.);
#6114 = ORIENTED_EDGE('',*,*,#6115,.F.);
#6115 = EDGE_CURVE('',#6091,#6034,#6116,.T.);
#6116 = LINE('',#6117,#6118);
#6117 = CARTESIAN_POINT('',(-0.6,-7.92,8.2));
#6118 = VECTOR('',#6119,1.);
#6119 = DIRECTION('',(1.,-1.110223024625E-16,0.));
#6120 = PLANE('',#6121);
#6121 = AXIS2_PLACEMENT_3D('',#6122,#6123,#6124);
#6122 = CARTESIAN_POINT('',(-0.6,-8.07,8.35));
#6123 = DIRECTION('',(8.197719098449E-17,0.707106781187,0.707106781187)
  );
#6124 = DIRECTION('',(1.,-1.13477778879E-16,-2.455476416522E-18));
#6125 = ADVANCED_FACE('',(#6126),#6151,.T.);
#6126 = FACE_BOUND('',#6127,.T.);
#6127 = EDGE_LOOP('',(#6128,#6136,#6137,#6145));
#6128 = ORIENTED_EDGE('',*,*,#6129,.F.);
#6129 = EDGE_CURVE('',#5582,#6130,#6132,.T.);
#6130 = VERTEX_POINT('',#6131);
#6131 = CARTESIAN_POINT('',(0.3,-5.38,8.2));
#6132 = LINE('',#6133,#6134);
#6133 = CARTESIAN_POINT('',(0.3,-5.38,8.2));
#6134 = VECTOR('',#6135,1.);
#6135 = DIRECTION('',(-0.57735026919,0.57735026919,-0.57735026919));
#6136 = ORIENTED_EDGE('',*,*,#5581,.T.);
#6137 = ORIENTED_EDGE('',*,*,#6138,.T.);
#6138 = EDGE_CURVE('',#5584,#6139,#6141,.T.);
#6139 = VERTEX_POINT('',#6140);
#6140 = CARTESIAN_POINT('',(0.3,-4.78,8.2));
#6141 = LINE('',#6142,#6143);
#6142 = CARTESIAN_POINT('',(0.3,-4.78,8.2));
#6143 = VECTOR('',#6144,1.);
#6144 = DIRECTION('',(-0.57735026919,-0.57735026919,-0.57735026919));
#6145 = ORIENTED_EDGE('',*,*,#6146,.F.);
#6146 = EDGE_CURVE('',#6130,#6139,#6147,.T.);
#6147 = LINE('',#6148,#6149);
#6148 = CARTESIAN_POINT('',(0.3,-5.68,8.2));
#6149 = VECTOR('',#6150,1.);
#6150 = DIRECTION('',(1.110223024625E-16,1.,0.));
#6151 = PLANE('',#6152);
#6152 = AXIS2_PLACEMENT_3D('',#6153,#6154,#6155);
#6153 = CARTESIAN_POINT('',(0.45,-5.68,8.35));
#6154 = DIRECTION('',(-0.707106781187,7.850462293414E-17,0.707106781187)
  );
#6155 = DIRECTION('',(1.110223024625E-16,1.,2.680278185005E-29));
#6156 = ADVANCED_FACE('',(#6157),#6175,.T.);
#6157 = FACE_BOUND('',#6158,.T.);
#6158 = EDGE_LOOP('',(#6159,#6160,#6161,#6169));
#6159 = ORIENTED_EDGE('',*,*,#6138,.F.);
#6160 = ORIENTED_EDGE('',*,*,#5607,.T.);
#6161 = ORIENTED_EDGE('',*,*,#6162,.T.);
#6162 = EDGE_CURVE('',#5600,#6163,#6165,.T.);
#6163 = VERTEX_POINT('',#6164);
#6164 = CARTESIAN_POINT('',(-0.3,-4.78,8.2));
#6165 = LINE('',#6166,#6167);
#6166 = CARTESIAN_POINT('',(-0.3,-4.78,8.2));
#6167 = VECTOR('',#6168,1.);
#6168 = DIRECTION('',(0.57735026919,-0.57735026919,-0.57735026919));
#6169 = ORIENTED_EDGE('',*,*,#6170,.F.);
#6170 = EDGE_CURVE('',#6139,#6163,#6171,.T.);
#6171 = LINE('',#6172,#6173);
#6172 = CARTESIAN_POINT('',(0.6,-4.78,8.2));
#6173 = VECTOR('',#6174,1.);
#6174 = DIRECTION('',(-1.,1.110223024625E-16,0.));
#6175 = PLANE('',#6176);
#6176 = AXIS2_PLACEMENT_3D('',#6177,#6178,#6179);
#6177 = CARTESIAN_POINT('',(0.6,-4.63,8.35));
#6178 = DIRECTION('',(-8.197719098449E-17,-0.707106781187,0.707106781187
    ));
#6179 = DIRECTION('',(-1.,1.13477778879E-16,-2.455476416522E-18));
#6180 = ADVANCED_FACE('',(#6181),#6199,.T.);
#6181 = FACE_BOUND('',#6182,.T.);
#6182 = EDGE_LOOP('',(#6183,#6184,#6185,#6193));
#6183 = ORIENTED_EDGE('',*,*,#6162,.F.);
#6184 = ORIENTED_EDGE('',*,*,#5599,.T.);
#6185 = ORIENTED_EDGE('',*,*,#6186,.T.);
#6186 = EDGE_CURVE('',#5592,#6187,#6189,.T.);
#6187 = VERTEX_POINT('',#6188);
#6188 = CARTESIAN_POINT('',(-0.3,-5.38,8.2));
#6189 = LINE('',#6190,#6191);
#6190 = CARTESIAN_POINT('',(-0.3,-5.38,8.2));
#6191 = VECTOR('',#6192,1.);
#6192 = DIRECTION('',(0.57735026919,0.57735026919,-0.57735026919));
#6193 = ORIENTED_EDGE('',*,*,#6194,.F.);
#6194 = EDGE_CURVE('',#6163,#6187,#6195,.T.);
#6195 = LINE('',#6196,#6197);
#6196 = CARTESIAN_POINT('',(-0.3,-4.48,8.2));
#6197 = VECTOR('',#6198,1.);
#6198 = DIRECTION('',(-1.110223024625E-16,-1.,0.));
#6199 = PLANE('',#6200);
#6200 = AXIS2_PLACEMENT_3D('',#6201,#6202,#6203);
#6201 = CARTESIAN_POINT('',(-0.45,-4.48,8.35));
#6202 = DIRECTION('',(0.707106781187,-7.850462293414E-17,0.707106781187)
  );
#6203 = DIRECTION('',(-1.110223024625E-16,-1.,2.680278185005E-29));
#6204 = ADVANCED_FACE('',(#6205),#6216,.T.);
#6205 = FACE_BOUND('',#6206,.T.);
#6206 = EDGE_LOOP('',(#6207,#6208,#6209,#6210));
#6207 = ORIENTED_EDGE('',*,*,#6186,.F.);
#6208 = ORIENTED_EDGE('',*,*,#5591,.T.);
#6209 = ORIENTED_EDGE('',*,*,#6129,.T.);
#6210 = ORIENTED_EDGE('',*,*,#6211,.F.);
#6211 = EDGE_CURVE('',#6187,#6130,#6212,.T.);
#6212 = LINE('',#6213,#6214);
#6213 = CARTESIAN_POINT('',(-0.6,-5.38,8.2));
#6214 = VECTOR('',#6215,1.);
#6215 = DIRECTION('',(1.,-1.110223024625E-16,0.));
#6216 = PLANE('',#6217);
#6217 = AXIS2_PLACEMENT_3D('',#6218,#6219,#6220);
#6218 = CARTESIAN_POINT('',(-0.6,-5.53,8.35));
#6219 = DIRECTION('',(8.197719098449E-17,0.707106781187,0.707106781187)
  );
#6220 = DIRECTION('',(1.,-1.13477778879E-16,-2.455476416522E-18));
#6221 = ADVANCED_FACE('',(#6222),#6247,.T.);
#6222 = FACE_BOUND('',#6223,.T.);
#6223 = EDGE_LOOP('',(#6224,#6232,#6233,#6241));
#6224 = ORIENTED_EDGE('',*,*,#6225,.F.);
#6225 = EDGE_CURVE('',#5616,#6226,#6228,.T.);
#6226 = VERTEX_POINT('',#6227);
#6227 = CARTESIAN_POINT('',(0.3,-2.84,8.2));
#6228 = LINE('',#6229,#6230);
#6229 = CARTESIAN_POINT('',(0.3,-2.84,8.2));
#6230 = VECTOR('',#6231,1.);
#6231 = DIRECTION('',(-0.57735026919,0.57735026919,-0.57735026919));
#6232 = ORIENTED_EDGE('',*,*,#5615,.T.);
#6233 = ORIENTED_EDGE('',*,*,#6234,.T.);
#6234 = EDGE_CURVE('',#5618,#6235,#6237,.T.);
#6235 = VERTEX_POINT('',#6236);
#6236 = CARTESIAN_POINT('',(0.3,-2.24,8.2));
#6237 = LINE('',#6238,#6239);
#6238 = CARTESIAN_POINT('',(0.3,-2.24,8.2));
#6239 = VECTOR('',#6240,1.);
#6240 = DIRECTION('',(-0.57735026919,-0.57735026919,-0.57735026919));
#6241 = ORIENTED_EDGE('',*,*,#6242,.F.);
#6242 = EDGE_CURVE('',#6226,#6235,#6243,.T.);
#6243 = LINE('',#6244,#6245);
#6244 = CARTESIAN_POINT('',(0.3,-3.14,8.2));
#6245 = VECTOR('',#6246,1.);
#6246 = DIRECTION('',(1.110223024625E-16,1.,0.));
#6247 = PLANE('',#6248);
#6248 = AXIS2_PLACEMENT_3D('',#6249,#6250,#6251);
#6249 = CARTESIAN_POINT('',(0.45,-3.14,8.35));
#6250 = DIRECTION('',(-0.707106781187,7.850462293414E-17,0.707106781187)
  );
#6251 = DIRECTION('',(1.110223024625E-16,1.,2.680278185005E-29));
#6252 = ADVANCED_FACE('',(#6253),#6271,.T.);
#6253 = FACE_BOUND('',#6254,.T.);
#6254 = EDGE_LOOP('',(#6255,#6256,#6257,#6265));
#6255 = ORIENTED_EDGE('',*,*,#6234,.F.);
#6256 = ORIENTED_EDGE('',*,*,#5641,.T.);
#6257 = ORIENTED_EDGE('',*,*,#6258,.T.);
#6258 = EDGE_CURVE('',#5634,#6259,#6261,.T.);
#6259 = VERTEX_POINT('',#6260);
#6260 = CARTESIAN_POINT('',(-0.3,-2.24,8.2));
#6261 = LINE('',#6262,#6263);
#6262 = CARTESIAN_POINT('',(-0.3,-2.24,8.2));
#6263 = VECTOR('',#6264,1.);
#6264 = DIRECTION('',(0.57735026919,-0.57735026919,-0.57735026919));
#6265 = ORIENTED_EDGE('',*,*,#6266,.F.);
#6266 = EDGE_CURVE('',#6235,#6259,#6267,.T.);
#6267 = LINE('',#6268,#6269);
#6268 = CARTESIAN_POINT('',(0.6,-2.24,8.2));
#6269 = VECTOR('',#6270,1.);
#6270 = DIRECTION('',(-1.,1.110223024625E-16,0.));
#6271 = PLANE('',#6272);
#6272 = AXIS2_PLACEMENT_3D('',#6273,#6274,#6275);
#6273 = CARTESIAN_POINT('',(0.6,-2.09,8.35));
#6274 = DIRECTION('',(-8.197719098449E-17,-0.707106781187,0.707106781187
    ));
#6275 = DIRECTION('',(-1.,1.13477778879E-16,-2.455476416522E-18));
#6276 = ADVANCED_FACE('',(#6277),#6295,.T.);
#6277 = FACE_BOUND('',#6278,.T.);
#6278 = EDGE_LOOP('',(#6279,#6280,#6281,#6289));
#6279 = ORIENTED_EDGE('',*,*,#6258,.F.);
#6280 = ORIENTED_EDGE('',*,*,#5633,.T.);
#6281 = ORIENTED_EDGE('',*,*,#6282,.T.);
#6282 = EDGE_CURVE('',#5626,#6283,#6285,.T.);
#6283 = VERTEX_POINT('',#6284);
#6284 = CARTESIAN_POINT('',(-0.3,-2.84,8.2));
#6285 = LINE('',#6286,#6287);
#6286 = CARTESIAN_POINT('',(-0.3,-2.84,8.2));
#6287 = VECTOR('',#6288,1.);
#6288 = DIRECTION('',(0.57735026919,0.57735026919,-0.57735026919));
#6289 = ORIENTED_EDGE('',*,*,#6290,.F.);
#6290 = EDGE_CURVE('',#6259,#6283,#6291,.T.);
#6291 = LINE('',#6292,#6293);
#6292 = CARTESIAN_POINT('',(-0.3,-1.94,8.2));
#6293 = VECTOR('',#6294,1.);
#6294 = DIRECTION('',(-1.110223024625E-16,-1.,0.));
#6295 = PLANE('',#6296);
#6296 = AXIS2_PLACEMENT_3D('',#6297,#6298,#6299);
#6297 = CARTESIAN_POINT('',(-0.45,-1.94,8.35));
#6298 = DIRECTION('',(0.707106781187,-7.850462293414E-17,0.707106781187)
  );
#6299 = DIRECTION('',(-1.110223024625E-16,-1.,2.680278185005E-29));
#6300 = ADVANCED_FACE('',(#6301),#6312,.T.);
#6301 = FACE_BOUND('',#6302,.T.);
#6302 = EDGE_LOOP('',(#6303,#6304,#6305,#6306));
#6303 = ORIENTED_EDGE('',*,*,#6282,.F.);
#6304 = ORIENTED_EDGE('',*,*,#5625,.T.);
#6305 = ORIENTED_EDGE('',*,*,#6225,.T.);
#6306 = ORIENTED_EDGE('',*,*,#6307,.F.);
#6307 = EDGE_CURVE('',#6283,#6226,#6308,.T.);
#6308 = LINE('',#6309,#6310);
#6309 = CARTESIAN_POINT('',(-0.6,-2.84,8.2));
#6310 = VECTOR('',#6311,1.);
#6311 = DIRECTION('',(1.,-1.110223024625E-16,0.));
#6312 = PLANE('',#6313);
#6313 = AXIS2_PLACEMENT_3D('',#6314,#6315,#6316);
#6314 = CARTESIAN_POINT('',(-0.6,-2.99,8.35));
#6315 = DIRECTION('',(8.197719098449E-17,0.707106781187,0.707106781187)
  );
#6316 = DIRECTION('',(1.,-1.13477778879E-16,-2.455476416522E-18));
#6317 = ADVANCED_FACE('',(#6318),#6343,.T.);
#6318 = FACE_BOUND('',#6319,.T.);
#6319 = EDGE_LOOP('',(#6320,#6328,#6329,#6337));
#6320 = ORIENTED_EDGE('',*,*,#6321,.F.);
#6321 = EDGE_CURVE('',#5650,#6322,#6324,.T.);
#6322 = VERTEX_POINT('',#6323);
#6323 = CARTESIAN_POINT('',(0.3,-0.3,8.2));
#6324 = LINE('',#6325,#6326);
#6325 = CARTESIAN_POINT('',(0.3,-0.3,8.2));
#6326 = VECTOR('',#6327,1.);
#6327 = DIRECTION('',(-0.57735026919,0.57735026919,-0.57735026919));
#6328 = ORIENTED_EDGE('',*,*,#5649,.T.);
#6329 = ORIENTED_EDGE('',*,*,#6330,.T.);
#6330 = EDGE_CURVE('',#5652,#6331,#6333,.T.);
#6331 = VERTEX_POINT('',#6332);
#6332 = CARTESIAN_POINT('',(0.3,0.3,8.2));
#6333 = LINE('',#6334,#6335);
#6334 = CARTESIAN_POINT('',(0.3,0.3,8.2));
#6335 = VECTOR('',#6336,1.);
#6336 = DIRECTION('',(-0.57735026919,-0.57735026919,-0.57735026919));
#6337 = ORIENTED_EDGE('',*,*,#6338,.F.);
#6338 = EDGE_CURVE('',#6322,#6331,#6339,.T.);
#6339 = LINE('',#6340,#6341);
#6340 = CARTESIAN_POINT('',(0.3,-0.6,8.2));
#6341 = VECTOR('',#6342,1.);
#6342 = DIRECTION('',(1.110223024625E-16,1.,0.));
#6343 = PLANE('',#6344);
#6344 = AXIS2_PLACEMENT_3D('',#6345,#6346,#6347);
#6345 = CARTESIAN_POINT('',(0.45,-0.6,8.35));
#6346 = DIRECTION('',(-0.707106781187,7.850462293414E-17,0.707106781187)
  );
#6347 = DIRECTION('',(1.110223024625E-16,1.,2.680278185005E-29));
#6348 = ADVANCED_FACE('',(#6349),#6367,.T.);
#6349 = FACE_BOUND('',#6350,.T.);
#6350 = EDGE_LOOP('',(#6351,#6352,#6353,#6361));
#6351 = ORIENTED_EDGE('',*,*,#6330,.F.);
#6352 = ORIENTED_EDGE('',*,*,#5675,.T.);
#6353 = ORIENTED_EDGE('',*,*,#6354,.T.);
#6354 = EDGE_CURVE('',#5668,#6355,#6357,.T.);
#6355 = VERTEX_POINT('',#6356);
#6356 = CARTESIAN_POINT('',(-0.3,0.3,8.2));
#6357 = LINE('',#6358,#6359);
#6358 = CARTESIAN_POINT('',(-0.3,0.3,8.2));
#6359 = VECTOR('',#6360,1.);
#6360 = DIRECTION('',(0.57735026919,-0.57735026919,-0.57735026919));
#6361 = ORIENTED_EDGE('',*,*,#6362,.F.);
#6362 = EDGE_CURVE('',#6331,#6355,#6363,.T.);
#6363 = LINE('',#6364,#6365);
#6364 = CARTESIAN_POINT('',(0.6,0.3,8.2));
#6365 = VECTOR('',#6366,1.);
#6366 = DIRECTION('',(-1.,1.110223024625E-16,0.));
#6367 = PLANE('',#6368);
#6368 = AXIS2_PLACEMENT_3D('',#6369,#6370,#6371);
#6369 = CARTESIAN_POINT('',(0.6,0.45,8.35));
#6370 = DIRECTION('',(-8.197719098449E-17,-0.707106781187,0.707106781187
    ));
#6371 = DIRECTION('',(-1.,1.13477778879E-16,-2.455476416522E-18));
#6372 = ADVANCED_FACE('',(#6373),#6391,.T.);
#6373 = FACE_BOUND('',#6374,.T.);
#6374 = EDGE_LOOP('',(#6375,#6376,#6377,#6385));
#6375 = ORIENTED_EDGE('',*,*,#6354,.F.);
#6376 = ORIENTED_EDGE('',*,*,#5667,.T.);
#6377 = ORIENTED_EDGE('',*,*,#6378,.T.);
#6378 = EDGE_CURVE('',#5660,#6379,#6381,.T.);
#6379 = VERTEX_POINT('',#6380);
#6380 = CARTESIAN_POINT('',(-0.3,-0.3,8.2));
#6381 = LINE('',#6382,#6383);
#6382 = CARTESIAN_POINT('',(-0.3,-0.3,8.2));
#6383 = VECTOR('',#6384,1.);
#6384 = DIRECTION('',(0.57735026919,0.57735026919,-0.57735026919));
#6385 = ORIENTED_EDGE('',*,*,#6386,.F.);
#6386 = EDGE_CURVE('',#6355,#6379,#6387,.T.);
#6387 = LINE('',#6388,#6389);
#6388 = CARTESIAN_POINT('',(-0.3,0.6,8.2));
#6389 = VECTOR('',#6390,1.);
#6390 = DIRECTION('',(-1.110223024625E-16,-1.,0.));
#6391 = PLANE('',#6392);
#6392 = AXIS2_PLACEMENT_3D('',#6393,#6394,#6395);
#6393 = CARTESIAN_POINT('',(-0.45,0.6,8.35));
#6394 = DIRECTION('',(0.707106781187,-7.850462293414E-17,0.707106781187)
  );
#6395 = DIRECTION('',(-1.110223024625E-16,-1.,2.680278185005E-29));
#6396 = ADVANCED_FACE('',(#6397),#6408,.T.);
#6397 = FACE_BOUND('',#6398,.T.);
#6398 = EDGE_LOOP('',(#6399,#6400,#6401,#6402));
#6399 = ORIENTED_EDGE('',*,*,#6378,.F.);
#6400 = ORIENTED_EDGE('',*,*,#5659,.T.);
#6401 = ORIENTED_EDGE('',*,*,#6321,.T.);
#6402 = ORIENTED_EDGE('',*,*,#6403,.F.);
#6403 = EDGE_CURVE('',#6379,#6322,#6404,.T.);
#6404 = LINE('',#6405,#6406);
#6405 = CARTESIAN_POINT('',(-0.6,-0.3,8.2));
#6406 = VECTOR('',#6407,1.);
#6407 = DIRECTION('',(1.,-1.110223024625E-16,0.));
#6408 = PLANE('',#6409);
#6409 = AXIS2_PLACEMENT_3D('',#6410,#6411,#6412);
#6410 = CARTESIAN_POINT('',(-0.6,-0.45,8.35));
#6411 = DIRECTION('',(8.197719098449E-17,0.707106781187,0.707106781187)
  );
#6412 = DIRECTION('',(1.,-1.13477778879E-16,-2.455476416522E-18));
#6413 = ADVANCED_FACE('',(#6414),#6425,.T.);
#6414 = FACE_BOUND('',#6415,.T.);
#6415 = EDGE_LOOP('',(#6416,#6417,#6418,#6424));
#6416 = ORIENTED_EDGE('',*,*,#5739,.F.);
#6417 = ORIENTED_EDGE('',*,*,#5749,.T.);
#6418 = ORIENTED_EDGE('',*,*,#6419,.T.);
#6419 = EDGE_CURVE('',#5750,#5790,#6420,.T.);
#6420 = LINE('',#6421,#6422);
#6421 = CARTESIAN_POINT('',(-0.1,-7.92,0.2));
#6422 = VECTOR('',#6423,1.);
#6423 = DIRECTION('',(1.,-1.110223024625E-16,0.));
#6424 = ORIENTED_EDGE('',*,*,#5797,.T.);
#6425 = PLANE('',#6426);
#6426 = AXIS2_PLACEMENT_3D('',#6427,#6428,#6429);
#6427 = CARTESIAN_POINT('',(-0.1,-7.92,0.2));
#6428 = DIRECTION('',(0.,-0.,-1.));
#6429 = DIRECTION('',(-1.110223024625E-16,-1.,0.));
#6430 = ADVANCED_FACE('',(#6431),#6472,.F.);
#6431 = FACE_BOUND('',#6432,.F.);
#6432 = EDGE_LOOP('',(#6433,#6441,#6442,#6450,#6458,#6466));
#6433 = ORIENTED_EDGE('',*,*,#6434,.T.);
#6434 = EDGE_CURVE('',#6435,#5790,#6437,.T.);
#6435 = VERTEX_POINT('',#6436);
#6436 = CARTESIAN_POINT('',(0.1,-7.92,-2.5));
#6437 = LINE('',#6438,#6439);
#6438 = CARTESIAN_POINT('',(0.1,-7.92,-2.5));
#6439 = VECTOR('',#6440,1.);
#6440 = DIRECTION('',(0.,0.,1.));
#6441 = ORIENTED_EDGE('',*,*,#5789,.F.);
#6442 = ORIENTED_EDGE('',*,*,#6443,.T.);
#6443 = EDGE_CURVE('',#5782,#6444,#6446,.T.);
#6444 = VERTEX_POINT('',#6445);
#6445 = CARTESIAN_POINT('',(0.1,-7.32,-2.5));
#6446 = LINE('',#6447,#6448);
#6447 = CARTESIAN_POINT('',(0.1,-7.32,0.2));
#6448 = VECTOR('',#6449,1.);
#6449 = DIRECTION('',(0.,0.,-1.));
#6450 = ORIENTED_EDGE('',*,*,#6451,.T.);
#6451 = EDGE_CURVE('',#6444,#6452,#6454,.T.);
#6452 = VERTEX_POINT('',#6453);
#6453 = CARTESIAN_POINT('',(0.1,-7.47,-3.1));
#6454 = LINE('',#6455,#6456);
#6455 = CARTESIAN_POINT('',(0.1,-7.32,-2.5));
#6456 = VECTOR('',#6457,1.);
#6457 = DIRECTION('',(-2.692686352073E-17,-0.242535625036,
    -0.970142500145));
#6458 = ORIENTED_EDGE('',*,*,#6459,.T.);
#6459 = EDGE_CURVE('',#6452,#6460,#6462,.T.);
#6460 = VERTEX_POINT('',#6461);
#6461 = CARTESIAN_POINT('',(0.1,-7.77,-3.1));
#6462 = LINE('',#6463,#6464);
#6463 = CARTESIAN_POINT('',(0.1,-7.47,-3.1));
#6464 = VECTOR('',#6465,1.);
#6465 = DIRECTION('',(-1.110223024625E-16,-1.,0.));
#6466 = ORIENTED_EDGE('',*,*,#6467,.T.);
#6467 = EDGE_CURVE('',#6460,#6435,#6468,.T.);
#6468 = LINE('',#6469,#6470);
#6469 = CARTESIAN_POINT('',(0.1,-7.77,-3.1));
#6470 = VECTOR('',#6471,1.);
#6471 = DIRECTION('',(-2.692686352073E-17,-0.242535625036,0.970142500145
    ));
#6472 = PLANE('',#6473);
#6473 = AXIS2_PLACEMENT_3D('',#6474,#6475,#6476);
#6474 = CARTESIAN_POINT('',(0.1,-7.62,3.911477598424));
#6475 = DIRECTION('',(-1.,1.110223024625E-16,0.));
#6476 = DIRECTION('',(0.,0.,1.));
#6477 = ADVANCED_FACE('',(#6478),#6489,.T.);
#6478 = FACE_BOUND('',#6479,.T.);
#6479 = EDGE_LOOP('',(#6480,#6486,#6487,#6488));
#6480 = ORIENTED_EDGE('',*,*,#6481,.F.);
#6481 = EDGE_CURVE('',#5758,#5782,#6482,.T.);
#6482 = LINE('',#6483,#6484);
#6483 = CARTESIAN_POINT('',(-0.1,-7.32,0.2));
#6484 = VECTOR('',#6485,1.);
#6485 = DIRECTION('',(1.,-1.110223024625E-16,0.));
#6486 = ORIENTED_EDGE('',*,*,#5765,.T.);
#6487 = ORIENTED_EDGE('',*,*,#5773,.T.);
#6488 = ORIENTED_EDGE('',*,*,#5781,.T.);
#6489 = PLANE('',#6490);
#6490 = AXIS2_PLACEMENT_3D('',#6491,#6492,#6493);
#6491 = CARTESIAN_POINT('',(-0.1,-7.92,0.2));
#6492 = DIRECTION('',(0.,-0.,-1.));
#6493 = DIRECTION('',(-1.110223024625E-16,-1.,0.));
#6494 = ADVANCED_FACE('',(#6495),#6536,.T.);
#6495 = FACE_BOUND('',#6496,.T.);
#6496 = EDGE_LOOP('',(#6497,#6505,#6506,#6514,#6522,#6530));
#6497 = ORIENTED_EDGE('',*,*,#6498,.T.);
#6498 = EDGE_CURVE('',#6499,#5750,#6501,.T.);
#6499 = VERTEX_POINT('',#6500);
#6500 = CARTESIAN_POINT('',(-0.1,-7.92,-2.5));
#6501 = LINE('',#6502,#6503);
#6502 = CARTESIAN_POINT('',(-0.1,-7.92,-2.5));
#6503 = VECTOR('',#6504,1.);
#6504 = DIRECTION('',(0.,0.,1.));
#6505 = ORIENTED_EDGE('',*,*,#5757,.F.);
#6506 = ORIENTED_EDGE('',*,*,#6507,.T.);
#6507 = EDGE_CURVE('',#5758,#6508,#6510,.T.);
#6508 = VERTEX_POINT('',#6509);
#6509 = CARTESIAN_POINT('',(-0.1,-7.32,-2.5));
#6510 = LINE('',#6511,#6512);
#6511 = CARTESIAN_POINT('',(-0.1,-7.32,0.2));
#6512 = VECTOR('',#6513,1.);
#6513 = DIRECTION('',(0.,0.,-1.));
#6514 = ORIENTED_EDGE('',*,*,#6515,.T.);
#6515 = EDGE_CURVE('',#6508,#6516,#6518,.T.);
#6516 = VERTEX_POINT('',#6517);
#6517 = CARTESIAN_POINT('',(-0.1,-7.47,-3.1));
#6518 = LINE('',#6519,#6520);
#6519 = CARTESIAN_POINT('',(-0.1,-7.32,-2.5));
#6520 = VECTOR('',#6521,1.);
#6521 = DIRECTION('',(-2.692686352073E-17,-0.242535625036,
    -0.970142500145));
#6522 = ORIENTED_EDGE('',*,*,#6523,.F.);
#6523 = EDGE_CURVE('',#6524,#6516,#6526,.T.);
#6524 = VERTEX_POINT('',#6525);
#6525 = CARTESIAN_POINT('',(-0.1,-7.77,-3.1));
#6526 = LINE('',#6527,#6528);
#6527 = CARTESIAN_POINT('',(-0.1,-7.77,-3.1));
#6528 = VECTOR('',#6529,1.);
#6529 = DIRECTION('',(1.110223024625E-16,1.,0.));
#6530 = ORIENTED_EDGE('',*,*,#6531,.T.);
#6531 = EDGE_CURVE('',#6524,#6499,#6532,.T.);
#6532 = LINE('',#6533,#6534);
#6533 = CARTESIAN_POINT('',(-0.1,-7.77,-3.1));
#6534 = VECTOR('',#6535,1.);
#6535 = DIRECTION('',(-2.692686352073E-17,-0.242535625036,0.970142500145
    ));
#6536 = PLANE('',#6537);
#6537 = AXIS2_PLACEMENT_3D('',#6538,#6539,#6540);
#6538 = CARTESIAN_POINT('',(-0.1,-7.62,3.911477598424));
#6539 = DIRECTION('',(-1.,1.110223024625E-16,0.));
#6540 = DIRECTION('',(0.,0.,1.));
#6541 = ADVANCED_FACE('',(#6542),#6553,.T.);
#6542 = FACE_BOUND('',#6543,.T.);
#6543 = EDGE_LOOP('',(#6544,#6545,#6546,#6552));
#6544 = ORIENTED_EDGE('',*,*,#5805,.F.);
#6545 = ORIENTED_EDGE('',*,*,#5815,.T.);
#6546 = ORIENTED_EDGE('',*,*,#6547,.T.);
#6547 = EDGE_CURVE('',#5816,#5856,#6548,.T.);
#6548 = LINE('',#6549,#6550);
#6549 = CARTESIAN_POINT('',(-0.1,-5.38,0.2));
#6550 = VECTOR('',#6551,1.);
#6551 = DIRECTION('',(1.,-1.110223024625E-16,0.));
#6552 = ORIENTED_EDGE('',*,*,#5863,.T.);
#6553 = PLANE('',#6554);
#6554 = AXIS2_PLACEMENT_3D('',#6555,#6556,#6557);
#6555 = CARTESIAN_POINT('',(-0.1,-5.38,0.2));
#6556 = DIRECTION('',(0.,-0.,-1.));
#6557 = DIRECTION('',(-1.110223024625E-16,-1.,0.));
#6558 = ADVANCED_FACE('',(#6559),#6600,.F.);
#6559 = FACE_BOUND('',#6560,.F.);
#6560 = EDGE_LOOP('',(#6561,#6569,#6570,#6578,#6586,#6594));
#6561 = ORIENTED_EDGE('',*,*,#6562,.T.);
#6562 = EDGE_CURVE('',#6563,#5856,#6565,.T.);
#6563 = VERTEX_POINT('',#6564);
#6564 = CARTESIAN_POINT('',(0.1,-5.38,-2.5));
#6565 = LINE('',#6566,#6567);
#6566 = CARTESIAN_POINT('',(0.1,-5.38,-2.5));
#6567 = VECTOR('',#6568,1.);
#6568 = DIRECTION('',(0.,0.,1.));
#6569 = ORIENTED_EDGE('',*,*,#5855,.F.);
#6570 = ORIENTED_EDGE('',*,*,#6571,.T.);
#6571 = EDGE_CURVE('',#5848,#6572,#6574,.T.);
#6572 = VERTEX_POINT('',#6573);
#6573 = CARTESIAN_POINT('',(0.1,-4.78,-2.5));
#6574 = LINE('',#6575,#6576);
#6575 = CARTESIAN_POINT('',(0.1,-4.78,0.2));
#6576 = VECTOR('',#6577,1.);
#6577 = DIRECTION('',(0.,0.,-1.));
#6578 = ORIENTED_EDGE('',*,*,#6579,.T.);
#6579 = EDGE_CURVE('',#6572,#6580,#6582,.T.);
#6580 = VERTEX_POINT('',#6581);
#6581 = CARTESIAN_POINT('',(0.1,-4.93,-3.1));
#6582 = LINE('',#6583,#6584);
#6583 = CARTESIAN_POINT('',(0.1,-4.78,-2.5));
#6584 = VECTOR('',#6585,1.);
#6585 = DIRECTION('',(-2.692686352073E-17,-0.242535625036,
    -0.970142500145));
#6586 = ORIENTED_EDGE('',*,*,#6587,.T.);
#6587 = EDGE_CURVE('',#6580,#6588,#6590,.T.);
#6588 = VERTEX_POINT('',#6589);
#6589 = CARTESIAN_POINT('',(0.1,-5.23,-3.1));
#6590 = LINE('',#6591,#6592);
#6591 = CARTESIAN_POINT('',(0.1,-4.93,-3.1));
#6592 = VECTOR('',#6593,1.);
#6593 = DIRECTION('',(-1.110223024625E-16,-1.,0.));
#6594 = ORIENTED_EDGE('',*,*,#6595,.T.);
#6595 = EDGE_CURVE('',#6588,#6563,#6596,.T.);
#6596 = LINE('',#6597,#6598);
#6597 = CARTESIAN_POINT('',(0.1,-5.23,-3.1));
#6598 = VECTOR('',#6599,1.);
#6599 = DIRECTION('',(-2.692686352073E-17,-0.242535625036,0.970142500145
    ));
#6600 = PLANE('',#6601);
#6601 = AXIS2_PLACEMENT_3D('',#6602,#6603,#6604);
#6602 = CARTESIAN_POINT('',(0.1,-5.08,3.911477598424));
#6603 = DIRECTION('',(-1.,1.110223024625E-16,0.));
#6604 = DIRECTION('',(0.,0.,1.));
#6605 = ADVANCED_FACE('',(#6606),#6617,.T.);
#6606 = FACE_BOUND('',#6607,.T.);
#6607 = EDGE_LOOP('',(#6608,#6614,#6615,#6616));
#6608 = ORIENTED_EDGE('',*,*,#6609,.F.);
#6609 = EDGE_CURVE('',#5824,#5848,#6610,.T.);
#6610 = LINE('',#6611,#6612);
#6611 = CARTESIAN_POINT('',(-0.1,-4.78,0.2));
#6612 = VECTOR('',#6613,1.);
#6613 = DIRECTION('',(1.,-1.110223024625E-16,0.));
#6614 = ORIENTED_EDGE('',*,*,#5831,.T.);
#6615 = ORIENTED_EDGE('',*,*,#5839,.T.);
#6616 = ORIENTED_EDGE('',*,*,#5847,.T.);
#6617 = PLANE('',#6618);
#6618 = AXIS2_PLACEMENT_3D('',#6619,#6620,#6621);
#6619 = CARTESIAN_POINT('',(-0.1,-5.38,0.2));
#6620 = DIRECTION('',(0.,-0.,-1.));
#6621 = DIRECTION('',(-1.110223024625E-16,-1.,0.));
#6622 = ADVANCED_FACE('',(#6623),#6664,.T.);
#6623 = FACE_BOUND('',#6624,.T.);
#6624 = EDGE_LOOP('',(#6625,#6633,#6634,#6642,#6650,#6658));
#6625 = ORIENTED_EDGE('',*,*,#6626,.T.);
#6626 = EDGE_CURVE('',#6627,#5816,#6629,.T.);
#6627 = VERTEX_POINT('',#6628);
#6628 = CARTESIAN_POINT('',(-0.1,-5.38,-2.5));
#6629 = LINE('',#6630,#6631);
#6630 = CARTESIAN_POINT('',(-0.1,-5.38,-2.5));
#6631 = VECTOR('',#6632,1.);
#6632 = DIRECTION('',(0.,0.,1.));
#6633 = ORIENTED_EDGE('',*,*,#5823,.F.);
#6634 = ORIENTED_EDGE('',*,*,#6635,.T.);
#6635 = EDGE_CURVE('',#5824,#6636,#6638,.T.);
#6636 = VERTEX_POINT('',#6637);
#6637 = CARTESIAN_POINT('',(-0.1,-4.78,-2.5));
#6638 = LINE('',#6639,#6640);
#6639 = CARTESIAN_POINT('',(-0.1,-4.78,0.2));
#6640 = VECTOR('',#6641,1.);
#6641 = DIRECTION('',(0.,0.,-1.));
#6642 = ORIENTED_EDGE('',*,*,#6643,.T.);
#6643 = EDGE_CURVE('',#6636,#6644,#6646,.T.);
#6644 = VERTEX_POINT('',#6645);
#6645 = CARTESIAN_POINT('',(-0.1,-4.93,-3.1));
#6646 = LINE('',#6647,#6648);
#6647 = CARTESIAN_POINT('',(-0.1,-4.78,-2.5));
#6648 = VECTOR('',#6649,1.);
#6649 = DIRECTION('',(-2.692686352073E-17,-0.242535625036,
    -0.970142500145));
#6650 = ORIENTED_EDGE('',*,*,#6651,.F.);
#6651 = EDGE_CURVE('',#6652,#6644,#6654,.T.);
#6652 = VERTEX_POINT('',#6653);
#6653 = CARTESIAN_POINT('',(-0.1,-5.23,-3.1));
#6654 = LINE('',#6655,#6656);
#6655 = CARTESIAN_POINT('',(-0.1,-5.23,-3.1));
#6656 = VECTOR('',#6657,1.);
#6657 = DIRECTION('',(1.110223024625E-16,1.,0.));
#6658 = ORIENTED_EDGE('',*,*,#6659,.T.);
#6659 = EDGE_CURVE('',#6652,#6627,#6660,.T.);
#6660 = LINE('',#6661,#6662);
#6661 = CARTESIAN_POINT('',(-0.1,-5.23,-3.1));
#6662 = VECTOR('',#6663,1.);
#6663 = DIRECTION('',(-2.692686352073E-17,-0.242535625036,0.970142500145
    ));
#6664 = PLANE('',#6665);
#6665 = AXIS2_PLACEMENT_3D('',#6666,#6667,#6668);
#6666 = CARTESIAN_POINT('',(-0.1,-5.08,3.911477598424));
#6667 = DIRECTION('',(-1.,1.110223024625E-16,0.));
#6668 = DIRECTION('',(0.,0.,1.));
#6669 = ADVANCED_FACE('',(#6670),#6681,.T.);
#6670 = FACE_BOUND('',#6671,.T.);
#6671 = EDGE_LOOP('',(#6672,#6673,#6674,#6680));
#6672 = ORIENTED_EDGE('',*,*,#5871,.F.);
#6673 = ORIENTED_EDGE('',*,*,#5881,.T.);
#6674 = ORIENTED_EDGE('',*,*,#6675,.T.);
#6675 = EDGE_CURVE('',#5882,#5922,#6676,.T.);
#6676 = LINE('',#6677,#6678);
#6677 = CARTESIAN_POINT('',(-0.1,-2.84,0.2));
#6678 = VECTOR('',#6679,1.);
#6679 = DIRECTION('',(1.,-1.110223024625E-16,0.));
#6680 = ORIENTED_EDGE('',*,*,#5929,.T.);
#6681 = PLANE('',#6682);
#6682 = AXIS2_PLACEMENT_3D('',#6683,#6684,#6685);
#6683 = CARTESIAN_POINT('',(-0.1,-2.84,0.2));
#6684 = DIRECTION('',(0.,-0.,-1.));
#6685 = DIRECTION('',(-1.110223024625E-16,-1.,0.));
#6686 = ADVANCED_FACE('',(#6687),#6728,.F.);
#6687 = FACE_BOUND('',#6688,.F.);
#6688 = EDGE_LOOP('',(#6689,#6697,#6698,#6706,#6714,#6722));
#6689 = ORIENTED_EDGE('',*,*,#6690,.T.);
#6690 = EDGE_CURVE('',#6691,#5922,#6693,.T.);
#6691 = VERTEX_POINT('',#6692);
#6692 = CARTESIAN_POINT('',(0.1,-2.84,-2.5));
#6693 = LINE('',#6694,#6695);
#6694 = CARTESIAN_POINT('',(0.1,-2.84,-2.5));
#6695 = VECTOR('',#6696,1.);
#6696 = DIRECTION('',(0.,0.,1.));
#6697 = ORIENTED_EDGE('',*,*,#5921,.F.);
#6698 = ORIENTED_EDGE('',*,*,#6699,.T.);
#6699 = EDGE_CURVE('',#5914,#6700,#6702,.T.);
#6700 = VERTEX_POINT('',#6701);
#6701 = CARTESIAN_POINT('',(0.1,-2.24,-2.5));
#6702 = LINE('',#6703,#6704);
#6703 = CARTESIAN_POINT('',(0.1,-2.24,0.2));
#6704 = VECTOR('',#6705,1.);
#6705 = DIRECTION('',(0.,0.,-1.));
#6706 = ORIENTED_EDGE('',*,*,#6707,.T.);
#6707 = EDGE_CURVE('',#6700,#6708,#6710,.T.);
#6708 = VERTEX_POINT('',#6709);
#6709 = CARTESIAN_POINT('',(0.1,-2.39,-3.1));
#6710 = LINE('',#6711,#6712);
#6711 = CARTESIAN_POINT('',(0.1,-2.24,-2.5));
#6712 = VECTOR('',#6713,1.);
#6713 = DIRECTION('',(-2.692686352073E-17,-0.242535625036,
    -0.970142500145));
#6714 = ORIENTED_EDGE('',*,*,#6715,.T.);
#6715 = EDGE_CURVE('',#6708,#6716,#6718,.T.);
#6716 = VERTEX_POINT('',#6717);
#6717 = CARTESIAN_POINT('',(0.1,-2.69,-3.1));
#6718 = LINE('',#6719,#6720);
#6719 = CARTESIAN_POINT('',(0.1,-2.39,-3.1));
#6720 = VECTOR('',#6721,1.);
#6721 = DIRECTION('',(-1.110223024625E-16,-1.,0.));
#6722 = ORIENTED_EDGE('',*,*,#6723,.T.);
#6723 = EDGE_CURVE('',#6716,#6691,#6724,.T.);
#6724 = LINE('',#6725,#6726);
#6725 = CARTESIAN_POINT('',(0.1,-2.69,-3.1));
#6726 = VECTOR('',#6727,1.);
#6727 = DIRECTION('',(-2.692686352073E-17,-0.242535625036,0.970142500145
    ));
#6728 = PLANE('',#6729);
#6729 = AXIS2_PLACEMENT_3D('',#6730,#6731,#6732);
#6730 = CARTESIAN_POINT('',(0.1,-2.54,3.911477598424));
#6731 = DIRECTION('',(-1.,1.110223024625E-16,0.));
#6732 = DIRECTION('',(0.,0.,1.));
#6733 = ADVANCED_FACE('',(#6734),#6745,.T.);
#6734 = FACE_BOUND('',#6735,.T.);
#6735 = EDGE_LOOP('',(#6736,#6742,#6743,#6744));
#6736 = ORIENTED_EDGE('',*,*,#6737,.F.);
#6737 = EDGE_CURVE('',#5890,#5914,#6738,.T.);
#6738 = LINE('',#6739,#6740);
#6739 = CARTESIAN_POINT('',(-0.1,-2.24,0.2));
#6740 = VECTOR('',#6741,1.);
#6741 = DIRECTION('',(1.,-1.110223024625E-16,0.));
#6742 = ORIENTED_EDGE('',*,*,#5897,.T.);
#6743 = ORIENTED_EDGE('',*,*,#5905,.T.);
#6744 = ORIENTED_EDGE('',*,*,#5913,.T.);
#6745 = PLANE('',#6746);
#6746 = AXIS2_PLACEMENT_3D('',#6747,#6748,#6749);
#6747 = CARTESIAN_POINT('',(-0.1,-2.84,0.2));
#6748 = DIRECTION('',(0.,-0.,-1.));
#6749 = DIRECTION('',(-1.110223024625E-16,-1.,0.));
#6750 = ADVANCED_FACE('',(#6751),#6792,.T.);
#6751 = FACE_BOUND('',#6752,.T.);
#6752 = EDGE_LOOP('',(#6753,#6761,#6762,#6770,#6778,#6786));
#6753 = ORIENTED_EDGE('',*,*,#6754,.T.);
#6754 = EDGE_CURVE('',#6755,#5882,#6757,.T.);
#6755 = VERTEX_POINT('',#6756);
#6756 = CARTESIAN_POINT('',(-0.1,-2.84,-2.5));
#6757 = LINE('',#6758,#6759);
#6758 = CARTESIAN_POINT('',(-0.1,-2.84,-2.5));
#6759 = VECTOR('',#6760,1.);
#6760 = DIRECTION('',(0.,0.,1.));
#6761 = ORIENTED_EDGE('',*,*,#5889,.F.);
#6762 = ORIENTED_EDGE('',*,*,#6763,.T.);
#6763 = EDGE_CURVE('',#5890,#6764,#6766,.T.);
#6764 = VERTEX_POINT('',#6765);
#6765 = CARTESIAN_POINT('',(-0.1,-2.24,-2.5));
#6766 = LINE('',#6767,#6768);
#6767 = CARTESIAN_POINT('',(-0.1,-2.24,0.2));
#6768 = VECTOR('',#6769,1.);
#6769 = DIRECTION('',(0.,0.,-1.));
#6770 = ORIENTED_EDGE('',*,*,#6771,.T.);
#6771 = EDGE_CURVE('',#6764,#6772,#6774,.T.);
#6772 = VERTEX_POINT('',#6773);
#6773 = CARTESIAN_POINT('',(-0.1,-2.39,-3.1));
#6774 = LINE('',#6775,#6776);
#6775 = CARTESIAN_POINT('',(-0.1,-2.24,-2.5));
#6776 = VECTOR('',#6777,1.);
#6777 = DIRECTION('',(-2.692686352073E-17,-0.242535625036,
    -0.970142500145));
#6778 = ORIENTED_EDGE('',*,*,#6779,.F.);
#6779 = EDGE_CURVE('',#6780,#6772,#6782,.T.);
#6780 = VERTEX_POINT('',#6781);
#6781 = CARTESIAN_POINT('',(-0.1,-2.69,-3.1));
#6782 = LINE('',#6783,#6784);
#6783 = CARTESIAN_POINT('',(-0.1,-2.69,-3.1));
#6784 = VECTOR('',#6785,1.);
#6785 = DIRECTION('',(1.110223024625E-16,1.,0.));
#6786 = ORIENTED_EDGE('',*,*,#6787,.T.);
#6787 = EDGE_CURVE('',#6780,#6755,#6788,.T.);
#6788 = LINE('',#6789,#6790);
#6789 = CARTESIAN_POINT('',(-0.1,-2.69,-3.1));
#6790 = VECTOR('',#6791,1.);
#6791 = DIRECTION('',(-2.692686352073E-17,-0.242535625036,0.970142500145
    ));
#6792 = PLANE('',#6793);
#6793 = AXIS2_PLACEMENT_3D('',#6794,#6795,#6796);
#6794 = CARTESIAN_POINT('',(-0.1,-2.54,3.911477598424));
#6795 = DIRECTION('',(-1.,1.110223024625E-16,0.));
#6796 = DIRECTION('',(0.,0.,1.));
#6797 = ADVANCED_FACE('',(#6798),#6809,.T.);
#6798 = FACE_BOUND('',#6799,.T.);
#6799 = EDGE_LOOP('',(#6800,#6801,#6802,#6808));
#6800 = ORIENTED_EDGE('',*,*,#5937,.F.);
#6801 = ORIENTED_EDGE('',*,*,#5947,.T.);
#6802 = ORIENTED_EDGE('',*,*,#6803,.T.);
#6803 = EDGE_CURVE('',#5948,#5988,#6804,.T.);
#6804 = LINE('',#6805,#6806);
#6805 = CARTESIAN_POINT('',(-0.1,-0.3,0.2));
#6806 = VECTOR('',#6807,1.);
#6807 = DIRECTION('',(1.,-1.110223024625E-16,0.));
#6808 = ORIENTED_EDGE('',*,*,#5995,.T.);
#6809 = PLANE('',#6810);
#6810 = AXIS2_PLACEMENT_3D('',#6811,#6812,#6813);
#6811 = CARTESIAN_POINT('',(-0.1,-0.3,0.2));
#6812 = DIRECTION('',(0.,-0.,-1.));
#6813 = DIRECTION('',(-1.110223024625E-16,-1.,0.));
#6814 = ADVANCED_FACE('',(#6815),#6856,.F.);
#6815 = FACE_BOUND('',#6816,.F.);
#6816 = EDGE_LOOP('',(#6817,#6825,#6826,#6834,#6842,#6850));
#6817 = ORIENTED_EDGE('',*,*,#6818,.T.);
#6818 = EDGE_CURVE('',#6819,#5988,#6821,.T.);
#6819 = VERTEX_POINT('',#6820);
#6820 = CARTESIAN_POINT('',(0.1,-0.3,-2.5));
#6821 = LINE('',#6822,#6823);
#6822 = CARTESIAN_POINT('',(0.1,-0.3,-2.5));
#6823 = VECTOR('',#6824,1.);
#6824 = DIRECTION('',(0.,0.,1.));
#6825 = ORIENTED_EDGE('',*,*,#5987,.F.);
#6826 = ORIENTED_EDGE('',*,*,#6827,.T.);
#6827 = EDGE_CURVE('',#5980,#6828,#6830,.T.);
#6828 = VERTEX_POINT('',#6829);
#6829 = CARTESIAN_POINT('',(0.1,0.3,-2.5));
#6830 = LINE('',#6831,#6832);
#6831 = CARTESIAN_POINT('',(0.1,0.3,0.2));
#6832 = VECTOR('',#6833,1.);
#6833 = DIRECTION('',(0.,0.,-1.));
#6834 = ORIENTED_EDGE('',*,*,#6835,.T.);
#6835 = EDGE_CURVE('',#6828,#6836,#6838,.T.);
#6836 = VERTEX_POINT('',#6837);
#6837 = CARTESIAN_POINT('',(0.1,0.15,-3.1));
#6838 = LINE('',#6839,#6840);
#6839 = CARTESIAN_POINT('',(0.1,0.3,-2.5));
#6840 = VECTOR('',#6841,1.);
#6841 = DIRECTION('',(-2.692686352073E-17,-0.242535625036,
    -0.970142500145));
#6842 = ORIENTED_EDGE('',*,*,#6843,.T.);
#6843 = EDGE_CURVE('',#6836,#6844,#6846,.T.);
#6844 = VERTEX_POINT('',#6845);
#6845 = CARTESIAN_POINT('',(0.1,-0.15,-3.1));
#6846 = LINE('',#6847,#6848);
#6847 = CARTESIAN_POINT('',(0.1,0.15,-3.1));
#6848 = VECTOR('',#6849,1.);
#6849 = DIRECTION('',(-1.110223024625E-16,-1.,0.));
#6850 = ORIENTED_EDGE('',*,*,#6851,.T.);
#6851 = EDGE_CURVE('',#6844,#6819,#6852,.T.);
#6852 = LINE('',#6853,#6854);
#6853 = CARTESIAN_POINT('',(0.1,-0.15,-3.1));
#6854 = VECTOR('',#6855,1.);
#6855 = DIRECTION('',(-2.692686352073E-17,-0.242535625036,0.970142500145
    ));
#6856 = PLANE('',#6857);
#6857 = AXIS2_PLACEMENT_3D('',#6858,#6859,#6860);
#6858 = CARTESIAN_POINT('',(0.1,-1.110223024625E-17,3.911477598424));
#6859 = DIRECTION('',(-1.,1.110223024625E-16,0.));
#6860 = DIRECTION('',(0.,0.,1.));
#6861 = ADVANCED_FACE('',(#6862),#6873,.T.);
#6862 = FACE_BOUND('',#6863,.T.);
#6863 = EDGE_LOOP('',(#6864,#6870,#6871,#6872));
#6864 = ORIENTED_EDGE('',*,*,#6865,.F.);
#6865 = EDGE_CURVE('',#5956,#5980,#6866,.T.);
#6866 = LINE('',#6867,#6868);
#6867 = CARTESIAN_POINT('',(-0.1,0.3,0.2));
#6868 = VECTOR('',#6869,1.);
#6869 = DIRECTION('',(1.,-1.110223024625E-16,0.));
#6870 = ORIENTED_EDGE('',*,*,#5963,.T.);
#6871 = ORIENTED_EDGE('',*,*,#5971,.T.);
#6872 = ORIENTED_EDGE('',*,*,#5979,.T.);
#6873 = PLANE('',#6874);
#6874 = AXIS2_PLACEMENT_3D('',#6875,#6876,#6877);
#6875 = CARTESIAN_POINT('',(-0.1,-0.3,0.2));
#6876 = DIRECTION('',(0.,-0.,-1.));
#6877 = DIRECTION('',(-1.110223024625E-16,-1.,0.));
#6878 = ADVANCED_FACE('',(#6879),#6920,.T.);
#6879 = FACE_BOUND('',#6880,.T.);
#6880 = EDGE_LOOP('',(#6881,#6889,#6890,#6898,#6906,#6914));
#6881 = ORIENTED_EDGE('',*,*,#6882,.T.);
#6882 = EDGE_CURVE('',#6883,#5948,#6885,.T.);
#6883 = VERTEX_POINT('',#6884);
#6884 = CARTESIAN_POINT('',(-0.1,-0.3,-2.5));
#6885 = LINE('',#6886,#6887);
#6886 = CARTESIAN_POINT('',(-0.1,-0.3,-2.5));
#6887 = VECTOR('',#6888,1.);
#6888 = DIRECTION('',(0.,0.,1.));
#6889 = ORIENTED_EDGE('',*,*,#5955,.F.);
#6890 = ORIENTED_EDGE('',*,*,#6891,.T.);
#6891 = EDGE_CURVE('',#5956,#6892,#6894,.T.);
#6892 = VERTEX_POINT('',#6893);
#6893 = CARTESIAN_POINT('',(-0.1,0.3,-2.5));
#6894 = LINE('',#6895,#6896);
#6895 = CARTESIAN_POINT('',(-0.1,0.3,0.2));
#6896 = VECTOR('',#6897,1.);
#6897 = DIRECTION('',(0.,0.,-1.));
#6898 = ORIENTED_EDGE('',*,*,#6899,.T.);
#6899 = EDGE_CURVE('',#6892,#6900,#6902,.T.);
#6900 = VERTEX_POINT('',#6901);
#6901 = CARTESIAN_POINT('',(-0.1,0.15,-3.1));
#6902 = LINE('',#6903,#6904);
#6903 = CARTESIAN_POINT('',(-0.1,0.3,-2.5));
#6904 = VECTOR('',#6905,1.);
#6905 = DIRECTION('',(-2.692686352073E-17,-0.242535625036,
    -0.970142500145));
#6906 = ORIENTED_EDGE('',*,*,#6907,.F.);
#6907 = EDGE_CURVE('',#6908,#6900,#6910,.T.);
#6908 = VERTEX_POINT('',#6909);
#6909 = CARTESIAN_POINT('',(-0.1,-0.15,-3.1));
#6910 = LINE('',#6911,#6912);
#6911 = CARTESIAN_POINT('',(-0.1,-0.15,-3.1));
#6912 = VECTOR('',#6913,1.);
#6913 = DIRECTION('',(1.110223024625E-16,1.,0.));
#6914 = ORIENTED_EDGE('',*,*,#6915,.T.);
#6915 = EDGE_CURVE('',#6908,#6883,#6916,.T.);
#6916 = LINE('',#6917,#6918);
#6917 = CARTESIAN_POINT('',(-0.1,-0.15,-3.1));
#6918 = VECTOR('',#6919,1.);
#6919 = DIRECTION('',(-2.692686352073E-17,-0.242535625036,0.970142500145
    ));
#6920 = PLANE('',#6921);
#6921 = AXIS2_PLACEMENT_3D('',#6922,#6923,#6924);
#6922 = CARTESIAN_POINT('',(-0.1,1.110223024625E-17,3.911477598424));
#6923 = DIRECTION('',(-1.,1.110223024625E-16,0.));
#6924 = DIRECTION('',(0.,0.,1.));
#6925 = ADVANCED_FACE('',(#6926),#6951,.F.);
#6926 = FACE_BOUND('',#6927,.F.);
#6927 = EDGE_LOOP('',(#6928,#6936,#6944,#6950));
#6928 = ORIENTED_EDGE('',*,*,#6929,.T.);
#6929 = EDGE_CURVE('',#6034,#6930,#6932,.T.);
#6930 = VERTEX_POINT('',#6931);
#6931 = CARTESIAN_POINT('',(0.3,-7.92,0.9));
#6932 = LINE('',#6933,#6934);
#6933 = CARTESIAN_POINT('',(0.3,-7.92,8.2));
#6934 = VECTOR('',#6935,1.);
#6935 = DIRECTION('',(0.,-0.,-1.));
#6936 = ORIENTED_EDGE('',*,*,#6937,.T.);
#6937 = EDGE_CURVE('',#6930,#6938,#6940,.T.);
#6938 = VERTEX_POINT('',#6939);
#6939 = CARTESIAN_POINT('',(0.3,-7.32,0.9));
#6940 = LINE('',#6941,#6942);
#6941 = CARTESIAN_POINT('',(0.3,-7.92,0.9));
#6942 = VECTOR('',#6943,1.);
#6943 = DIRECTION('',(1.110223024625E-16,1.,0.));
#6944 = ORIENTED_EDGE('',*,*,#6945,.F.);
#6945 = EDGE_CURVE('',#6043,#6938,#6946,.T.);
#6946 = LINE('',#6947,#6948);
#6947 = CARTESIAN_POINT('',(0.3,-7.32,8.2));
#6948 = VECTOR('',#6949,1.);
#6949 = DIRECTION('',(0.,-0.,-1.));
#6950 = ORIENTED_EDGE('',*,*,#6050,.F.);
#6951 = PLANE('',#6952);
#6952 = AXIS2_PLACEMENT_3D('',#6953,#6954,#6955);
#6953 = CARTESIAN_POINT('',(0.3,-7.92,8.2));
#6954 = DIRECTION('',(1.,-1.110223024625E-16,0.));
#6955 = DIRECTION('',(1.110223024625E-16,1.,0.));
#6956 = ADVANCED_FACE('',(#6957),#7007,.F.);
#6957 = FACE_BOUND('',#6958,.F.);
#6958 = EDGE_LOOP('',(#6959,#6960,#6961,#6969,#6977,#6985,#6993,#7001));
#6959 = ORIENTED_EDGE('',*,*,#6074,.F.);
#6960 = ORIENTED_EDGE('',*,*,#6945,.T.);
#6961 = ORIENTED_EDGE('',*,*,#6962,.T.);
#6962 = EDGE_CURVE('',#6938,#6963,#6965,.T.);
#6963 = VERTEX_POINT('',#6964);
#6964 = CARTESIAN_POINT('',(0.1,-7.32,0.9));
#6965 = LINE('',#6966,#6967);
#6966 = CARTESIAN_POINT('',(0.3,-7.32,0.9));
#6967 = VECTOR('',#6968,1.);
#6968 = DIRECTION('',(-1.,1.110223024625E-16,0.));
#6969 = ORIENTED_EDGE('',*,*,#6970,.T.);
#6970 = EDGE_CURVE('',#6963,#6971,#6973,.T.);
#6971 = VERTEX_POINT('',#6972);
#6972 = CARTESIAN_POINT('',(0.1,-7.32,7.4));
#6973 = LINE('',#6974,#6975);
#6974 = CARTESIAN_POINT('',(0.1,-7.32,6.055738799212));
#6975 = VECTOR('',#6976,1.);
#6976 = DIRECTION('',(0.,-0.,1.));
#6977 = ORIENTED_EDGE('',*,*,#6978,.F.);
#6978 = EDGE_CURVE('',#6979,#6971,#6981,.T.);
#6979 = VERTEX_POINT('',#6980);
#6980 = CARTESIAN_POINT('',(-0.1,-7.32,7.4));
#6981 = LINE('',#6982,#6983);
#6982 = CARTESIAN_POINT('',(-0.1,-7.32,7.4));
#6983 = VECTOR('',#6984,1.);
#6984 = DIRECTION('',(1.,-1.110223024625E-16,0.));
#6985 = ORIENTED_EDGE('',*,*,#6986,.F.);
#6986 = EDGE_CURVE('',#6987,#6979,#6989,.T.);
#6987 = VERTEX_POINT('',#6988);
#6988 = CARTESIAN_POINT('',(-0.1,-7.32,0.9));
#6989 = LINE('',#6990,#6991);
#6990 = CARTESIAN_POINT('',(-0.1,-7.32,6.055738799212));
#6991 = VECTOR('',#6992,1.);
#6992 = DIRECTION('',(0.,-0.,1.));
#6993 = ORIENTED_EDGE('',*,*,#6994,.T.);
#6994 = EDGE_CURVE('',#6987,#6995,#6997,.T.);
#6995 = VERTEX_POINT('',#6996);
#6996 = CARTESIAN_POINT('',(-0.3,-7.32,0.9));
#6997 = LINE('',#6998,#6999);
#6998 = CARTESIAN_POINT('',(0.3,-7.32,0.9));
#6999 = VECTOR('',#7000,1.);
#7000 = DIRECTION('',(-1.,1.110223024625E-16,0.));
#7001 = ORIENTED_EDGE('',*,*,#7002,.F.);
#7002 = EDGE_CURVE('',#6067,#6995,#7003,.T.);
#7003 = LINE('',#7004,#7005);
#7004 = CARTESIAN_POINT('',(-0.3,-7.32,8.2));
#7005 = VECTOR('',#7006,1.);
#7006 = DIRECTION('',(0.,-0.,-1.));
#7007 = PLANE('',#7008);
#7008 = AXIS2_PLACEMENT_3D('',#7009,#7010,#7011);
#7009 = CARTESIAN_POINT('',(0.3,-7.32,8.2));
#7010 = DIRECTION('',(1.110223024625E-16,1.,0.));
#7011 = DIRECTION('',(-1.,1.110223024625E-16,0.));
#7012 = ADVANCED_FACE('',(#7013),#7031,.F.);
#7013 = FACE_BOUND('',#7014,.F.);
#7014 = EDGE_LOOP('',(#7015,#7016,#7024,#7030));
#7015 = ORIENTED_EDGE('',*,*,#7002,.T.);
#7016 = ORIENTED_EDGE('',*,*,#7017,.T.);
#7017 = EDGE_CURVE('',#6995,#7018,#7020,.T.);
#7018 = VERTEX_POINT('',#7019);
#7019 = CARTESIAN_POINT('',(-0.3,-7.92,0.9));
#7020 = LINE('',#7021,#7022);
#7021 = CARTESIAN_POINT('',(-0.3,-7.32,0.9));
#7022 = VECTOR('',#7023,1.);
#7023 = DIRECTION('',(-1.110223024625E-16,-1.,0.));
#7024 = ORIENTED_EDGE('',*,*,#7025,.F.);
#7025 = EDGE_CURVE('',#6091,#7018,#7026,.T.);
#7026 = LINE('',#7027,#7028);
#7027 = CARTESIAN_POINT('',(-0.3,-7.92,8.2));
#7028 = VECTOR('',#7029,1.);
#7029 = DIRECTION('',(0.,-0.,-1.));
#7030 = ORIENTED_EDGE('',*,*,#6098,.F.);
#7031 = PLANE('',#7032);
#7032 = AXIS2_PLACEMENT_3D('',#7033,#7034,#7035);
#7033 = CARTESIAN_POINT('',(-0.3,-7.32,8.2));
#7034 = DIRECTION('',(-1.,1.110223024625E-16,0.));
#7035 = DIRECTION('',(-1.110223024625E-16,-1.,0.));
#7036 = ADVANCED_FACE('',(#7037),#7080,.F.);
#7037 = FACE_BOUND('',#7038,.F.);
#7038 = EDGE_LOOP('',(#7039,#7040,#7041,#7049,#7057,#7065,#7073,#7079));
#7039 = ORIENTED_EDGE('',*,*,#6115,.F.);
#7040 = ORIENTED_EDGE('',*,*,#7025,.T.);
#7041 = ORIENTED_EDGE('',*,*,#7042,.T.);
#7042 = EDGE_CURVE('',#7018,#7043,#7045,.T.);
#7043 = VERTEX_POINT('',#7044);
#7044 = CARTESIAN_POINT('',(-0.1,-7.92,0.9));
#7045 = LINE('',#7046,#7047);
#7046 = CARTESIAN_POINT('',(-0.3,-7.92,0.9));
#7047 = VECTOR('',#7048,1.);
#7048 = DIRECTION('',(1.,-1.110223024625E-16,0.));
#7049 = ORIENTED_EDGE('',*,*,#7050,.F.);
#7050 = EDGE_CURVE('',#7051,#7043,#7053,.T.);
#7051 = VERTEX_POINT('',#7052);
#7052 = CARTESIAN_POINT('',(-0.1,-7.92,7.4));
#7053 = LINE('',#7054,#7055);
#7054 = CARTESIAN_POINT('',(-0.1,-7.92,6.055738799212));
#7055 = VECTOR('',#7056,1.);
#7056 = DIRECTION('',(-0.,0.,-1.));
#7057 = ORIENTED_EDGE('',*,*,#7058,.T.);
#7058 = EDGE_CURVE('',#7051,#7059,#7061,.T.);
#7059 = VERTEX_POINT('',#7060);
#7060 = CARTESIAN_POINT('',(0.1,-7.92,7.4));
#7061 = LINE('',#7062,#7063);
#7062 = CARTESIAN_POINT('',(-0.1,-7.92,7.4));
#7063 = VECTOR('',#7064,1.);
#7064 = DIRECTION('',(1.,-1.110223024625E-16,0.));
#7065 = ORIENTED_EDGE('',*,*,#7066,.T.);
#7066 = EDGE_CURVE('',#7059,#7067,#7069,.T.);
#7067 = VERTEX_POINT('',#7068);
#7068 = CARTESIAN_POINT('',(0.1,-7.92,0.9));
#7069 = LINE('',#7070,#7071);
#7070 = CARTESIAN_POINT('',(0.1,-7.92,6.055738799212));
#7071 = VECTOR('',#7072,1.);
#7072 = DIRECTION('',(-0.,0.,-1.));
#7073 = ORIENTED_EDGE('',*,*,#7074,.T.);
#7074 = EDGE_CURVE('',#7067,#6930,#7075,.T.);
#7075 = LINE('',#7076,#7077);
#7076 = CARTESIAN_POINT('',(-0.3,-7.92,0.9));
#7077 = VECTOR('',#7078,1.);
#7078 = DIRECTION('',(1.,-1.110223024625E-16,0.));
#7079 = ORIENTED_EDGE('',*,*,#6929,.F.);
#7080 = PLANE('',#7081);
#7081 = AXIS2_PLACEMENT_3D('',#7082,#7083,#7084);
#7082 = CARTESIAN_POINT('',(-0.3,-7.92,8.2));
#7083 = DIRECTION('',(-1.110223024625E-16,-1.,0.));
#7084 = DIRECTION('',(1.,-1.110223024625E-16,0.));
#7085 = ADVANCED_FACE('',(#7086),#7111,.F.);
#7086 = FACE_BOUND('',#7087,.F.);
#7087 = EDGE_LOOP('',(#7088,#7096,#7104,#7110));
#7088 = ORIENTED_EDGE('',*,*,#7089,.T.);
#7089 = EDGE_CURVE('',#6130,#7090,#7092,.T.);
#7090 = VERTEX_POINT('',#7091);
#7091 = CARTESIAN_POINT('',(0.3,-5.38,0.9));
#7092 = LINE('',#7093,#7094);
#7093 = CARTESIAN_POINT('',(0.3,-5.38,8.2));
#7094 = VECTOR('',#7095,1.);
#7095 = DIRECTION('',(0.,-0.,-1.));
#7096 = ORIENTED_EDGE('',*,*,#7097,.T.);
#7097 = EDGE_CURVE('',#7090,#7098,#7100,.T.);
#7098 = VERTEX_POINT('',#7099);
#7099 = CARTESIAN_POINT('',(0.3,-4.78,0.9));
#7100 = LINE('',#7101,#7102);
#7101 = CARTESIAN_POINT('',(0.3,-5.38,0.9));
#7102 = VECTOR('',#7103,1.);
#7103 = DIRECTION('',(1.110223024625E-16,1.,0.));
#7104 = ORIENTED_EDGE('',*,*,#7105,.F.);
#7105 = EDGE_CURVE('',#6139,#7098,#7106,.T.);
#7106 = LINE('',#7107,#7108);
#7107 = CARTESIAN_POINT('',(0.3,-4.78,8.2));
#7108 = VECTOR('',#7109,1.);
#7109 = DIRECTION('',(0.,-0.,-1.));
#7110 = ORIENTED_EDGE('',*,*,#6146,.F.);
#7111 = PLANE('',#7112);
#7112 = AXIS2_PLACEMENT_3D('',#7113,#7114,#7115);
#7113 = CARTESIAN_POINT('',(0.3,-5.38,8.2));
#7114 = DIRECTION('',(1.,-1.110223024625E-16,0.));
#7115 = DIRECTION('',(1.110223024625E-16,1.,0.));
#7116 = ADVANCED_FACE('',(#7117),#7167,.F.);
#7117 = FACE_BOUND('',#7118,.F.);
#7118 = EDGE_LOOP('',(#7119,#7120,#7121,#7129,#7137,#7145,#7153,#7161));
#7119 = ORIENTED_EDGE('',*,*,#6170,.F.);
#7120 = ORIENTED_EDGE('',*,*,#7105,.T.);
#7121 = ORIENTED_EDGE('',*,*,#7122,.T.);
#7122 = EDGE_CURVE('',#7098,#7123,#7125,.T.);
#7123 = VERTEX_POINT('',#7124);
#7124 = CARTESIAN_POINT('',(0.1,-4.78,0.9));
#7125 = LINE('',#7126,#7127);
#7126 = CARTESIAN_POINT('',(0.3,-4.78,0.9));
#7127 = VECTOR('',#7128,1.);
#7128 = DIRECTION('',(-1.,1.110223024625E-16,0.));
#7129 = ORIENTED_EDGE('',*,*,#7130,.T.);
#7130 = EDGE_CURVE('',#7123,#7131,#7133,.T.);
#7131 = VERTEX_POINT('',#7132);
#7132 = CARTESIAN_POINT('',(0.1,-4.78,7.4));
#7133 = LINE('',#7134,#7135);
#7134 = CARTESIAN_POINT('',(0.1,-4.78,6.055738799212));
#7135 = VECTOR('',#7136,1.);
#7136 = DIRECTION('',(0.,-0.,1.));
#7137 = ORIENTED_EDGE('',*,*,#7138,.F.);
#7138 = EDGE_CURVE('',#7139,#7131,#7141,.T.);
#7139 = VERTEX_POINT('',#7140);
#7140 = CARTESIAN_POINT('',(-0.1,-4.78,7.4));
#7141 = LINE('',#7142,#7143);
#7142 = CARTESIAN_POINT('',(-0.1,-4.78,7.4));
#7143 = VECTOR('',#7144,1.);
#7144 = DIRECTION('',(1.,-1.110223024625E-16,0.));
#7145 = ORIENTED_EDGE('',*,*,#7146,.F.);
#7146 = EDGE_CURVE('',#7147,#7139,#7149,.T.);
#7147 = VERTEX_POINT('',#7148);
#7148 = CARTESIAN_POINT('',(-0.1,-4.78,0.9));
#7149 = LINE('',#7150,#7151);
#7150 = CARTESIAN_POINT('',(-0.1,-4.78,6.055738799212));
#7151 = VECTOR('',#7152,1.);
#7152 = DIRECTION('',(0.,-0.,1.));
#7153 = ORIENTED_EDGE('',*,*,#7154,.T.);
#7154 = EDGE_CURVE('',#7147,#7155,#7157,.T.);
#7155 = VERTEX_POINT('',#7156);
#7156 = CARTESIAN_POINT('',(-0.3,-4.78,0.9));
#7157 = LINE('',#7158,#7159);
#7158 = CARTESIAN_POINT('',(0.3,-4.78,0.9));
#7159 = VECTOR('',#7160,1.);
#7160 = DIRECTION('',(-1.,1.110223024625E-16,0.));
#7161 = ORIENTED_EDGE('',*,*,#7162,.F.);
#7162 = EDGE_CURVE('',#6163,#7155,#7163,.T.);
#7163 = LINE('',#7164,#7165);
#7164 = CARTESIAN_POINT('',(-0.3,-4.78,8.2));
#7165 = VECTOR('',#7166,1.);
#7166 = DIRECTION('',(0.,-0.,-1.));
#7167 = PLANE('',#7168);
#7168 = AXIS2_PLACEMENT_3D('',#7169,#7170,#7171);
#7169 = CARTESIAN_POINT('',(0.3,-4.78,8.2));
#7170 = DIRECTION('',(1.110223024625E-16,1.,0.));
#7171 = DIRECTION('',(-1.,1.110223024625E-16,0.));
#7172 = ADVANCED_FACE('',(#7173),#7191,.F.);
#7173 = FACE_BOUND('',#7174,.F.);
#7174 = EDGE_LOOP('',(#7175,#7176,#7184,#7190));
#7175 = ORIENTED_EDGE('',*,*,#7162,.T.);
#7176 = ORIENTED_EDGE('',*,*,#7177,.T.);
#7177 = EDGE_CURVE('',#7155,#7178,#7180,.T.);
#7178 = VERTEX_POINT('',#7179);
#7179 = CARTESIAN_POINT('',(-0.3,-5.38,0.9));
#7180 = LINE('',#7181,#7182);
#7181 = CARTESIAN_POINT('',(-0.3,-4.78,0.9));
#7182 = VECTOR('',#7183,1.);
#7183 = DIRECTION('',(-1.110223024625E-16,-1.,0.));
#7184 = ORIENTED_EDGE('',*,*,#7185,.F.);
#7185 = EDGE_CURVE('',#6187,#7178,#7186,.T.);
#7186 = LINE('',#7187,#7188);
#7187 = CARTESIAN_POINT('',(-0.3,-5.38,8.2));
#7188 = VECTOR('',#7189,1.);
#7189 = DIRECTION('',(0.,-0.,-1.));
#7190 = ORIENTED_EDGE('',*,*,#6194,.F.);
#7191 = PLANE('',#7192);
#7192 = AXIS2_PLACEMENT_3D('',#7193,#7194,#7195);
#7193 = CARTESIAN_POINT('',(-0.3,-4.78,8.2));
#7194 = DIRECTION('',(-1.,1.110223024625E-16,0.));
#7195 = DIRECTION('',(-1.110223024625E-16,-1.,0.));
#7196 = ADVANCED_FACE('',(#7197),#7240,.F.);
#7197 = FACE_BOUND('',#7198,.F.);
#7198 = EDGE_LOOP('',(#7199,#7200,#7201,#7209,#7217,#7225,#7233,#7239));
#7199 = ORIENTED_EDGE('',*,*,#6211,.F.);
#7200 = ORIENTED_EDGE('',*,*,#7185,.T.);
#7201 = ORIENTED_EDGE('',*,*,#7202,.T.);
#7202 = EDGE_CURVE('',#7178,#7203,#7205,.T.);
#7203 = VERTEX_POINT('',#7204);
#7204 = CARTESIAN_POINT('',(-0.1,-5.38,0.9));
#7205 = LINE('',#7206,#7207);
#7206 = CARTESIAN_POINT('',(-0.3,-5.38,0.9));
#7207 = VECTOR('',#7208,1.);
#7208 = DIRECTION('',(1.,-1.110223024625E-16,0.));
#7209 = ORIENTED_EDGE('',*,*,#7210,.F.);
#7210 = EDGE_CURVE('',#7211,#7203,#7213,.T.);
#7211 = VERTEX_POINT('',#7212);
#7212 = CARTESIAN_POINT('',(-0.1,-5.38,7.4));
#7213 = LINE('',#7214,#7215);
#7214 = CARTESIAN_POINT('',(-0.1,-5.38,6.055738799212));
#7215 = VECTOR('',#7216,1.);
#7216 = DIRECTION('',(-0.,0.,-1.));
#7217 = ORIENTED_EDGE('',*,*,#7218,.T.);
#7218 = EDGE_CURVE('',#7211,#7219,#7221,.T.);
#7219 = VERTEX_POINT('',#7220);
#7220 = CARTESIAN_POINT('',(0.1,-5.38,7.4));
#7221 = LINE('',#7222,#7223);
#7222 = CARTESIAN_POINT('',(-0.1,-5.38,7.4));
#7223 = VECTOR('',#7224,1.);
#7224 = DIRECTION('',(1.,-1.110223024625E-16,0.));
#7225 = ORIENTED_EDGE('',*,*,#7226,.T.);
#7226 = EDGE_CURVE('',#7219,#7227,#7229,.T.);
#7227 = VERTEX_POINT('',#7228);
#7228 = CARTESIAN_POINT('',(0.1,-5.38,0.9));
#7229 = LINE('',#7230,#7231);
#7230 = CARTESIAN_POINT('',(0.1,-5.38,6.055738799212));
#7231 = VECTOR('',#7232,1.);
#7232 = DIRECTION('',(-0.,0.,-1.));
#7233 = ORIENTED_EDGE('',*,*,#7234,.T.);
#7234 = EDGE_CURVE('',#7227,#7090,#7235,.T.);
#7235 = LINE('',#7236,#7237);
#7236 = CARTESIAN_POINT('',(-0.3,-5.38,0.9));
#7237 = VECTOR('',#7238,1.);
#7238 = DIRECTION('',(1.,-1.110223024625E-16,0.));
#7239 = ORIENTED_EDGE('',*,*,#7089,.F.);
#7240 = PLANE('',#7241);
#7241 = AXIS2_PLACEMENT_3D('',#7242,#7243,#7244);
#7242 = CARTESIAN_POINT('',(-0.3,-5.38,8.2));
#7243 = DIRECTION('',(-1.110223024625E-16,-1.,0.));
#7244 = DIRECTION('',(1.,-1.110223024625E-16,0.));
#7245 = ADVANCED_FACE('',(#7246),#7271,.F.);
#7246 = FACE_BOUND('',#7247,.F.);
#7247 = EDGE_LOOP('',(#7248,#7256,#7264,#7270));
#7248 = ORIENTED_EDGE('',*,*,#7249,.T.);
#7249 = EDGE_CURVE('',#6226,#7250,#7252,.T.);
#7250 = VERTEX_POINT('',#7251);
#7251 = CARTESIAN_POINT('',(0.3,-2.84,0.9));
#7252 = LINE('',#7253,#7254);
#7253 = CARTESIAN_POINT('',(0.3,-2.84,8.2));
#7254 = VECTOR('',#7255,1.);
#7255 = DIRECTION('',(0.,-0.,-1.));
#7256 = ORIENTED_EDGE('',*,*,#7257,.T.);
#7257 = EDGE_CURVE('',#7250,#7258,#7260,.T.);
#7258 = VERTEX_POINT('',#7259);
#7259 = CARTESIAN_POINT('',(0.3,-2.24,0.9));
#7260 = LINE('',#7261,#7262);
#7261 = CARTESIAN_POINT('',(0.3,-2.84,0.9));
#7262 = VECTOR('',#7263,1.);
#7263 = DIRECTION('',(1.110223024625E-16,1.,0.));
#7264 = ORIENTED_EDGE('',*,*,#7265,.F.);
#7265 = EDGE_CURVE('',#6235,#7258,#7266,.T.);
#7266 = LINE('',#7267,#7268);
#7267 = CARTESIAN_POINT('',(0.3,-2.24,8.2));
#7268 = VECTOR('',#7269,1.);
#7269 = DIRECTION('',(0.,-0.,-1.));
#7270 = ORIENTED_EDGE('',*,*,#6242,.F.);
#7271 = PLANE('',#7272);
#7272 = AXIS2_PLACEMENT_3D('',#7273,#7274,#7275);
#7273 = CARTESIAN_POINT('',(0.3,-2.84,8.2));
#7274 = DIRECTION('',(1.,-1.110223024625E-16,0.));
#7275 = DIRECTION('',(1.110223024625E-16,1.,0.));
#7276 = ADVANCED_FACE('',(#7277),#7327,.F.);
#7277 = FACE_BOUND('',#7278,.F.);
#7278 = EDGE_LOOP('',(#7279,#7280,#7281,#7289,#7297,#7305,#7313,#7321));
#7279 = ORIENTED_EDGE('',*,*,#6266,.F.);
#7280 = ORIENTED_EDGE('',*,*,#7265,.T.);
#7281 = ORIENTED_EDGE('',*,*,#7282,.T.);
#7282 = EDGE_CURVE('',#7258,#7283,#7285,.T.);
#7283 = VERTEX_POINT('',#7284);
#7284 = CARTESIAN_POINT('',(0.1,-2.24,0.9));
#7285 = LINE('',#7286,#7287);
#7286 = CARTESIAN_POINT('',(0.3,-2.24,0.9));
#7287 = VECTOR('',#7288,1.);
#7288 = DIRECTION('',(-1.,1.110223024625E-16,0.));
#7289 = ORIENTED_EDGE('',*,*,#7290,.T.);
#7290 = EDGE_CURVE('',#7283,#7291,#7293,.T.);
#7291 = VERTEX_POINT('',#7292);
#7292 = CARTESIAN_POINT('',(0.1,-2.24,7.4));
#7293 = LINE('',#7294,#7295);
#7294 = CARTESIAN_POINT('',(0.1,-2.24,6.055738799212));
#7295 = VECTOR('',#7296,1.);
#7296 = DIRECTION('',(0.,-0.,1.));
#7297 = ORIENTED_EDGE('',*,*,#7298,.F.);
#7298 = EDGE_CURVE('',#7299,#7291,#7301,.T.);
#7299 = VERTEX_POINT('',#7300);
#7300 = CARTESIAN_POINT('',(-0.1,-2.24,7.4));
#7301 = LINE('',#7302,#7303);
#7302 = CARTESIAN_POINT('',(-0.1,-2.24,7.4));
#7303 = VECTOR('',#7304,1.);
#7304 = DIRECTION('',(1.,-1.110223024625E-16,0.));
#7305 = ORIENTED_EDGE('',*,*,#7306,.F.);
#7306 = EDGE_CURVE('',#7307,#7299,#7309,.T.);
#7307 = VERTEX_POINT('',#7308);
#7308 = CARTESIAN_POINT('',(-0.1,-2.24,0.9));
#7309 = LINE('',#7310,#7311);
#7310 = CARTESIAN_POINT('',(-0.1,-2.24,6.055738799212));
#7311 = VECTOR('',#7312,1.);
#7312 = DIRECTION('',(0.,-0.,1.));
#7313 = ORIENTED_EDGE('',*,*,#7314,.T.);
#7314 = EDGE_CURVE('',#7307,#7315,#7317,.T.);
#7315 = VERTEX_POINT('',#7316);
#7316 = CARTESIAN_POINT('',(-0.3,-2.24,0.9));
#7317 = LINE('',#7318,#7319);
#7318 = CARTESIAN_POINT('',(0.3,-2.24,0.9));
#7319 = VECTOR('',#7320,1.);
#7320 = DIRECTION('',(-1.,1.110223024625E-16,0.));
#7321 = ORIENTED_EDGE('',*,*,#7322,.F.);
#7322 = EDGE_CURVE('',#6259,#7315,#7323,.T.);
#7323 = LINE('',#7324,#7325);
#7324 = CARTESIAN_POINT('',(-0.3,-2.24,8.2));
#7325 = VECTOR('',#7326,1.);
#7326 = DIRECTION('',(0.,-0.,-1.));
#7327 = PLANE('',#7328);
#7328 = AXIS2_PLACEMENT_3D('',#7329,#7330,#7331);
#7329 = CARTESIAN_POINT('',(0.3,-2.24,8.2));
#7330 = DIRECTION('',(1.110223024625E-16,1.,0.));
#7331 = DIRECTION('',(-1.,1.110223024625E-16,0.));
#7332 = ADVANCED_FACE('',(#7333),#7351,.F.);
#7333 = FACE_BOUND('',#7334,.F.);
#7334 = EDGE_LOOP('',(#7335,#7336,#7344,#7350));
#7335 = ORIENTED_EDGE('',*,*,#7322,.T.);
#7336 = ORIENTED_EDGE('',*,*,#7337,.T.);
#7337 = EDGE_CURVE('',#7315,#7338,#7340,.T.);
#7338 = VERTEX_POINT('',#7339);
#7339 = CARTESIAN_POINT('',(-0.3,-2.84,0.9));
#7340 = LINE('',#7341,#7342);
#7341 = CARTESIAN_POINT('',(-0.3,-2.24,0.9));
#7342 = VECTOR('',#7343,1.);
#7343 = DIRECTION('',(-1.110223024625E-16,-1.,0.));
#7344 = ORIENTED_EDGE('',*,*,#7345,.F.);
#7345 = EDGE_CURVE('',#6283,#7338,#7346,.T.);
#7346 = LINE('',#7347,#7348);
#7347 = CARTESIAN_POINT('',(-0.3,-2.84,8.2));
#7348 = VECTOR('',#7349,1.);
#7349 = DIRECTION('',(0.,-0.,-1.));
#7350 = ORIENTED_EDGE('',*,*,#6290,.F.);
#7351 = PLANE('',#7352);
#7352 = AXIS2_PLACEMENT_3D('',#7353,#7354,#7355);
#7353 = CARTESIAN_POINT('',(-0.3,-2.24,8.2));
#7354 = DIRECTION('',(-1.,1.110223024625E-16,0.));
#7355 = DIRECTION('',(-1.110223024625E-16,-1.,0.));
#7356 = ADVANCED_FACE('',(#7357),#7400,.F.);
#7357 = FACE_BOUND('',#7358,.F.);
#7358 = EDGE_LOOP('',(#7359,#7360,#7361,#7369,#7377,#7385,#7393,#7399));
#7359 = ORIENTED_EDGE('',*,*,#6307,.F.);
#7360 = ORIENTED_EDGE('',*,*,#7345,.T.);
#7361 = ORIENTED_EDGE('',*,*,#7362,.T.);
#7362 = EDGE_CURVE('',#7338,#7363,#7365,.T.);
#7363 = VERTEX_POINT('',#7364);
#7364 = CARTESIAN_POINT('',(-0.1,-2.84,0.9));
#7365 = LINE('',#7366,#7367);
#7366 = CARTESIAN_POINT('',(-0.3,-2.84,0.9));
#7367 = VECTOR('',#7368,1.);
#7368 = DIRECTION('',(1.,-1.110223024625E-16,0.));
#7369 = ORIENTED_EDGE('',*,*,#7370,.F.);
#7370 = EDGE_CURVE('',#7371,#7363,#7373,.T.);
#7371 = VERTEX_POINT('',#7372);
#7372 = CARTESIAN_POINT('',(-0.1,-2.84,7.4));
#7373 = LINE('',#7374,#7375);
#7374 = CARTESIAN_POINT('',(-0.1,-2.84,6.055738799212));
#7375 = VECTOR('',#7376,1.);
#7376 = DIRECTION('',(-0.,0.,-1.));
#7377 = ORIENTED_EDGE('',*,*,#7378,.T.);
#7378 = EDGE_CURVE('',#7371,#7379,#7381,.T.);
#7379 = VERTEX_POINT('',#7380);
#7380 = CARTESIAN_POINT('',(0.1,-2.84,7.4));
#7381 = LINE('',#7382,#7383);
#7382 = CARTESIAN_POINT('',(-0.1,-2.84,7.4));
#7383 = VECTOR('',#7384,1.);
#7384 = DIRECTION('',(1.,-1.110223024625E-16,0.));
#7385 = ORIENTED_EDGE('',*,*,#7386,.T.);
#7386 = EDGE_CURVE('',#7379,#7387,#7389,.T.);
#7387 = VERTEX_POINT('',#7388);
#7388 = CARTESIAN_POINT('',(0.1,-2.84,0.9));
#7389 = LINE('',#7390,#7391);
#7390 = CARTESIAN_POINT('',(0.1,-2.84,6.055738799212));
#7391 = VECTOR('',#7392,1.);
#7392 = DIRECTION('',(-0.,0.,-1.));
#7393 = ORIENTED_EDGE('',*,*,#7394,.T.);
#7394 = EDGE_CURVE('',#7387,#7250,#7395,.T.);
#7395 = LINE('',#7396,#7397);
#7396 = CARTESIAN_POINT('',(-0.3,-2.84,0.9));
#7397 = VECTOR('',#7398,1.);
#7398 = DIRECTION('',(1.,-1.110223024625E-16,0.));
#7399 = ORIENTED_EDGE('',*,*,#7249,.F.);
#7400 = PLANE('',#7401);
#7401 = AXIS2_PLACEMENT_3D('',#7402,#7403,#7404);
#7402 = CARTESIAN_POINT('',(-0.3,-2.84,8.2));
#7403 = DIRECTION('',(-1.110223024625E-16,-1.,0.));
#7404 = DIRECTION('',(1.,-1.110223024625E-16,0.));
#7405 = ADVANCED_FACE('',(#7406),#7431,.F.);
#7406 = FACE_BOUND('',#7407,.F.);
#7407 = EDGE_LOOP('',(#7408,#7416,#7424,#7430));
#7408 = ORIENTED_EDGE('',*,*,#7409,.T.);
#7409 = EDGE_CURVE('',#6322,#7410,#7412,.T.);
#7410 = VERTEX_POINT('',#7411);
#7411 = CARTESIAN_POINT('',(0.3,-0.3,0.9));
#7412 = LINE('',#7413,#7414);
#7413 = CARTESIAN_POINT('',(0.3,-0.3,8.2));
#7414 = VECTOR('',#7415,1.);
#7415 = DIRECTION('',(0.,-0.,-1.));
#7416 = ORIENTED_EDGE('',*,*,#7417,.T.);
#7417 = EDGE_CURVE('',#7410,#7418,#7420,.T.);
#7418 = VERTEX_POINT('',#7419);
#7419 = CARTESIAN_POINT('',(0.3,0.3,0.9));
#7420 = LINE('',#7421,#7422);
#7421 = CARTESIAN_POINT('',(0.3,-0.3,0.9));
#7422 = VECTOR('',#7423,1.);
#7423 = DIRECTION('',(1.110223024625E-16,1.,0.));
#7424 = ORIENTED_EDGE('',*,*,#7425,.F.);
#7425 = EDGE_CURVE('',#6331,#7418,#7426,.T.);
#7426 = LINE('',#7427,#7428);
#7427 = CARTESIAN_POINT('',(0.3,0.3,8.2));
#7428 = VECTOR('',#7429,1.);
#7429 = DIRECTION('',(0.,-0.,-1.));
#7430 = ORIENTED_EDGE('',*,*,#6338,.F.);
#7431 = PLANE('',#7432);
#7432 = AXIS2_PLACEMENT_3D('',#7433,#7434,#7435);
#7433 = CARTESIAN_POINT('',(0.3,-0.3,8.2));
#7434 = DIRECTION('',(1.,-1.110223024625E-16,0.));
#7435 = DIRECTION('',(1.110223024625E-16,1.,0.));
#7436 = ADVANCED_FACE('',(#7437),#7487,.F.);
#7437 = FACE_BOUND('',#7438,.F.);
#7438 = EDGE_LOOP('',(#7439,#7440,#7441,#7449,#7457,#7465,#7473,#7481));
#7439 = ORIENTED_EDGE('',*,*,#6362,.F.);
#7440 = ORIENTED_EDGE('',*,*,#7425,.T.);
#7441 = ORIENTED_EDGE('',*,*,#7442,.T.);
#7442 = EDGE_CURVE('',#7418,#7443,#7445,.T.);
#7443 = VERTEX_POINT('',#7444);
#7444 = CARTESIAN_POINT('',(0.1,0.3,0.9));
#7445 = LINE('',#7446,#7447);
#7446 = CARTESIAN_POINT('',(0.3,0.3,0.9));
#7447 = VECTOR('',#7448,1.);
#7448 = DIRECTION('',(-1.,1.110223024625E-16,0.));
#7449 = ORIENTED_EDGE('',*,*,#7450,.T.);
#7450 = EDGE_CURVE('',#7443,#7451,#7453,.T.);
#7451 = VERTEX_POINT('',#7452);
#7452 = CARTESIAN_POINT('',(0.1,0.3,7.4));
#7453 = LINE('',#7454,#7455);
#7454 = CARTESIAN_POINT('',(0.1,0.3,6.055738799212));
#7455 = VECTOR('',#7456,1.);
#7456 = DIRECTION('',(0.,-0.,1.));
#7457 = ORIENTED_EDGE('',*,*,#7458,.F.);
#7458 = EDGE_CURVE('',#7459,#7451,#7461,.T.);
#7459 = VERTEX_POINT('',#7460);
#7460 = CARTESIAN_POINT('',(-0.1,0.3,7.4));
#7461 = LINE('',#7462,#7463);
#7462 = CARTESIAN_POINT('',(-0.1,0.3,7.4));
#7463 = VECTOR('',#7464,1.);
#7464 = DIRECTION('',(1.,-1.110223024625E-16,0.));
#7465 = ORIENTED_EDGE('',*,*,#7466,.F.);
#7466 = EDGE_CURVE('',#7467,#7459,#7469,.T.);
#7467 = VERTEX_POINT('',#7468);
#7468 = CARTESIAN_POINT('',(-0.1,0.3,0.9));
#7469 = LINE('',#7470,#7471);
#7470 = CARTESIAN_POINT('',(-0.1,0.3,6.055738799212));
#7471 = VECTOR('',#7472,1.);
#7472 = DIRECTION('',(0.,-0.,1.));
#7473 = ORIENTED_EDGE('',*,*,#7474,.T.);
#7474 = EDGE_CURVE('',#7467,#7475,#7477,.T.);
#7475 = VERTEX_POINT('',#7476);
#7476 = CARTESIAN_POINT('',(-0.3,0.3,0.9));
#7477 = LINE('',#7478,#7479);
#7478 = CARTESIAN_POINT('',(0.3,0.3,0.9));
#7479 = VECTOR('',#7480,1.);
#7480 = DIRECTION('',(-1.,1.110223024625E-16,0.));
#7481 = ORIENTED_EDGE('',*,*,#7482,.F.);
#7482 = EDGE_CURVE('',#6355,#7475,#7483,.T.);
#7483 = LINE('',#7484,#7485);
#7484 = CARTESIAN_POINT('',(-0.3,0.3,8.2));
#7485 = VECTOR('',#7486,1.);
#7486 = DIRECTION('',(0.,-0.,-1.));
#7487 = PLANE('',#7488);
#7488 = AXIS2_PLACEMENT_3D('',#7489,#7490,#7491);
#7489 = CARTESIAN_POINT('',(0.3,0.3,8.2));
#7490 = DIRECTION('',(1.110223024625E-16,1.,0.));
#7491 = DIRECTION('',(-1.,1.110223024625E-16,0.));
#7492 = ADVANCED_FACE('',(#7493),#7511,.F.);
#7493 = FACE_BOUND('',#7494,.F.);
#7494 = EDGE_LOOP('',(#7495,#7496,#7504,#7510));
#7495 = ORIENTED_EDGE('',*,*,#7482,.T.);
#7496 = ORIENTED_EDGE('',*,*,#7497,.T.);
#7497 = EDGE_CURVE('',#7475,#7498,#7500,.T.);
#7498 = VERTEX_POINT('',#7499);
#7499 = CARTESIAN_POINT('',(-0.3,-0.3,0.9));
#7500 = LINE('',#7501,#7502);
#7501 = CARTESIAN_POINT('',(-0.3,0.3,0.9));
#7502 = VECTOR('',#7503,1.);
#7503 = DIRECTION('',(-1.110223024625E-16,-1.,0.));
#7504 = ORIENTED_EDGE('',*,*,#7505,.F.);
#7505 = EDGE_CURVE('',#6379,#7498,#7506,.T.);
#7506 = LINE('',#7507,#7508);
#7507 = CARTESIAN_POINT('',(-0.3,-0.3,8.2));
#7508 = VECTOR('',#7509,1.);
#7509 = DIRECTION('',(0.,-0.,-1.));
#7510 = ORIENTED_EDGE('',*,*,#6386,.F.);
#7511 = PLANE('',#7512);
#7512 = AXIS2_PLACEMENT_3D('',#7513,#7514,#7515);
#7513 = CARTESIAN_POINT('',(-0.3,0.3,8.2));
#7514 = DIRECTION('',(-1.,1.110223024625E-16,0.));
#7515 = DIRECTION('',(-1.110223024625E-16,-1.,0.));
#7516 = ADVANCED_FACE('',(#7517),#7560,.F.);
#7517 = FACE_BOUND('',#7518,.F.);
#7518 = EDGE_LOOP('',(#7519,#7520,#7521,#7529,#7537,#7545,#7553,#7559));
#7519 = ORIENTED_EDGE('',*,*,#6403,.F.);
#7520 = ORIENTED_EDGE('',*,*,#7505,.T.);
#7521 = ORIENTED_EDGE('',*,*,#7522,.T.);
#7522 = EDGE_CURVE('',#7498,#7523,#7525,.T.);
#7523 = VERTEX_POINT('',#7524);
#7524 = CARTESIAN_POINT('',(-0.1,-0.3,0.9));
#7525 = LINE('',#7526,#7527);
#7526 = CARTESIAN_POINT('',(-0.3,-0.3,0.9));
#7527 = VECTOR('',#7528,1.);
#7528 = DIRECTION('',(1.,-1.110223024625E-16,0.));
#7529 = ORIENTED_EDGE('',*,*,#7530,.F.);
#7530 = EDGE_CURVE('',#7531,#7523,#7533,.T.);
#7531 = VERTEX_POINT('',#7532);
#7532 = CARTESIAN_POINT('',(-0.1,-0.3,7.4));
#7533 = LINE('',#7534,#7535);
#7534 = CARTESIAN_POINT('',(-0.1,-0.3,6.055738799212));
#7535 = VECTOR('',#7536,1.);
#7536 = DIRECTION('',(-0.,0.,-1.));
#7537 = ORIENTED_EDGE('',*,*,#7538,.T.);
#7538 = EDGE_CURVE('',#7531,#7539,#7541,.T.);
#7539 = VERTEX_POINT('',#7540);
#7540 = CARTESIAN_POINT('',(0.1,-0.3,7.4));
#7541 = LINE('',#7542,#7543);
#7542 = CARTESIAN_POINT('',(-0.1,-0.3,7.4));
#7543 = VECTOR('',#7544,1.);
#7544 = DIRECTION('',(1.,-1.110223024625E-16,0.));
#7545 = ORIENTED_EDGE('',*,*,#7546,.T.);
#7546 = EDGE_CURVE('',#7539,#7547,#7549,.T.);
#7547 = VERTEX_POINT('',#7548);
#7548 = CARTESIAN_POINT('',(0.1,-0.3,0.9));
#7549 = LINE('',#7550,#7551);
#7550 = CARTESIAN_POINT('',(0.1,-0.3,6.055738799212));
#7551 = VECTOR('',#7552,1.);
#7552 = DIRECTION('',(-0.,0.,-1.));
#7553 = ORIENTED_EDGE('',*,*,#7554,.T.);
#7554 = EDGE_CURVE('',#7547,#7410,#7555,.T.);
#7555 = LINE('',#7556,#7557);
#7556 = CARTESIAN_POINT('',(-0.3,-0.3,0.9));
#7557 = VECTOR('',#7558,1.);
#7558 = DIRECTION('',(1.,-1.110223024625E-16,0.));
#7559 = ORIENTED_EDGE('',*,*,#7409,.F.);
#7560 = PLANE('',#7561);
#7561 = AXIS2_PLACEMENT_3D('',#7562,#7563,#7564);
#7562 = CARTESIAN_POINT('',(-0.3,-0.3,8.2));
#7563 = DIRECTION('',(-1.110223024625E-16,-1.,0.));
#7564 = DIRECTION('',(1.,-1.110223024625E-16,0.));
#7565 = ADVANCED_FACE('',(#7566),#7577,.T.);
#7566 = FACE_BOUND('',#7567,.T.);
#7567 = EDGE_LOOP('',(#7568,#7574,#7575,#7576));
#7568 = ORIENTED_EDGE('',*,*,#7569,.T.);
#7569 = EDGE_CURVE('',#6499,#6435,#7570,.T.);
#7570 = LINE('',#7571,#7572);
#7571 = CARTESIAN_POINT('',(-0.1,-7.92,-2.5));
#7572 = VECTOR('',#7573,1.);
#7573 = DIRECTION('',(1.,-1.110223024625E-16,0.));
#7574 = ORIENTED_EDGE('',*,*,#6434,.T.);
#7575 = ORIENTED_EDGE('',*,*,#6419,.F.);
#7576 = ORIENTED_EDGE('',*,*,#6498,.F.);
#7577 = PLANE('',#7578);
#7578 = AXIS2_PLACEMENT_3D('',#7579,#7580,#7581);
#7579 = CARTESIAN_POINT('',(-0.1,-7.92,-2.5));
#7580 = DIRECTION('',(-1.110223024625E-16,-1.,0.));
#7581 = DIRECTION('',(0.,0.,1.));
#7582 = ADVANCED_FACE('',(#7583),#7594,.T.);
#7583 = FACE_BOUND('',#7584,.T.);
#7584 = EDGE_LOOP('',(#7585,#7591,#7592,#7593));
#7585 = ORIENTED_EDGE('',*,*,#7586,.T.);
#7586 = EDGE_CURVE('',#6524,#6460,#7587,.T.);
#7587 = LINE('',#7588,#7589);
#7588 = CARTESIAN_POINT('',(-0.1,-7.77,-3.1));
#7589 = VECTOR('',#7590,1.);
#7590 = DIRECTION('',(1.,-1.110223024625E-16,0.));
#7591 = ORIENTED_EDGE('',*,*,#6467,.T.);
#7592 = ORIENTED_EDGE('',*,*,#7569,.F.);
#7593 = ORIENTED_EDGE('',*,*,#6531,.F.);
#7594 = PLANE('',#7595);
#7595 = AXIS2_PLACEMENT_3D('',#7596,#7597,#7598);
#7596 = CARTESIAN_POINT('',(-0.1,-7.77,-3.1));
#7597 = DIRECTION('',(-1.077074540829E-16,-0.970142500145,
    -0.242535625036));
#7598 = DIRECTION('',(-2.692686352073E-17,-0.242535625036,0.970142500145
    ));
#7599 = ADVANCED_FACE('',(#7600),#7611,.T.);
#7600 = FACE_BOUND('',#7601,.T.);
#7601 = EDGE_LOOP('',(#7602,#7608,#7609,#7610));
#7602 = ORIENTED_EDGE('',*,*,#7603,.T.);
#7603 = EDGE_CURVE('',#6516,#6452,#7604,.T.);
#7604 = LINE('',#7605,#7606);
#7605 = CARTESIAN_POINT('',(-0.1,-7.47,-3.1));
#7606 = VECTOR('',#7607,1.);
#7607 = DIRECTION('',(1.,-1.110223024625E-16,0.));
#7608 = ORIENTED_EDGE('',*,*,#6459,.T.);
#7609 = ORIENTED_EDGE('',*,*,#7586,.F.);
#7610 = ORIENTED_EDGE('',*,*,#6523,.T.);
#7611 = PLANE('',#7612);
#7612 = AXIS2_PLACEMENT_3D('',#7613,#7614,#7615);
#7613 = CARTESIAN_POINT('',(-0.1,-7.47,-3.1));
#7614 = DIRECTION('',(0.,-0.,-1.));
#7615 = DIRECTION('',(-1.110223024625E-16,-1.,0.));
#7616 = ADVANCED_FACE('',(#7617),#7628,.T.);
#7617 = FACE_BOUND('',#7618,.T.);
#7618 = EDGE_LOOP('',(#7619,#7625,#7626,#7627));
#7619 = ORIENTED_EDGE('',*,*,#7620,.T.);
#7620 = EDGE_CURVE('',#6508,#6444,#7621,.T.);
#7621 = LINE('',#7622,#7623);
#7622 = CARTESIAN_POINT('',(-0.1,-7.32,-2.5));
#7623 = VECTOR('',#7624,1.);
#7624 = DIRECTION('',(1.,-1.110223024625E-16,0.));
#7625 = ORIENTED_EDGE('',*,*,#6451,.T.);
#7626 = ORIENTED_EDGE('',*,*,#7603,.F.);
#7627 = ORIENTED_EDGE('',*,*,#6515,.F.);
#7628 = PLANE('',#7629);
#7629 = AXIS2_PLACEMENT_3D('',#7630,#7631,#7632);
#7630 = CARTESIAN_POINT('',(-0.1,-7.32,-2.5));
#7631 = DIRECTION('',(1.077074540829E-16,0.970142500145,-0.242535625036)
  );
#7632 = DIRECTION('',(-2.692686352073E-17,-0.242535625036,
    -0.970142500145));
#7633 = ADVANCED_FACE('',(#7634),#7640,.T.);
#7634 = FACE_BOUND('',#7635,.T.);
#7635 = EDGE_LOOP('',(#7636,#7637,#7638,#7639));
#7636 = ORIENTED_EDGE('',*,*,#6481,.T.);
#7637 = ORIENTED_EDGE('',*,*,#6443,.T.);
#7638 = ORIENTED_EDGE('',*,*,#7620,.F.);
#7639 = ORIENTED_EDGE('',*,*,#6507,.F.);
#7640 = PLANE('',#7641);
#7641 = AXIS2_PLACEMENT_3D('',#7642,#7643,#7644);
#7642 = CARTESIAN_POINT('',(-0.1,-7.32,0.2));
#7643 = DIRECTION('',(1.110223024625E-16,1.,0.));
#7644 = DIRECTION('',(0.,0.,-1.));
#7645 = ADVANCED_FACE('',(#7646),#7657,.T.);
#7646 = FACE_BOUND('',#7647,.T.);
#7647 = EDGE_LOOP('',(#7648,#7654,#7655,#7656));
#7648 = ORIENTED_EDGE('',*,*,#7649,.T.);
#7649 = EDGE_CURVE('',#6627,#6563,#7650,.T.);
#7650 = LINE('',#7651,#7652);
#7651 = CARTESIAN_POINT('',(-0.1,-5.38,-2.5));
#7652 = VECTOR('',#7653,1.);
#7653 = DIRECTION('',(1.,-1.110223024625E-16,0.));
#7654 = ORIENTED_EDGE('',*,*,#6562,.T.);
#7655 = ORIENTED_EDGE('',*,*,#6547,.F.);
#7656 = ORIENTED_EDGE('',*,*,#6626,.F.);
#7657 = PLANE('',#7658);
#7658 = AXIS2_PLACEMENT_3D('',#7659,#7660,#7661);
#7659 = CARTESIAN_POINT('',(-0.1,-5.38,-2.5));
#7660 = DIRECTION('',(-1.110223024625E-16,-1.,0.));
#7661 = DIRECTION('',(0.,0.,1.));
#7662 = ADVANCED_FACE('',(#7663),#7674,.T.);
#7663 = FACE_BOUND('',#7664,.T.);
#7664 = EDGE_LOOP('',(#7665,#7671,#7672,#7673));
#7665 = ORIENTED_EDGE('',*,*,#7666,.T.);
#7666 = EDGE_CURVE('',#6652,#6588,#7667,.T.);
#7667 = LINE('',#7668,#7669);
#7668 = CARTESIAN_POINT('',(-0.1,-5.23,-3.1));
#7669 = VECTOR('',#7670,1.);
#7670 = DIRECTION('',(1.,-1.110223024625E-16,0.));
#7671 = ORIENTED_EDGE('',*,*,#6595,.T.);
#7672 = ORIENTED_EDGE('',*,*,#7649,.F.);
#7673 = ORIENTED_EDGE('',*,*,#6659,.F.);
#7674 = PLANE('',#7675);
#7675 = AXIS2_PLACEMENT_3D('',#7676,#7677,#7678);
#7676 = CARTESIAN_POINT('',(-0.1,-5.23,-3.1));
#7677 = DIRECTION('',(-1.077074540829E-16,-0.970142500145,
    -0.242535625036));
#7678 = DIRECTION('',(-2.692686352073E-17,-0.242535625036,0.970142500145
    ));
#7679 = ADVANCED_FACE('',(#7680),#7691,.T.);
#7680 = FACE_BOUND('',#7681,.T.);
#7681 = EDGE_LOOP('',(#7682,#7688,#7689,#7690));
#7682 = ORIENTED_EDGE('',*,*,#7683,.T.);
#7683 = EDGE_CURVE('',#6644,#6580,#7684,.T.);
#7684 = LINE('',#7685,#7686);
#7685 = CARTESIAN_POINT('',(-0.1,-4.93,-3.1));
#7686 = VECTOR('',#7687,1.);
#7687 = DIRECTION('',(1.,-1.110223024625E-16,0.));
#7688 = ORIENTED_EDGE('',*,*,#6587,.T.);
#7689 = ORIENTED_EDGE('',*,*,#7666,.F.);
#7690 = ORIENTED_EDGE('',*,*,#6651,.T.);
#7691 = PLANE('',#7692);
#7692 = AXIS2_PLACEMENT_3D('',#7693,#7694,#7695);
#7693 = CARTESIAN_POINT('',(-0.1,-4.93,-3.1));
#7694 = DIRECTION('',(0.,-0.,-1.));
#7695 = DIRECTION('',(-1.110223024625E-16,-1.,0.));
#7696 = ADVANCED_FACE('',(#7697),#7708,.T.);
#7697 = FACE_BOUND('',#7698,.T.);
#7698 = EDGE_LOOP('',(#7699,#7705,#7706,#7707));
#7699 = ORIENTED_EDGE('',*,*,#7700,.T.);
#7700 = EDGE_CURVE('',#6636,#6572,#7701,.T.);
#7701 = LINE('',#7702,#7703);
#7702 = CARTESIAN_POINT('',(-0.1,-4.78,-2.5));
#7703 = VECTOR('',#7704,1.);
#7704 = DIRECTION('',(1.,-1.110223024625E-16,0.));
#7705 = ORIENTED_EDGE('',*,*,#6579,.T.);
#7706 = ORIENTED_EDGE('',*,*,#7683,.F.);
#7707 = ORIENTED_EDGE('',*,*,#6643,.F.);
#7708 = PLANE('',#7709);
#7709 = AXIS2_PLACEMENT_3D('',#7710,#7711,#7712);
#7710 = CARTESIAN_POINT('',(-0.1,-4.78,-2.5));
#7711 = DIRECTION('',(1.077074540829E-16,0.970142500145,-0.242535625036)
  );
#7712 = DIRECTION('',(-2.692686352073E-17,-0.242535625036,
    -0.970142500145));
#7713 = ADVANCED_FACE('',(#7714),#7720,.T.);
#7714 = FACE_BOUND('',#7715,.T.);
#7715 = EDGE_LOOP('',(#7716,#7717,#7718,#7719));
#7716 = ORIENTED_EDGE('',*,*,#6609,.T.);
#7717 = ORIENTED_EDGE('',*,*,#6571,.T.);
#7718 = ORIENTED_EDGE('',*,*,#7700,.F.);
#7719 = ORIENTED_EDGE('',*,*,#6635,.F.);
#7720 = PLANE('',#7721);
#7721 = AXIS2_PLACEMENT_3D('',#7722,#7723,#7724);
#7722 = CARTESIAN_POINT('',(-0.1,-4.78,0.2));
#7723 = DIRECTION('',(1.110223024625E-16,1.,0.));
#7724 = DIRECTION('',(0.,0.,-1.));
#7725 = ADVANCED_FACE('',(#7726),#7737,.T.);
#7726 = FACE_BOUND('',#7727,.T.);
#7727 = EDGE_LOOP('',(#7728,#7734,#7735,#7736));
#7728 = ORIENTED_EDGE('',*,*,#7729,.T.);
#7729 = EDGE_CURVE('',#6755,#6691,#7730,.T.);
#7730 = LINE('',#7731,#7732);
#7731 = CARTESIAN_POINT('',(-0.1,-2.84,-2.5));
#7732 = VECTOR('',#7733,1.);
#7733 = DIRECTION('',(1.,-1.110223024625E-16,0.));
#7734 = ORIENTED_EDGE('',*,*,#6690,.T.);
#7735 = ORIENTED_EDGE('',*,*,#6675,.F.);
#7736 = ORIENTED_EDGE('',*,*,#6754,.F.);
#7737 = PLANE('',#7738);
#7738 = AXIS2_PLACEMENT_3D('',#7739,#7740,#7741);
#7739 = CARTESIAN_POINT('',(-0.1,-2.84,-2.5));
#7740 = DIRECTION('',(-1.110223024625E-16,-1.,0.));
#7741 = DIRECTION('',(0.,0.,1.));
#7742 = ADVANCED_FACE('',(#7743),#7754,.T.);
#7743 = FACE_BOUND('',#7744,.T.);
#7744 = EDGE_LOOP('',(#7745,#7751,#7752,#7753));
#7745 = ORIENTED_EDGE('',*,*,#7746,.T.);
#7746 = EDGE_CURVE('',#6780,#6716,#7747,.T.);
#7747 = LINE('',#7748,#7749);
#7748 = CARTESIAN_POINT('',(-0.1,-2.69,-3.1));
#7749 = VECTOR('',#7750,1.);
#7750 = DIRECTION('',(1.,-1.110223024625E-16,0.));
#7751 = ORIENTED_EDGE('',*,*,#6723,.T.);
#7752 = ORIENTED_EDGE('',*,*,#7729,.F.);
#7753 = ORIENTED_EDGE('',*,*,#6787,.F.);
#7754 = PLANE('',#7755);
#7755 = AXIS2_PLACEMENT_3D('',#7756,#7757,#7758);
#7756 = CARTESIAN_POINT('',(-0.1,-2.69,-3.1));
#7757 = DIRECTION('',(-1.077074540829E-16,-0.970142500145,
    -0.242535625036));
#7758 = DIRECTION('',(-2.692686352073E-17,-0.242535625036,0.970142500145
    ));
#7759 = ADVANCED_FACE('',(#7760),#7771,.T.);
#7760 = FACE_BOUND('',#7761,.T.);
#7761 = EDGE_LOOP('',(#7762,#7768,#7769,#7770));
#7762 = ORIENTED_EDGE('',*,*,#7763,.T.);
#7763 = EDGE_CURVE('',#6772,#6708,#7764,.T.);
#7764 = LINE('',#7765,#7766);
#7765 = CARTESIAN_POINT('',(-0.1,-2.39,-3.1));
#7766 = VECTOR('',#7767,1.);
#7767 = DIRECTION('',(1.,-1.110223024625E-16,0.));
#7768 = ORIENTED_EDGE('',*,*,#6715,.T.);
#7769 = ORIENTED_EDGE('',*,*,#7746,.F.);
#7770 = ORIENTED_EDGE('',*,*,#6779,.T.);
#7771 = PLANE('',#7772);
#7772 = AXIS2_PLACEMENT_3D('',#7773,#7774,#7775);
#7773 = CARTESIAN_POINT('',(-0.1,-2.39,-3.1));
#7774 = DIRECTION('',(0.,-0.,-1.));
#7775 = DIRECTION('',(-1.110223024625E-16,-1.,0.));
#7776 = ADVANCED_FACE('',(#7777),#7788,.T.);
#7777 = FACE_BOUND('',#7778,.T.);
#7778 = EDGE_LOOP('',(#7779,#7785,#7786,#7787));
#7779 = ORIENTED_EDGE('',*,*,#7780,.T.);
#7780 = EDGE_CURVE('',#6764,#6700,#7781,.T.);
#7781 = LINE('',#7782,#7783);
#7782 = CARTESIAN_POINT('',(-0.1,-2.24,-2.5));
#7783 = VECTOR('',#7784,1.);
#7784 = DIRECTION('',(1.,-1.110223024625E-16,0.));
#7785 = ORIENTED_EDGE('',*,*,#6707,.T.);
#7786 = ORIENTED_EDGE('',*,*,#7763,.F.);
#7787 = ORIENTED_EDGE('',*,*,#6771,.F.);
#7788 = PLANE('',#7789);
#7789 = AXIS2_PLACEMENT_3D('',#7790,#7791,#7792);
#7790 = CARTESIAN_POINT('',(-0.1,-2.24,-2.5));
#7791 = DIRECTION('',(1.077074540829E-16,0.970142500145,-0.242535625036)
  );
#7792 = DIRECTION('',(-2.692686352073E-17,-0.242535625036,
    -0.970142500145));
#7793 = ADVANCED_FACE('',(#7794),#7800,.T.);
#7794 = FACE_BOUND('',#7795,.T.);
#7795 = EDGE_LOOP('',(#7796,#7797,#7798,#7799));
#7796 = ORIENTED_EDGE('',*,*,#6737,.T.);
#7797 = ORIENTED_EDGE('',*,*,#6699,.T.);
#7798 = ORIENTED_EDGE('',*,*,#7780,.F.);
#7799 = ORIENTED_EDGE('',*,*,#6763,.F.);
#7800 = PLANE('',#7801);
#7801 = AXIS2_PLACEMENT_3D('',#7802,#7803,#7804);
#7802 = CARTESIAN_POINT('',(-0.1,-2.24,0.2));
#7803 = DIRECTION('',(1.110223024625E-16,1.,0.));
#7804 = DIRECTION('',(0.,0.,-1.));
#7805 = ADVANCED_FACE('',(#7806),#7817,.T.);
#7806 = FACE_BOUND('',#7807,.T.);
#7807 = EDGE_LOOP('',(#7808,#7814,#7815,#7816));
#7808 = ORIENTED_EDGE('',*,*,#7809,.T.);
#7809 = EDGE_CURVE('',#6883,#6819,#7810,.T.);
#7810 = LINE('',#7811,#7812);
#7811 = CARTESIAN_POINT('',(-0.1,-0.3,-2.5));
#7812 = VECTOR('',#7813,1.);
#7813 = DIRECTION('',(1.,-1.110223024625E-16,0.));
#7814 = ORIENTED_EDGE('',*,*,#6818,.T.);
#7815 = ORIENTED_EDGE('',*,*,#6803,.F.);
#7816 = ORIENTED_EDGE('',*,*,#6882,.F.);
#7817 = PLANE('',#7818);
#7818 = AXIS2_PLACEMENT_3D('',#7819,#7820,#7821);
#7819 = CARTESIAN_POINT('',(-0.1,-0.3,-2.5));
#7820 = DIRECTION('',(-1.110223024625E-16,-1.,0.));
#7821 = DIRECTION('',(0.,0.,1.));
#7822 = ADVANCED_FACE('',(#7823),#7834,.T.);
#7823 = FACE_BOUND('',#7824,.T.);
#7824 = EDGE_LOOP('',(#7825,#7831,#7832,#7833));
#7825 = ORIENTED_EDGE('',*,*,#7826,.T.);
#7826 = EDGE_CURVE('',#6908,#6844,#7827,.T.);
#7827 = LINE('',#7828,#7829);
#7828 = CARTESIAN_POINT('',(-0.1,-0.15,-3.1));
#7829 = VECTOR('',#7830,1.);
#7830 = DIRECTION('',(1.,-1.110223024625E-16,0.));
#7831 = ORIENTED_EDGE('',*,*,#6851,.T.);
#7832 = ORIENTED_EDGE('',*,*,#7809,.F.);
#7833 = ORIENTED_EDGE('',*,*,#6915,.F.);
#7834 = PLANE('',#7835);
#7835 = AXIS2_PLACEMENT_3D('',#7836,#7837,#7838);
#7836 = CARTESIAN_POINT('',(-0.1,-0.15,-3.1));
#7837 = DIRECTION('',(-1.077074540829E-16,-0.970142500145,
    -0.242535625036));
#7838 = DIRECTION('',(-2.692686352073E-17,-0.242535625036,0.970142500145
    ));
#7839 = ADVANCED_FACE('',(#7840),#7851,.T.);
#7840 = FACE_BOUND('',#7841,.T.);
#7841 = EDGE_LOOP('',(#7842,#7848,#7849,#7850));
#7842 = ORIENTED_EDGE('',*,*,#7843,.T.);
#7843 = EDGE_CURVE('',#6900,#6836,#7844,.T.);
#7844 = LINE('',#7845,#7846);
#7845 = CARTESIAN_POINT('',(-0.1,0.15,-3.1));
#7846 = VECTOR('',#7847,1.);
#7847 = DIRECTION('',(1.,-1.110223024625E-16,0.));
#7848 = ORIENTED_EDGE('',*,*,#6843,.T.);
#7849 = ORIENTED_EDGE('',*,*,#7826,.F.);
#7850 = ORIENTED_EDGE('',*,*,#6907,.T.);
#7851 = PLANE('',#7852);
#7852 = AXIS2_PLACEMENT_3D('',#7853,#7854,#7855);
#7853 = CARTESIAN_POINT('',(-0.1,0.15,-3.1));
#7854 = DIRECTION('',(0.,-0.,-1.));
#7855 = DIRECTION('',(-1.110223024625E-16,-1.,0.));
#7856 = ADVANCED_FACE('',(#7857),#7868,.T.);
#7857 = FACE_BOUND('',#7858,.T.);
#7858 = EDGE_LOOP('',(#7859,#7865,#7866,#7867));
#7859 = ORIENTED_EDGE('',*,*,#7860,.T.);
#7860 = EDGE_CURVE('',#6892,#6828,#7861,.T.);
#7861 = LINE('',#7862,#7863);
#7862 = CARTESIAN_POINT('',(-0.1,0.3,-2.5));
#7863 = VECTOR('',#7864,1.);
#7864 = DIRECTION('',(1.,-1.110223024625E-16,0.));
#7865 = ORIENTED_EDGE('',*,*,#6835,.T.);
#7866 = ORIENTED_EDGE('',*,*,#7843,.F.);
#7867 = ORIENTED_EDGE('',*,*,#6899,.F.);
#7868 = PLANE('',#7869);
#7869 = AXIS2_PLACEMENT_3D('',#7870,#7871,#7872);
#7870 = CARTESIAN_POINT('',(-0.1,0.3,-2.5));
#7871 = DIRECTION('',(1.077074540829E-16,0.970142500145,-0.242535625036)
  );
#7872 = DIRECTION('',(-2.692686352073E-17,-0.242535625036,
    -0.970142500145));
#7873 = ADVANCED_FACE('',(#7874),#7880,.T.);
#7874 = FACE_BOUND('',#7875,.T.);
#7875 = EDGE_LOOP('',(#7876,#7877,#7878,#7879));
#7876 = ORIENTED_EDGE('',*,*,#6865,.T.);
#7877 = ORIENTED_EDGE('',*,*,#6827,.T.);
#7878 = ORIENTED_EDGE('',*,*,#7860,.F.);
#7879 = ORIENTED_EDGE('',*,*,#6891,.F.);
#7880 = PLANE('',#7881);
#7881 = AXIS2_PLACEMENT_3D('',#7882,#7883,#7884);
#7882 = CARTESIAN_POINT('',(-0.1,0.3,0.2));
#7883 = DIRECTION('',(1.110223024625E-16,1.,0.));
#7884 = DIRECTION('',(0.,0.,-1.));
#7885 = ADVANCED_FACE('',(#7886),#7897,.T.);
#7886 = FACE_BOUND('',#7887,.T.);
#7887 = EDGE_LOOP('',(#7888,#7889,#7890,#7891));
#7888 = ORIENTED_EDGE('',*,*,#7074,.T.);
#7889 = ORIENTED_EDGE('',*,*,#6937,.T.);
#7890 = ORIENTED_EDGE('',*,*,#6962,.T.);
#7891 = ORIENTED_EDGE('',*,*,#7892,.T.);
#7892 = EDGE_CURVE('',#6963,#7067,#7893,.T.);
#7893 = LINE('',#7894,#7895);
#7894 = CARTESIAN_POINT('',(0.1,-7.62,0.9));
#7895 = VECTOR('',#7896,1.);
#7896 = DIRECTION('',(-1.110223024625E-16,-1.,0.));
#7897 = PLANE('',#7898);
#7898 = AXIS2_PLACEMENT_3D('',#7899,#7900,#7901);
#7899 = CARTESIAN_POINT('',(-9.281001892939E-16,-7.62,0.9));
#7900 = DIRECTION('',(0.,0.,1.));
#7901 = DIRECTION('',(1.110223024625E-16,1.,-0.));
#7902 = ADVANCED_FACE('',(#7903),#7914,.T.);
#7903 = FACE_BOUND('',#7904,.T.);
#7904 = EDGE_LOOP('',(#7905,#7906,#7912,#7913));
#7905 = ORIENTED_EDGE('',*,*,#7042,.T.);
#7906 = ORIENTED_EDGE('',*,*,#7907,.F.);
#7907 = EDGE_CURVE('',#6987,#7043,#7908,.T.);
#7908 = LINE('',#7909,#7910);
#7909 = CARTESIAN_POINT('',(-0.1,-7.62,0.9));
#7910 = VECTOR('',#7911,1.);
#7911 = DIRECTION('',(-1.110223024625E-16,-1.,0.));
#7912 = ORIENTED_EDGE('',*,*,#6994,.T.);
#7913 = ORIENTED_EDGE('',*,*,#7017,.T.);
#7914 = PLANE('',#7915);
#7915 = AXIS2_PLACEMENT_3D('',#7916,#7917,#7918);
#7916 = CARTESIAN_POINT('',(-9.281001892939E-16,-7.62,0.9));
#7917 = DIRECTION('',(0.,0.,1.));
#7918 = DIRECTION('',(1.110223024625E-16,1.,-0.));
#7919 = ADVANCED_FACE('',(#7920),#7963,.T.);
#7920 = FACE_BOUND('',#7921,.T.);
#7921 = EDGE_LOOP('',(#7922,#7923,#7931,#7939,#7947,#7955,#7961,#7962));
#7922 = ORIENTED_EDGE('',*,*,#7050,.F.);
#7923 = ORIENTED_EDGE('',*,*,#7924,.T.);
#7924 = EDGE_CURVE('',#7051,#7925,#7927,.T.);
#7925 = VERTEX_POINT('',#7926);
#7926 = CARTESIAN_POINT('',(-0.1,-7.87,7.35));
#7927 = LINE('',#7928,#7929);
#7928 = CARTESIAN_POINT('',(-0.1,-7.92,7.4));
#7929 = VECTOR('',#7930,1.);
#7930 = DIRECTION('',(7.850462293414E-17,0.707106781187,-0.707106781187)
  );
#7931 = ORIENTED_EDGE('',*,*,#7932,.T.);
#7932 = EDGE_CURVE('',#7925,#7933,#7935,.T.);
#7933 = VERTEX_POINT('',#7934);
#7934 = CARTESIAN_POINT('',(-0.1,-7.87,1.25));
#7935 = LINE('',#7936,#7937);
#7936 = CARTESIAN_POINT('',(-0.1,-7.87,7.35));
#7937 = VECTOR('',#7938,1.);
#7938 = DIRECTION('',(0.,0.,-1.));
#7939 = ORIENTED_EDGE('',*,*,#7940,.T.);
#7940 = EDGE_CURVE('',#7933,#7941,#7943,.T.);
#7941 = VERTEX_POINT('',#7942);
#7942 = CARTESIAN_POINT('',(-0.1,-7.37,1.25));
#7943 = LINE('',#7944,#7945);
#7944 = CARTESIAN_POINT('',(-0.1,-7.87,1.25));
#7945 = VECTOR('',#7946,1.);
#7946 = DIRECTION('',(1.110223024625E-16,1.,0.));
#7947 = ORIENTED_EDGE('',*,*,#7948,.T.);
#7948 = EDGE_CURVE('',#7941,#7949,#7951,.T.);
#7949 = VERTEX_POINT('',#7950);
#7950 = CARTESIAN_POINT('',(-0.1,-7.37,7.35));
#7951 = LINE('',#7952,#7953);
#7952 = CARTESIAN_POINT('',(-0.1,-7.37,1.25));
#7953 = VECTOR('',#7954,1.);
#7954 = DIRECTION('',(0.,0.,1.));
#7955 = ORIENTED_EDGE('',*,*,#7956,.T.);
#7956 = EDGE_CURVE('',#7949,#6979,#7957,.T.);
#7957 = LINE('',#7958,#7959);
#7958 = CARTESIAN_POINT('',(-0.1,-7.37,7.35));
#7959 = VECTOR('',#7960,1.);
#7960 = DIRECTION('',(7.850462293414E-17,0.707106781187,0.707106781187)
  );
#7961 = ORIENTED_EDGE('',*,*,#6986,.F.);
#7962 = ORIENTED_EDGE('',*,*,#7907,.T.);
#7963 = PLANE('',#7964);
#7964 = AXIS2_PLACEMENT_3D('',#7965,#7966,#7967);
#7965 = CARTESIAN_POINT('',(-0.1,-7.62,3.911477598424));
#7966 = DIRECTION('',(-1.,1.110223024625E-16,0.));
#7967 = DIRECTION('',(0.,0.,1.));
#7968 = ADVANCED_FACE('',(#7969),#7987,.T.);
#7969 = FACE_BOUND('',#7970,.T.);
#7970 = EDGE_LOOP('',(#7971,#7979,#7985,#7986));
#7971 = ORIENTED_EDGE('',*,*,#7972,.T.);
#7972 = EDGE_CURVE('',#7949,#7973,#7975,.T.);
#7973 = VERTEX_POINT('',#7974);
#7974 = CARTESIAN_POINT('',(0.1,-7.37,7.35));
#7975 = LINE('',#7976,#7977);
#7976 = CARTESIAN_POINT('',(-0.1,-7.37,7.35));
#7977 = VECTOR('',#7978,1.);
#7978 = DIRECTION('',(1.,-1.110223024625E-16,0.));
#7979 = ORIENTED_EDGE('',*,*,#7980,.T.);
#7980 = EDGE_CURVE('',#7973,#6971,#7981,.T.);
#7981 = LINE('',#7982,#7983);
#7982 = CARTESIAN_POINT('',(0.1,-7.37,7.35));
#7983 = VECTOR('',#7984,1.);
#7984 = DIRECTION('',(7.850462293414E-17,0.707106781187,0.707106781187)
  );
#7985 = ORIENTED_EDGE('',*,*,#6978,.F.);
#7986 = ORIENTED_EDGE('',*,*,#7956,.F.);
#7987 = PLANE('',#7988);
#7988 = AXIS2_PLACEMENT_3D('',#7989,#7990,#7991);
#7989 = CARTESIAN_POINT('',(-0.1,-7.37,7.35));
#7990 = DIRECTION('',(-7.850462293414E-17,-0.707106781187,0.707106781187
    ));
#7991 = DIRECTION('',(7.850462293414E-17,0.707106781187,0.707106781187)
  );
#7992 = ADVANCED_FACE('',(#7993),#8029,.F.);
#7993 = FACE_BOUND('',#7994,.F.);
#7994 = EDGE_LOOP('',(#7995,#7996,#8004,#8012,#8020,#8026,#8027,#8028));
#7995 = ORIENTED_EDGE('',*,*,#7066,.F.);
#7996 = ORIENTED_EDGE('',*,*,#7997,.T.);
#7997 = EDGE_CURVE('',#7059,#7998,#8000,.T.);
#7998 = VERTEX_POINT('',#7999);
#7999 = CARTESIAN_POINT('',(0.1,-7.87,7.35));
#8000 = LINE('',#8001,#8002);
#8001 = CARTESIAN_POINT('',(0.1,-7.92,7.4));
#8002 = VECTOR('',#8003,1.);
#8003 = DIRECTION('',(7.850462293414E-17,0.707106781187,-0.707106781187)
  );
#8004 = ORIENTED_EDGE('',*,*,#8005,.T.);
#8005 = EDGE_CURVE('',#7998,#8006,#8008,.T.);
#8006 = VERTEX_POINT('',#8007);
#8007 = CARTESIAN_POINT('',(0.1,-7.87,1.25));
#8008 = LINE('',#8009,#8010);
#8009 = CARTESIAN_POINT('',(0.1,-7.87,7.35));
#8010 = VECTOR('',#8011,1.);
#8011 = DIRECTION('',(0.,0.,-1.));
#8012 = ORIENTED_EDGE('',*,*,#8013,.T.);
#8013 = EDGE_CURVE('',#8006,#8014,#8016,.T.);
#8014 = VERTEX_POINT('',#8015);
#8015 = CARTESIAN_POINT('',(0.1,-7.37,1.25));
#8016 = LINE('',#8017,#8018);
#8017 = CARTESIAN_POINT('',(0.1,-7.87,1.25));
#8018 = VECTOR('',#8019,1.);
#8019 = DIRECTION('',(1.110223024625E-16,1.,0.));
#8020 = ORIENTED_EDGE('',*,*,#8021,.T.);
#8021 = EDGE_CURVE('',#8014,#7973,#8022,.T.);
#8022 = LINE('',#8023,#8024);
#8023 = CARTESIAN_POINT('',(0.1,-7.37,1.25));
#8024 = VECTOR('',#8025,1.);
#8025 = DIRECTION('',(0.,0.,1.));
#8026 = ORIENTED_EDGE('',*,*,#7980,.T.);
#8027 = ORIENTED_EDGE('',*,*,#6970,.F.);
#8028 = ORIENTED_EDGE('',*,*,#7892,.T.);
#8029 = PLANE('',#8030);
#8030 = AXIS2_PLACEMENT_3D('',#8031,#8032,#8033);
#8031 = CARTESIAN_POINT('',(0.1,-7.62,3.911477598424));
#8032 = DIRECTION('',(-1.,1.110223024625E-16,0.));
#8033 = DIRECTION('',(0.,0.,1.));
#8034 = ADVANCED_FACE('',(#8035),#8046,.T.);
#8035 = FACE_BOUND('',#8036,.T.);
#8036 = EDGE_LOOP('',(#8037,#8038,#8039,#8045));
#8037 = ORIENTED_EDGE('',*,*,#7058,.T.);
#8038 = ORIENTED_EDGE('',*,*,#7997,.T.);
#8039 = ORIENTED_EDGE('',*,*,#8040,.F.);
#8040 = EDGE_CURVE('',#7925,#7998,#8041,.T.);
#8041 = LINE('',#8042,#8043);
#8042 = CARTESIAN_POINT('',(-0.1,-7.87,7.35));
#8043 = VECTOR('',#8044,1.);
#8044 = DIRECTION('',(1.,-1.110223024625E-16,0.));
#8045 = ORIENTED_EDGE('',*,*,#7924,.F.);
#8046 = PLANE('',#8047);
#8047 = AXIS2_PLACEMENT_3D('',#8048,#8049,#8050);
#8048 = CARTESIAN_POINT('',(-0.1,-7.92,7.4));
#8049 = DIRECTION('',(7.850462293414E-17,0.707106781187,0.707106781187)
  );
#8050 = DIRECTION('',(7.850462293414E-17,0.707106781187,-0.707106781187)
  );
#8051 = ADVANCED_FACE('',(#8052),#8063,.T.);
#8052 = FACE_BOUND('',#8053,.T.);
#8053 = EDGE_LOOP('',(#8054,#8055,#8056,#8057));
#8054 = ORIENTED_EDGE('',*,*,#7234,.T.);
#8055 = ORIENTED_EDGE('',*,*,#7097,.T.);
#8056 = ORIENTED_EDGE('',*,*,#7122,.T.);
#8057 = ORIENTED_EDGE('',*,*,#8058,.T.);
#8058 = EDGE_CURVE('',#7123,#7227,#8059,.T.);
#8059 = LINE('',#8060,#8061);
#8060 = CARTESIAN_POINT('',(0.1,-5.08,0.9));
#8061 = VECTOR('',#8062,1.);
#8062 = DIRECTION('',(-1.110223024625E-16,-1.,0.));
#8063 = PLANE('',#8064);
#8064 = AXIS2_PLACEMENT_3D('',#8065,#8066,#8067);
#8065 = CARTESIAN_POINT('',(-6.461035410391E-16,-5.08,0.9));
#8066 = DIRECTION('',(0.,0.,1.));
#8067 = DIRECTION('',(1.110223024625E-16,1.,-0.));
#8068 = ADVANCED_FACE('',(#8069),#8080,.T.);
#8069 = FACE_BOUND('',#8070,.T.);
#8070 = EDGE_LOOP('',(#8071,#8072,#8078,#8079));
#8071 = ORIENTED_EDGE('',*,*,#7202,.T.);
#8072 = ORIENTED_EDGE('',*,*,#8073,.F.);
#8073 = EDGE_CURVE('',#7147,#7203,#8074,.T.);
#8074 = LINE('',#8075,#8076);
#8075 = CARTESIAN_POINT('',(-0.1,-5.08,0.9));
#8076 = VECTOR('',#8077,1.);
#8077 = DIRECTION('',(-1.110223024625E-16,-1.,0.));
#8078 = ORIENTED_EDGE('',*,*,#7154,.T.);
#8079 = ORIENTED_EDGE('',*,*,#7177,.T.);
#8080 = PLANE('',#8081);
#8081 = AXIS2_PLACEMENT_3D('',#8082,#8083,#8084);
#8082 = CARTESIAN_POINT('',(-6.461035410391E-16,-5.08,0.9));
#8083 = DIRECTION('',(0.,0.,1.));
#8084 = DIRECTION('',(1.110223024625E-16,1.,-0.));
#8085 = ADVANCED_FACE('',(#8086),#8129,.T.);
#8086 = FACE_BOUND('',#8087,.T.);
#8087 = EDGE_LOOP('',(#8088,#8089,#8097,#8105,#8113,#8121,#8127,#8128));
#8088 = ORIENTED_EDGE('',*,*,#7210,.F.);
#8089 = ORIENTED_EDGE('',*,*,#8090,.T.);
#8090 = EDGE_CURVE('',#7211,#8091,#8093,.T.);
#8091 = VERTEX_POINT('',#8092);
#8092 = CARTESIAN_POINT('',(-0.1,-5.33,7.35));
#8093 = LINE('',#8094,#8095);
#8094 = CARTESIAN_POINT('',(-0.1,-5.38,7.4));
#8095 = VECTOR('',#8096,1.);
#8096 = DIRECTION('',(7.850462293414E-17,0.707106781187,-0.707106781187)
  );
#8097 = ORIENTED_EDGE('',*,*,#8098,.T.);
#8098 = EDGE_CURVE('',#8091,#8099,#8101,.T.);
#8099 = VERTEX_POINT('',#8100);
#8100 = CARTESIAN_POINT('',(-0.1,-5.33,1.25));
#8101 = LINE('',#8102,#8103);
#8102 = CARTESIAN_POINT('',(-0.1,-5.33,7.35));
#8103 = VECTOR('',#8104,1.);
#8104 = DIRECTION('',(0.,0.,-1.));
#8105 = ORIENTED_EDGE('',*,*,#8106,.T.);
#8106 = EDGE_CURVE('',#8099,#8107,#8109,.T.);
#8107 = VERTEX_POINT('',#8108);
#8108 = CARTESIAN_POINT('',(-0.1,-4.83,1.25));
#8109 = LINE('',#8110,#8111);
#8110 = CARTESIAN_POINT('',(-0.1,-5.33,1.25));
#8111 = VECTOR('',#8112,1.);
#8112 = DIRECTION('',(1.110223024625E-16,1.,0.));
#8113 = ORIENTED_EDGE('',*,*,#8114,.T.);
#8114 = EDGE_CURVE('',#8107,#8115,#8117,.T.);
#8115 = VERTEX_POINT('',#8116);
#8116 = CARTESIAN_POINT('',(-0.1,-4.83,7.35));
#8117 = LINE('',#8118,#8119);
#8118 = CARTESIAN_POINT('',(-0.1,-4.83,1.25));
#8119 = VECTOR('',#8120,1.);
#8120 = DIRECTION('',(0.,0.,1.));
#8121 = ORIENTED_EDGE('',*,*,#8122,.T.);
#8122 = EDGE_CURVE('',#8115,#7139,#8123,.T.);
#8123 = LINE('',#8124,#8125);
#8124 = CARTESIAN_POINT('',(-0.1,-4.83,7.35));
#8125 = VECTOR('',#8126,1.);
#8126 = DIRECTION('',(7.850462293414E-17,0.707106781187,0.707106781187)
  );
#8127 = ORIENTED_EDGE('',*,*,#7146,.F.);
#8128 = ORIENTED_EDGE('',*,*,#8073,.T.);
#8129 = PLANE('',#8130);
#8130 = AXIS2_PLACEMENT_3D('',#8131,#8132,#8133);
#8131 = CARTESIAN_POINT('',(-0.1,-5.08,3.911477598424));
#8132 = DIRECTION('',(-1.,1.110223024625E-16,0.));
#8133 = DIRECTION('',(0.,0.,1.));
#8134 = ADVANCED_FACE('',(#8135),#8153,.T.);
#8135 = FACE_BOUND('',#8136,.T.);
#8136 = EDGE_LOOP('',(#8137,#8145,#8151,#8152));
#8137 = ORIENTED_EDGE('',*,*,#8138,.T.);
#8138 = EDGE_CURVE('',#8115,#8139,#8141,.T.);
#8139 = VERTEX_POINT('',#8140);
#8140 = CARTESIAN_POINT('',(0.1,-4.83,7.35));
#8141 = LINE('',#8142,#8143);
#8142 = CARTESIAN_POINT('',(-0.1,-4.83,7.35));
#8143 = VECTOR('',#8144,1.);
#8144 = DIRECTION('',(1.,-1.110223024625E-16,0.));
#8145 = ORIENTED_EDGE('',*,*,#8146,.T.);
#8146 = EDGE_CURVE('',#8139,#7131,#8147,.T.);
#8147 = LINE('',#8148,#8149);
#8148 = CARTESIAN_POINT('',(0.1,-4.83,7.35));
#8149 = VECTOR('',#8150,1.);
#8150 = DIRECTION('',(7.850462293414E-17,0.707106781187,0.707106781187)
  );
#8151 = ORIENTED_EDGE('',*,*,#7138,.F.);
#8152 = ORIENTED_EDGE('',*,*,#8122,.F.);
#8153 = PLANE('',#8154);
#8154 = AXIS2_PLACEMENT_3D('',#8155,#8156,#8157);
#8155 = CARTESIAN_POINT('',(-0.1,-4.83,7.35));
#8156 = DIRECTION('',(-7.850462293414E-17,-0.707106781187,0.707106781187
    ));
#8157 = DIRECTION('',(7.850462293414E-17,0.707106781187,0.707106781187)
  );
#8158 = ADVANCED_FACE('',(#8159),#8195,.F.);
#8159 = FACE_BOUND('',#8160,.F.);
#8160 = EDGE_LOOP('',(#8161,#8162,#8170,#8178,#8186,#8192,#8193,#8194));
#8161 = ORIENTED_EDGE('',*,*,#7226,.F.);
#8162 = ORIENTED_EDGE('',*,*,#8163,.T.);
#8163 = EDGE_CURVE('',#7219,#8164,#8166,.T.);
#8164 = VERTEX_POINT('',#8165);
#8165 = CARTESIAN_POINT('',(0.1,-5.33,7.35));
#8166 = LINE('',#8167,#8168);
#8167 = CARTESIAN_POINT('',(0.1,-5.38,7.4));
#8168 = VECTOR('',#8169,1.);
#8169 = DIRECTION('',(7.850462293414E-17,0.707106781187,-0.707106781187)
  );
#8170 = ORIENTED_EDGE('',*,*,#8171,.T.);
#8171 = EDGE_CURVE('',#8164,#8172,#8174,.T.);
#8172 = VERTEX_POINT('',#8173);
#8173 = CARTESIAN_POINT('',(0.1,-5.33,1.25));
#8174 = LINE('',#8175,#8176);
#8175 = CARTESIAN_POINT('',(0.1,-5.33,7.35));
#8176 = VECTOR('',#8177,1.);
#8177 = DIRECTION('',(0.,0.,-1.));
#8178 = ORIENTED_EDGE('',*,*,#8179,.T.);
#8179 = EDGE_CURVE('',#8172,#8180,#8182,.T.);
#8180 = VERTEX_POINT('',#8181);
#8181 = CARTESIAN_POINT('',(0.1,-4.83,1.25));
#8182 = LINE('',#8183,#8184);
#8183 = CARTESIAN_POINT('',(0.1,-5.33,1.25));
#8184 = VECTOR('',#8185,1.);
#8185 = DIRECTION('',(1.110223024625E-16,1.,0.));
#8186 = ORIENTED_EDGE('',*,*,#8187,.T.);
#8187 = EDGE_CURVE('',#8180,#8139,#8188,.T.);
#8188 = LINE('',#8189,#8190);
#8189 = CARTESIAN_POINT('',(0.1,-4.83,1.25));
#8190 = VECTOR('',#8191,1.);
#8191 = DIRECTION('',(0.,0.,1.));
#8192 = ORIENTED_EDGE('',*,*,#8146,.T.);
#8193 = ORIENTED_EDGE('',*,*,#7130,.F.);
#8194 = ORIENTED_EDGE('',*,*,#8058,.T.);
#8195 = PLANE('',#8196);
#8196 = AXIS2_PLACEMENT_3D('',#8197,#8198,#8199);
#8197 = CARTESIAN_POINT('',(0.1,-5.08,3.911477598424));
#8198 = DIRECTION('',(-1.,1.110223024625E-16,0.));
#8199 = DIRECTION('',(0.,0.,1.));
#8200 = ADVANCED_FACE('',(#8201),#8212,.T.);
#8201 = FACE_BOUND('',#8202,.T.);
#8202 = EDGE_LOOP('',(#8203,#8204,#8205,#8211));
#8203 = ORIENTED_EDGE('',*,*,#7218,.T.);
#8204 = ORIENTED_EDGE('',*,*,#8163,.T.);
#8205 = ORIENTED_EDGE('',*,*,#8206,.F.);
#8206 = EDGE_CURVE('',#8091,#8164,#8207,.T.);
#8207 = LINE('',#8208,#8209);
#8208 = CARTESIAN_POINT('',(-0.1,-5.33,7.35));
#8209 = VECTOR('',#8210,1.);
#8210 = DIRECTION('',(1.,-1.110223024625E-16,0.));
#8211 = ORIENTED_EDGE('',*,*,#8090,.F.);
#8212 = PLANE('',#8213);
#8213 = AXIS2_PLACEMENT_3D('',#8214,#8215,#8216);
#8214 = CARTESIAN_POINT('',(-0.1,-5.38,7.4));
#8215 = DIRECTION('',(7.850462293414E-17,0.707106781187,0.707106781187)
  );
#8216 = DIRECTION('',(7.850462293414E-17,0.707106781187,-0.707106781187)
  );
#8217 = ADVANCED_FACE('',(#8218),#8229,.T.);
#8218 = FACE_BOUND('',#8219,.T.);
#8219 = EDGE_LOOP('',(#8220,#8221,#8222,#8223));
#8220 = ORIENTED_EDGE('',*,*,#7394,.T.);
#8221 = ORIENTED_EDGE('',*,*,#7257,.T.);
#8222 = ORIENTED_EDGE('',*,*,#7282,.T.);
#8223 = ORIENTED_EDGE('',*,*,#8224,.T.);
#8224 = EDGE_CURVE('',#7283,#7387,#8225,.T.);
#8225 = LINE('',#8226,#8227);
#8226 = CARTESIAN_POINT('',(0.1,-2.54,0.9));
#8227 = VECTOR('',#8228,1.);
#8228 = DIRECTION('',(-1.110223024625E-16,-1.,0.));
#8229 = PLANE('',#8230);
#8230 = AXIS2_PLACEMENT_3D('',#8231,#8232,#8233);
#8231 = CARTESIAN_POINT('',(-3.641068927844E-16,-2.54,0.9));
#8232 = DIRECTION('',(0.,0.,1.));
#8233 = DIRECTION('',(1.110223024625E-16,1.,-0.));
#8234 = ADVANCED_FACE('',(#8235),#8246,.T.);
#8235 = FACE_BOUND('',#8236,.T.);
#8236 = EDGE_LOOP('',(#8237,#8238,#8244,#8245));
#8237 = ORIENTED_EDGE('',*,*,#7362,.T.);
#8238 = ORIENTED_EDGE('',*,*,#8239,.F.);
#8239 = EDGE_CURVE('',#7307,#7363,#8240,.T.);
#8240 = LINE('',#8241,#8242);
#8241 = CARTESIAN_POINT('',(-0.1,-2.54,0.9));
#8242 = VECTOR('',#8243,1.);
#8243 = DIRECTION('',(-1.110223024625E-16,-1.,0.));
#8244 = ORIENTED_EDGE('',*,*,#7314,.T.);
#8245 = ORIENTED_EDGE('',*,*,#7337,.T.);
#8246 = PLANE('',#8247);
#8247 = AXIS2_PLACEMENT_3D('',#8248,#8249,#8250);
#8248 = CARTESIAN_POINT('',(-3.641068927844E-16,-2.54,0.9));
#8249 = DIRECTION('',(0.,0.,1.));
#8250 = DIRECTION('',(1.110223024625E-16,1.,-0.));
#8251 = ADVANCED_FACE('',(#8252),#8295,.T.);
#8252 = FACE_BOUND('',#8253,.T.);
#8253 = EDGE_LOOP('',(#8254,#8255,#8263,#8271,#8279,#8287,#8293,#8294));
#8254 = ORIENTED_EDGE('',*,*,#7370,.F.);
#8255 = ORIENTED_EDGE('',*,*,#8256,.T.);
#8256 = EDGE_CURVE('',#7371,#8257,#8259,.T.);
#8257 = VERTEX_POINT('',#8258);
#8258 = CARTESIAN_POINT('',(-0.1,-2.79,7.35));
#8259 = LINE('',#8260,#8261);
#8260 = CARTESIAN_POINT('',(-0.1,-2.84,7.4));
#8261 = VECTOR('',#8262,1.);
#8262 = DIRECTION('',(7.850462293414E-17,0.707106781187,-0.707106781187)
  );
#8263 = ORIENTED_EDGE('',*,*,#8264,.T.);
#8264 = EDGE_CURVE('',#8257,#8265,#8267,.T.);
#8265 = VERTEX_POINT('',#8266);
#8266 = CARTESIAN_POINT('',(-0.1,-2.79,1.25));
#8267 = LINE('',#8268,#8269);
#8268 = CARTESIAN_POINT('',(-0.1,-2.79,7.35));
#8269 = VECTOR('',#8270,1.);
#8270 = DIRECTION('',(0.,0.,-1.));
#8271 = ORIENTED_EDGE('',*,*,#8272,.T.);
#8272 = EDGE_CURVE('',#8265,#8273,#8275,.T.);
#8273 = VERTEX_POINT('',#8274);
#8274 = CARTESIAN_POINT('',(-0.1,-2.29,1.25));
#8275 = LINE('',#8276,#8277);
#8276 = CARTESIAN_POINT('',(-0.1,-2.79,1.25));
#8277 = VECTOR('',#8278,1.);
#8278 = DIRECTION('',(1.110223024625E-16,1.,0.));
#8279 = ORIENTED_EDGE('',*,*,#8280,.T.);
#8280 = EDGE_CURVE('',#8273,#8281,#8283,.T.);
#8281 = VERTEX_POINT('',#8282);
#8282 = CARTESIAN_POINT('',(-0.1,-2.29,7.35));
#8283 = LINE('',#8284,#8285);
#8284 = CARTESIAN_POINT('',(-0.1,-2.29,1.25));
#8285 = VECTOR('',#8286,1.);
#8286 = DIRECTION('',(0.,0.,1.));
#8287 = ORIENTED_EDGE('',*,*,#8288,.T.);
#8288 = EDGE_CURVE('',#8281,#7299,#8289,.T.);
#8289 = LINE('',#8290,#8291);
#8290 = CARTESIAN_POINT('',(-0.1,-2.29,7.35));
#8291 = VECTOR('',#8292,1.);
#8292 = DIRECTION('',(7.850462293414E-17,0.707106781187,0.707106781187)
  );
#8293 = ORIENTED_EDGE('',*,*,#7306,.F.);
#8294 = ORIENTED_EDGE('',*,*,#8239,.T.);
#8295 = PLANE('',#8296);
#8296 = AXIS2_PLACEMENT_3D('',#8297,#8298,#8299);
#8297 = CARTESIAN_POINT('',(-0.1,-2.54,3.911477598424));
#8298 = DIRECTION('',(-1.,1.110223024625E-16,0.));
#8299 = DIRECTION('',(0.,0.,1.));
#8300 = ADVANCED_FACE('',(#8301),#8319,.T.);
#8301 = FACE_BOUND('',#8302,.T.);
#8302 = EDGE_LOOP('',(#8303,#8311,#8317,#8318));
#8303 = ORIENTED_EDGE('',*,*,#8304,.T.);
#8304 = EDGE_CURVE('',#8281,#8305,#8307,.T.);
#8305 = VERTEX_POINT('',#8306);
#8306 = CARTESIAN_POINT('',(0.1,-2.29,7.35));
#8307 = LINE('',#8308,#8309);
#8308 = CARTESIAN_POINT('',(-0.1,-2.29,7.35));
#8309 = VECTOR('',#8310,1.);
#8310 = DIRECTION('',(1.,-1.110223024625E-16,0.));
#8311 = ORIENTED_EDGE('',*,*,#8312,.T.);
#8312 = EDGE_CURVE('',#8305,#7291,#8313,.T.);
#8313 = LINE('',#8314,#8315);
#8314 = CARTESIAN_POINT('',(0.1,-2.29,7.35));
#8315 = VECTOR('',#8316,1.);
#8316 = DIRECTION('',(7.850462293414E-17,0.707106781187,0.707106781187)
  );
#8317 = ORIENTED_EDGE('',*,*,#7298,.F.);
#8318 = ORIENTED_EDGE('',*,*,#8288,.F.);
#8319 = PLANE('',#8320);
#8320 = AXIS2_PLACEMENT_3D('',#8321,#8322,#8323);
#8321 = CARTESIAN_POINT('',(-0.1,-2.29,7.35));
#8322 = DIRECTION('',(-7.850462293414E-17,-0.707106781187,0.707106781187
    ));
#8323 = DIRECTION('',(7.850462293414E-17,0.707106781187,0.707106781187)
  );
#8324 = ADVANCED_FACE('',(#8325),#8361,.F.);
#8325 = FACE_BOUND('',#8326,.F.);
#8326 = EDGE_LOOP('',(#8327,#8328,#8336,#8344,#8352,#8358,#8359,#8360));
#8327 = ORIENTED_EDGE('',*,*,#7386,.F.);
#8328 = ORIENTED_EDGE('',*,*,#8329,.T.);
#8329 = EDGE_CURVE('',#7379,#8330,#8332,.T.);
#8330 = VERTEX_POINT('',#8331);
#8331 = CARTESIAN_POINT('',(0.1,-2.79,7.35));
#8332 = LINE('',#8333,#8334);
#8333 = CARTESIAN_POINT('',(0.1,-2.84,7.4));
#8334 = VECTOR('',#8335,1.);
#8335 = DIRECTION('',(7.850462293414E-17,0.707106781187,-0.707106781187)
  );
#8336 = ORIENTED_EDGE('',*,*,#8337,.T.);
#8337 = EDGE_CURVE('',#8330,#8338,#8340,.T.);
#8338 = VERTEX_POINT('',#8339);
#8339 = CARTESIAN_POINT('',(0.1,-2.79,1.25));
#8340 = LINE('',#8341,#8342);
#8341 = CARTESIAN_POINT('',(0.1,-2.79,7.35));
#8342 = VECTOR('',#8343,1.);
#8343 = DIRECTION('',(0.,0.,-1.));
#8344 = ORIENTED_EDGE('',*,*,#8345,.T.);
#8345 = EDGE_CURVE('',#8338,#8346,#8348,.T.);
#8346 = VERTEX_POINT('',#8347);
#8347 = CARTESIAN_POINT('',(0.1,-2.29,1.25));
#8348 = LINE('',#8349,#8350);
#8349 = CARTESIAN_POINT('',(0.1,-2.79,1.25));
#8350 = VECTOR('',#8351,1.);
#8351 = DIRECTION('',(1.110223024625E-16,1.,0.));
#8352 = ORIENTED_EDGE('',*,*,#8353,.T.);
#8353 = EDGE_CURVE('',#8346,#8305,#8354,.T.);
#8354 = LINE('',#8355,#8356);
#8355 = CARTESIAN_POINT('',(0.1,-2.29,1.25));
#8356 = VECTOR('',#8357,1.);
#8357 = DIRECTION('',(0.,0.,1.));
#8358 = ORIENTED_EDGE('',*,*,#8312,.T.);
#8359 = ORIENTED_EDGE('',*,*,#7290,.F.);
#8360 = ORIENTED_EDGE('',*,*,#8224,.T.);
#8361 = PLANE('',#8362);
#8362 = AXIS2_PLACEMENT_3D('',#8363,#8364,#8365);
#8363 = CARTESIAN_POINT('',(0.1,-2.54,3.911477598424));
#8364 = DIRECTION('',(-1.,1.110223024625E-16,0.));
#8365 = DIRECTION('',(0.,0.,1.));
#8366 = ADVANCED_FACE('',(#8367),#8378,.T.);
#8367 = FACE_BOUND('',#8368,.T.);
#8368 = EDGE_LOOP('',(#8369,#8370,#8371,#8377));
#8369 = ORIENTED_EDGE('',*,*,#7378,.T.);
#8370 = ORIENTED_EDGE('',*,*,#8329,.T.);
#8371 = ORIENTED_EDGE('',*,*,#8372,.F.);
#8372 = EDGE_CURVE('',#8257,#8330,#8373,.T.);
#8373 = LINE('',#8374,#8375);
#8374 = CARTESIAN_POINT('',(-0.1,-2.79,7.35));
#8375 = VECTOR('',#8376,1.);
#8376 = DIRECTION('',(1.,-1.110223024625E-16,0.));
#8377 = ORIENTED_EDGE('',*,*,#8256,.F.);
#8378 = PLANE('',#8379);
#8379 = AXIS2_PLACEMENT_3D('',#8380,#8381,#8382);
#8380 = CARTESIAN_POINT('',(-0.1,-2.84,7.4));
#8381 = DIRECTION('',(7.850462293414E-17,0.707106781187,0.707106781187)
  );
#8382 = DIRECTION('',(7.850462293414E-17,0.707106781187,-0.707106781187)
  );
#8383 = ADVANCED_FACE('',(#8384),#8395,.T.);
#8384 = FACE_BOUND('',#8385,.T.);
#8385 = EDGE_LOOP('',(#8386,#8387,#8388,#8389));
#8386 = ORIENTED_EDGE('',*,*,#7554,.T.);
#8387 = ORIENTED_EDGE('',*,*,#7417,.T.);
#8388 = ORIENTED_EDGE('',*,*,#7442,.T.);
#8389 = ORIENTED_EDGE('',*,*,#8390,.T.);
#8390 = EDGE_CURVE('',#7443,#7547,#8391,.T.);
#8391 = LINE('',#8392,#8393);
#8392 = CARTESIAN_POINT('',(0.1,4.329869796038E-16,0.9));
#8393 = VECTOR('',#8394,1.);
#8394 = DIRECTION('',(-1.110223024625E-16,-1.,0.));
#8395 = PLANE('',#8396);
#8396 = AXIS2_PLACEMENT_3D('',#8397,#8398,#8399);
#8397 = CARTESIAN_POINT('',(-8.211024452957E-17,8.881784197001E-16,0.9)
  );
#8398 = DIRECTION('',(0.,0.,1.));
#8399 = DIRECTION('',(1.110223024625E-16,1.,-0.));
#8400 = ADVANCED_FACE('',(#8401),#8412,.T.);
#8401 = FACE_BOUND('',#8402,.T.);
#8402 = EDGE_LOOP('',(#8403,#8404,#8410,#8411));
#8403 = ORIENTED_EDGE('',*,*,#7522,.T.);
#8404 = ORIENTED_EDGE('',*,*,#8405,.F.);
#8405 = EDGE_CURVE('',#7467,#7523,#8406,.T.);
#8406 = LINE('',#8407,#8408);
#8407 = CARTESIAN_POINT('',(-0.1,4.551914400963E-16,0.9));
#8408 = VECTOR('',#8409,1.);
#8409 = DIRECTION('',(-1.110223024625E-16,-1.,0.));
#8410 = ORIENTED_EDGE('',*,*,#7474,.T.);
#8411 = ORIENTED_EDGE('',*,*,#7497,.T.);
#8412 = PLANE('',#8413);
#8413 = AXIS2_PLACEMENT_3D('',#8414,#8415,#8416);
#8414 = CARTESIAN_POINT('',(-8.211024452957E-17,8.881784197001E-16,0.9)
  );
#8415 = DIRECTION('',(0.,0.,1.));
#8416 = DIRECTION('',(1.110223024625E-16,1.,-0.));
#8417 = ADVANCED_FACE('',(#8418),#8461,.T.);
#8418 = FACE_BOUND('',#8419,.T.);
#8419 = EDGE_LOOP('',(#8420,#8421,#8429,#8437,#8445,#8453,#8459,#8460));
#8420 = ORIENTED_EDGE('',*,*,#7530,.F.);
#8421 = ORIENTED_EDGE('',*,*,#8422,.T.);
#8422 = EDGE_CURVE('',#7531,#8423,#8425,.T.);
#8423 = VERTEX_POINT('',#8424);
#8424 = CARTESIAN_POINT('',(-0.1,-0.25,7.35));
#8425 = LINE('',#8426,#8427);
#8426 = CARTESIAN_POINT('',(-0.1,-0.3,7.4));
#8427 = VECTOR('',#8428,1.);
#8428 = DIRECTION('',(7.850462293414E-17,0.707106781187,-0.707106781187)
  );
#8429 = ORIENTED_EDGE('',*,*,#8430,.T.);
#8430 = EDGE_CURVE('',#8423,#8431,#8433,.T.);
#8431 = VERTEX_POINT('',#8432);
#8432 = CARTESIAN_POINT('',(-0.1,-0.25,1.25));
#8433 = LINE('',#8434,#8435);
#8434 = CARTESIAN_POINT('',(-0.1,-0.25,7.35));
#8435 = VECTOR('',#8436,1.);
#8436 = DIRECTION('',(0.,0.,-1.));
#8437 = ORIENTED_EDGE('',*,*,#8438,.T.);
#8438 = EDGE_CURVE('',#8431,#8439,#8441,.T.);
#8439 = VERTEX_POINT('',#8440);
#8440 = CARTESIAN_POINT('',(-0.1,0.25,1.25));
#8441 = LINE('',#8442,#8443);
#8442 = CARTESIAN_POINT('',(-0.1,-0.25,1.25));
#8443 = VECTOR('',#8444,1.);
#8444 = DIRECTION('',(1.110223024625E-16,1.,0.));
#8445 = ORIENTED_EDGE('',*,*,#8446,.T.);
#8446 = EDGE_CURVE('',#8439,#8447,#8449,.T.);
#8447 = VERTEX_POINT('',#8448);
#8448 = CARTESIAN_POINT('',(-0.1,0.25,7.35));
#8449 = LINE('',#8450,#8451);
#8450 = CARTESIAN_POINT('',(-0.1,0.25,1.25));
#8451 = VECTOR('',#8452,1.);
#8452 = DIRECTION('',(0.,0.,1.));
#8453 = ORIENTED_EDGE('',*,*,#8454,.T.);
#8454 = EDGE_CURVE('',#8447,#7459,#8455,.T.);
#8455 = LINE('',#8456,#8457);
#8456 = CARTESIAN_POINT('',(-0.1,0.25,7.35));
#8457 = VECTOR('',#8458,1.);
#8458 = DIRECTION('',(7.850462293414E-17,0.707106781187,0.707106781187)
  );
#8459 = ORIENTED_EDGE('',*,*,#7466,.F.);
#8460 = ORIENTED_EDGE('',*,*,#8405,.T.);
#8461 = PLANE('',#8462);
#8462 = AXIS2_PLACEMENT_3D('',#8463,#8464,#8465);
#8463 = CARTESIAN_POINT('',(-0.1,1.110223024625E-17,3.911477598424));
#8464 = DIRECTION('',(-1.,1.110223024625E-16,0.));
#8465 = DIRECTION('',(0.,0.,1.));
#8466 = ADVANCED_FACE('',(#8467),#8485,.T.);
#8467 = FACE_BOUND('',#8468,.T.);
#8468 = EDGE_LOOP('',(#8469,#8477,#8483,#8484));
#8469 = ORIENTED_EDGE('',*,*,#8470,.T.);
#8470 = EDGE_CURVE('',#8447,#8471,#8473,.T.);
#8471 = VERTEX_POINT('',#8472);
#8472 = CARTESIAN_POINT('',(0.1,0.25,7.35));
#8473 = LINE('',#8474,#8475);
#8474 = CARTESIAN_POINT('',(-0.1,0.25,7.35));
#8475 = VECTOR('',#8476,1.);
#8476 = DIRECTION('',(1.,-1.110223024625E-16,0.));
#8477 = ORIENTED_EDGE('',*,*,#8478,.T.);
#8478 = EDGE_CURVE('',#8471,#7451,#8479,.T.);
#8479 = LINE('',#8480,#8481);
#8480 = CARTESIAN_POINT('',(0.1,0.25,7.35));
#8481 = VECTOR('',#8482,1.);
#8482 = DIRECTION('',(7.850462293414E-17,0.707106781187,0.707106781187)
  );
#8483 = ORIENTED_EDGE('',*,*,#7458,.F.);
#8484 = ORIENTED_EDGE('',*,*,#8454,.F.);
#8485 = PLANE('',#8486);
#8486 = AXIS2_PLACEMENT_3D('',#8487,#8488,#8489);
#8487 = CARTESIAN_POINT('',(-0.1,0.25,7.35));
#8488 = DIRECTION('',(-7.850462293414E-17,-0.707106781187,0.707106781187
    ));
#8489 = DIRECTION('',(7.850462293414E-17,0.707106781187,0.707106781187)
  );
#8490 = ADVANCED_FACE('',(#8491),#8527,.F.);
#8491 = FACE_BOUND('',#8492,.F.);
#8492 = EDGE_LOOP('',(#8493,#8494,#8502,#8510,#8518,#8524,#8525,#8526));
#8493 = ORIENTED_EDGE('',*,*,#7546,.F.);
#8494 = ORIENTED_EDGE('',*,*,#8495,.T.);
#8495 = EDGE_CURVE('',#7539,#8496,#8498,.T.);
#8496 = VERTEX_POINT('',#8497);
#8497 = CARTESIAN_POINT('',(0.1,-0.25,7.35));
#8498 = LINE('',#8499,#8500);
#8499 = CARTESIAN_POINT('',(0.1,-0.3,7.4));
#8500 = VECTOR('',#8501,1.);
#8501 = DIRECTION('',(7.850462293414E-17,0.707106781187,-0.707106781187)
  );
#8502 = ORIENTED_EDGE('',*,*,#8503,.T.);
#8503 = EDGE_CURVE('',#8496,#8504,#8506,.T.);
#8504 = VERTEX_POINT('',#8505);
#8505 = CARTESIAN_POINT('',(0.1,-0.25,1.25));
#8506 = LINE('',#8507,#8508);
#8507 = CARTESIAN_POINT('',(0.1,-0.25,7.35));
#8508 = VECTOR('',#8509,1.);
#8509 = DIRECTION('',(0.,0.,-1.));
#8510 = ORIENTED_EDGE('',*,*,#8511,.T.);
#8511 = EDGE_CURVE('',#8504,#8512,#8514,.T.);
#8512 = VERTEX_POINT('',#8513);
#8513 = CARTESIAN_POINT('',(0.1,0.25,1.25));
#8514 = LINE('',#8515,#8516);
#8515 = CARTESIAN_POINT('',(0.1,-0.25,1.25));
#8516 = VECTOR('',#8517,1.);
#8517 = DIRECTION('',(1.110223024625E-16,1.,0.));
#8518 = ORIENTED_EDGE('',*,*,#8519,.T.);
#8519 = EDGE_CURVE('',#8512,#8471,#8520,.T.);
#8520 = LINE('',#8521,#8522);
#8521 = CARTESIAN_POINT('',(0.1,0.25,1.25));
#8522 = VECTOR('',#8523,1.);
#8523 = DIRECTION('',(0.,0.,1.));
#8524 = ORIENTED_EDGE('',*,*,#8478,.T.);
#8525 = ORIENTED_EDGE('',*,*,#7450,.F.);
#8526 = ORIENTED_EDGE('',*,*,#8390,.T.);
#8527 = PLANE('',#8528);
#8528 = AXIS2_PLACEMENT_3D('',#8529,#8530,#8531);
#8529 = CARTESIAN_POINT('',(0.1,-1.110223024625E-17,3.911477598424));
#8530 = DIRECTION('',(-1.,1.110223024625E-16,0.));
#8531 = DIRECTION('',(0.,0.,1.));
#8532 = ADVANCED_FACE('',(#8533),#8544,.T.);
#8533 = FACE_BOUND('',#8534,.T.);
#8534 = EDGE_LOOP('',(#8535,#8536,#8537,#8543));
#8535 = ORIENTED_EDGE('',*,*,#7538,.T.);
#8536 = ORIENTED_EDGE('',*,*,#8495,.T.);
#8537 = ORIENTED_EDGE('',*,*,#8538,.F.);
#8538 = EDGE_CURVE('',#8423,#8496,#8539,.T.);
#8539 = LINE('',#8540,#8541);
#8540 = CARTESIAN_POINT('',(-0.1,-0.25,7.35));
#8541 = VECTOR('',#8542,1.);
#8542 = DIRECTION('',(1.,-1.110223024625E-16,0.));
#8543 = ORIENTED_EDGE('',*,*,#8422,.F.);
#8544 = PLANE('',#8545);
#8545 = AXIS2_PLACEMENT_3D('',#8546,#8547,#8548);
#8546 = CARTESIAN_POINT('',(-0.1,-0.3,7.4));
#8547 = DIRECTION('',(7.850462293414E-17,0.707106781187,0.707106781187)
  );
#8548 = DIRECTION('',(7.850462293414E-17,0.707106781187,-0.707106781187)
  );
#8549 = ADVANCED_FACE('',(#8550),#8561,.T.);
#8550 = FACE_BOUND('',#8551,.T.);
#8551 = EDGE_LOOP('',(#8552,#8558,#8559,#8560));
#8552 = ORIENTED_EDGE('',*,*,#8553,.T.);
#8553 = EDGE_CURVE('',#7941,#8014,#8554,.T.);
#8554 = LINE('',#8555,#8556);
#8555 = CARTESIAN_POINT('',(-0.1,-7.37,1.25));
#8556 = VECTOR('',#8557,1.);
#8557 = DIRECTION('',(1.,-1.110223024625E-16,0.));
#8558 = ORIENTED_EDGE('',*,*,#8021,.T.);
#8559 = ORIENTED_EDGE('',*,*,#7972,.F.);
#8560 = ORIENTED_EDGE('',*,*,#7948,.F.);
#8561 = PLANE('',#8562);
#8562 = AXIS2_PLACEMENT_3D('',#8563,#8564,#8565);
#8563 = CARTESIAN_POINT('',(-0.1,-7.37,1.25));
#8564 = DIRECTION('',(-1.110223024625E-16,-1.,0.));
#8565 = DIRECTION('',(0.,0.,1.));
#8566 = ADVANCED_FACE('',(#8567),#8578,.T.);
#8567 = FACE_BOUND('',#8568,.T.);
#8568 = EDGE_LOOP('',(#8569,#8575,#8576,#8577));
#8569 = ORIENTED_EDGE('',*,*,#8570,.T.);
#8570 = EDGE_CURVE('',#7933,#8006,#8571,.T.);
#8571 = LINE('',#8572,#8573);
#8572 = CARTESIAN_POINT('',(-0.1,-7.87,1.25));
#8573 = VECTOR('',#8574,1.);
#8574 = DIRECTION('',(1.,-1.110223024625E-16,0.));
#8575 = ORIENTED_EDGE('',*,*,#8013,.T.);
#8576 = ORIENTED_EDGE('',*,*,#8553,.F.);
#8577 = ORIENTED_EDGE('',*,*,#7940,.F.);
#8578 = PLANE('',#8579);
#8579 = AXIS2_PLACEMENT_3D('',#8580,#8581,#8582);
#8580 = CARTESIAN_POINT('',(-0.1,-7.87,1.25));
#8581 = DIRECTION('',(0.,0.,1.));
#8582 = DIRECTION('',(1.110223024625E-16,1.,-0.));
#8583 = ADVANCED_FACE('',(#8584),#8590,.T.);
#8584 = FACE_BOUND('',#8585,.T.);
#8585 = EDGE_LOOP('',(#8586,#8587,#8588,#8589));
#8586 = ORIENTED_EDGE('',*,*,#8040,.T.);
#8587 = ORIENTED_EDGE('',*,*,#8005,.T.);
#8588 = ORIENTED_EDGE('',*,*,#8570,.F.);
#8589 = ORIENTED_EDGE('',*,*,#7932,.F.);
#8590 = PLANE('',#8591);
#8591 = AXIS2_PLACEMENT_3D('',#8592,#8593,#8594);
#8592 = CARTESIAN_POINT('',(-0.1,-7.87,7.35));
#8593 = DIRECTION('',(1.110223024625E-16,1.,0.));
#8594 = DIRECTION('',(0.,0.,-1.));
#8595 = ADVANCED_FACE('',(#8596),#8607,.T.);
#8596 = FACE_BOUND('',#8597,.T.);
#8597 = EDGE_LOOP('',(#8598,#8604,#8605,#8606));
#8598 = ORIENTED_EDGE('',*,*,#8599,.T.);
#8599 = EDGE_CURVE('',#8107,#8180,#8600,.T.);
#8600 = LINE('',#8601,#8602);
#8601 = CARTESIAN_POINT('',(-0.1,-4.83,1.25));
#8602 = VECTOR('',#8603,1.);
#8603 = DIRECTION('',(1.,-1.110223024625E-16,0.));
#8604 = ORIENTED_EDGE('',*,*,#8187,.T.);
#8605 = ORIENTED_EDGE('',*,*,#8138,.F.);
#8606 = ORIENTED_EDGE('',*,*,#8114,.F.);
#8607 = PLANE('',#8608);
#8608 = AXIS2_PLACEMENT_3D('',#8609,#8610,#8611);
#8609 = CARTESIAN_POINT('',(-0.1,-4.83,1.25));
#8610 = DIRECTION('',(-1.110223024625E-16,-1.,0.));
#8611 = DIRECTION('',(0.,0.,1.));
#8612 = ADVANCED_FACE('',(#8613),#8624,.T.);
#8613 = FACE_BOUND('',#8614,.T.);
#8614 = EDGE_LOOP('',(#8615,#8621,#8622,#8623));
#8615 = ORIENTED_EDGE('',*,*,#8616,.T.);
#8616 = EDGE_CURVE('',#8099,#8172,#8617,.T.);
#8617 = LINE('',#8618,#8619);
#8618 = CARTESIAN_POINT('',(-0.1,-5.33,1.25));
#8619 = VECTOR('',#8620,1.);
#8620 = DIRECTION('',(1.,-1.110223024625E-16,0.));
#8621 = ORIENTED_EDGE('',*,*,#8179,.T.);
#8622 = ORIENTED_EDGE('',*,*,#8599,.F.);
#8623 = ORIENTED_EDGE('',*,*,#8106,.F.);
#8624 = PLANE('',#8625);
#8625 = AXIS2_PLACEMENT_3D('',#8626,#8627,#8628);
#8626 = CARTESIAN_POINT('',(-0.1,-5.33,1.25));
#8627 = DIRECTION('',(0.,0.,1.));
#8628 = DIRECTION('',(1.110223024625E-16,1.,-0.));
#8629 = ADVANCED_FACE('',(#8630),#8636,.T.);
#8630 = FACE_BOUND('',#8631,.T.);
#8631 = EDGE_LOOP('',(#8632,#8633,#8634,#8635));
#8632 = ORIENTED_EDGE('',*,*,#8206,.T.);
#8633 = ORIENTED_EDGE('',*,*,#8171,.T.);
#8634 = ORIENTED_EDGE('',*,*,#8616,.F.);
#8635 = ORIENTED_EDGE('',*,*,#8098,.F.);
#8636 = PLANE('',#8637);
#8637 = AXIS2_PLACEMENT_3D('',#8638,#8639,#8640);
#8638 = CARTESIAN_POINT('',(-0.1,-5.33,7.35));
#8639 = DIRECTION('',(1.110223024625E-16,1.,0.));
#8640 = DIRECTION('',(0.,0.,-1.));
#8641 = ADVANCED_FACE('',(#8642),#8653,.T.);
#8642 = FACE_BOUND('',#8643,.T.);
#8643 = EDGE_LOOP('',(#8644,#8650,#8651,#8652));
#8644 = ORIENTED_EDGE('',*,*,#8645,.T.);
#8645 = EDGE_CURVE('',#8273,#8346,#8646,.T.);
#8646 = LINE('',#8647,#8648);
#8647 = CARTESIAN_POINT('',(-0.1,-2.29,1.25));
#8648 = VECTOR('',#8649,1.);
#8649 = DIRECTION('',(1.,-1.110223024625E-16,0.));
#8650 = ORIENTED_EDGE('',*,*,#8353,.T.);
#8651 = ORIENTED_EDGE('',*,*,#8304,.F.);
#8652 = ORIENTED_EDGE('',*,*,#8280,.F.);
#8653 = PLANE('',#8654);
#8654 = AXIS2_PLACEMENT_3D('',#8655,#8656,#8657);
#8655 = CARTESIAN_POINT('',(-0.1,-2.29,1.25));
#8656 = DIRECTION('',(-1.110223024625E-16,-1.,0.));
#8657 = DIRECTION('',(0.,0.,1.));
#8658 = ADVANCED_FACE('',(#8659),#8670,.T.);
#8659 = FACE_BOUND('',#8660,.T.);
#8660 = EDGE_LOOP('',(#8661,#8667,#8668,#8669));
#8661 = ORIENTED_EDGE('',*,*,#8662,.T.);
#8662 = EDGE_CURVE('',#8265,#8338,#8663,.T.);
#8663 = LINE('',#8664,#8665);
#8664 = CARTESIAN_POINT('',(-0.1,-2.79,1.25));
#8665 = VECTOR('',#8666,1.);
#8666 = DIRECTION('',(1.,-1.110223024625E-16,0.));
#8667 = ORIENTED_EDGE('',*,*,#8345,.T.);
#8668 = ORIENTED_EDGE('',*,*,#8645,.F.);
#8669 = ORIENTED_EDGE('',*,*,#8272,.F.);
#8670 = PLANE('',#8671);
#8671 = AXIS2_PLACEMENT_3D('',#8672,#8673,#8674);
#8672 = CARTESIAN_POINT('',(-0.1,-2.79,1.25));
#8673 = DIRECTION('',(0.,0.,1.));
#8674 = DIRECTION('',(1.110223024625E-16,1.,-0.));
#8675 = ADVANCED_FACE('',(#8676),#8682,.T.);
#8676 = FACE_BOUND('',#8677,.T.);
#8677 = EDGE_LOOP('',(#8678,#8679,#8680,#8681));
#8678 = ORIENTED_EDGE('',*,*,#8372,.T.);
#8679 = ORIENTED_EDGE('',*,*,#8337,.T.);
#8680 = ORIENTED_EDGE('',*,*,#8662,.F.);
#8681 = ORIENTED_EDGE('',*,*,#8264,.F.);
#8682 = PLANE('',#8683);
#8683 = AXIS2_PLACEMENT_3D('',#8684,#8685,#8686);
#8684 = CARTESIAN_POINT('',(-0.1,-2.79,7.35));
#8685 = DIRECTION('',(1.110223024625E-16,1.,0.));
#8686 = DIRECTION('',(0.,0.,-1.));
#8687 = ADVANCED_FACE('',(#8688),#8699,.T.);
#8688 = FACE_BOUND('',#8689,.T.);
#8689 = EDGE_LOOP('',(#8690,#8696,#8697,#8698));
#8690 = ORIENTED_EDGE('',*,*,#8691,.T.);
#8691 = EDGE_CURVE('',#8439,#8512,#8692,.T.);
#8692 = LINE('',#8693,#8694);
#8693 = CARTESIAN_POINT('',(-0.1,0.25,1.25));
#8694 = VECTOR('',#8695,1.);
#8695 = DIRECTION('',(1.,-1.110223024625E-16,0.));
#8696 = ORIENTED_EDGE('',*,*,#8519,.T.);
#8697 = ORIENTED_EDGE('',*,*,#8470,.F.);
#8698 = ORIENTED_EDGE('',*,*,#8446,.F.);
#8699 = PLANE('',#8700);
#8700 = AXIS2_PLACEMENT_3D('',#8701,#8702,#8703);
#8701 = CARTESIAN_POINT('',(-0.1,0.25,1.25));
#8702 = DIRECTION('',(-1.110223024625E-16,-1.,0.));
#8703 = DIRECTION('',(0.,0.,1.));
#8704 = ADVANCED_FACE('',(#8705),#8716,.T.);
#8705 = FACE_BOUND('',#8706,.T.);
#8706 = EDGE_LOOP('',(#8707,#8713,#8714,#8715));
#8707 = ORIENTED_EDGE('',*,*,#8708,.T.);
#8708 = EDGE_CURVE('',#8431,#8504,#8709,.T.);
#8709 = LINE('',#8710,#8711);
#8710 = CARTESIAN_POINT('',(-0.1,-0.25,1.25));
#8711 = VECTOR('',#8712,1.);
#8712 = DIRECTION('',(1.,-1.110223024625E-16,0.));
#8713 = ORIENTED_EDGE('',*,*,#8511,.T.);
#8714 = ORIENTED_EDGE('',*,*,#8691,.F.);
#8715 = ORIENTED_EDGE('',*,*,#8438,.F.);
#8716 = PLANE('',#8717);
#8717 = AXIS2_PLACEMENT_3D('',#8718,#8719,#8720);
#8718 = CARTESIAN_POINT('',(-0.1,-0.25,1.25));
#8719 = DIRECTION('',(0.,0.,1.));
#8720 = DIRECTION('',(1.110223024625E-16,1.,-0.));
#8721 = ADVANCED_FACE('',(#8722),#8728,.T.);
#8722 = FACE_BOUND('',#8723,.T.);
#8723 = EDGE_LOOP('',(#8724,#8725,#8726,#8727));
#8724 = ORIENTED_EDGE('',*,*,#8538,.T.);
#8725 = ORIENTED_EDGE('',*,*,#8503,.T.);
#8726 = ORIENTED_EDGE('',*,*,#8708,.F.);
#8727 = ORIENTED_EDGE('',*,*,#8430,.F.);
#8728 = PLANE('',#8729);
#8729 = AXIS2_PLACEMENT_3D('',#8730,#8731,#8732);
#8730 = CARTESIAN_POINT('',(-0.1,-0.25,7.35));
#8731 = DIRECTION('',(1.110223024625E-16,1.,0.));
#8732 = DIRECTION('',(0.,0.,-1.));
#8733 = ( GEOMETRIC_REPRESENTATION_CONTEXT(3) 
GLOBAL_UNCERTAINTY_ASSIGNED_CONTEXT((#8737)) 
GLOBAL_UNIT_ASSIGNED_CONTEXT((#8734,#8735,#8736)) REPRESENTATION_CONTEXT
('Context #1','3D Context with UNIT and UNCERTAINTY') );
#8734 = ( LENGTH_UNIT() NAMED_UNIT(*) SI_UNIT(.MILLI.,.METRE.) );
#8735 = ( NAMED_UNIT(*) PLANE_ANGLE_UNIT() SI_UNIT($,.RADIAN.) );
#8736 = ( NAMED_UNIT(*) SI_UNIT($,.STERADIAN.) SOLID_ANGLE_UNIT() );
#8737 = UNCERTAINTY_MEASURE_WITH_UNIT(LENGTH_MEASURE(1.E-07),#8734,
  'distance_accuracy_value','confusion accuracy');
#8738 = CONTEXT_DEPENDENT_SHAPE_REPRESENTATION(#8739,#8741);
#8739 = ( REPRESENTATION_RELATIONSHIP('','',#5346,#10) 
REPRESENTATION_RELATIONSHIP_WITH_TRANSFORMATION(#8740) 
SHAPE_REPRESENTATION_RELATIONSHIP() );
#8740 = ITEM_DEFINED_TRANSFORMATION('','',#11,#75);
#8741 = PRODUCT_DEFINITION_SHAPE('Placement','Placement of an item',
  #8742);
#8742 = NEXT_ASSEMBLY_USAGE_OCCURRENCE('16','J1','',#5,#5341,$);
#8743 = PRODUCT_RELATED_PRODUCT_CATEGORY('part',$,(#5343));
#8744 = SHAPE_DEFINITION_REPRESENTATION(#8745,#8751);
#8745 = PRODUCT_DEFINITION_SHAPE('','',#8746);
#8746 = PRODUCT_DEFINITION('design','',#8747,#8750);
#8747 = PRODUCT_DEFINITION_FORMATION('','',#8748);
#8748 = PRODUCT('Power_Board_PCB','Power_Board_PCB','',(#8749));
#8749 = PRODUCT_CONTEXT('',#2,'mechanical');
#8750 = PRODUCT_DEFINITION_CONTEXT('part definition',#2,'design');
#8751 = ADVANCED_BREP_SHAPE_REPRESENTATION('',(#11,#8752),#9136);
#8752 = MANIFOLD_SOLID_BREP('',#8753);
#8753 = CLOSED_SHELL('',(#8754,#8794,#8825,#8856,#8939,#9022,#9034,#9051
    ,#9068,#9085,#9102,#9119));
#8754 = ADVANCED_FACE('',(#8755),#8789,.T.);
#8755 = FACE_BOUND('',#8756,.T.);
#8756 = EDGE_LOOP('',(#8757,#8767,#8775,#8783));
#8757 = ORIENTED_EDGE('',*,*,#8758,.T.);
#8758 = EDGE_CURVE('',#8759,#8761,#8763,.T.);
#8759 = VERTEX_POINT('',#8760);
#8760 = CARTESIAN_POINT('',(86.36,-78.74,0.));
#8761 = VERTEX_POINT('',#8762);
#8762 = CARTESIAN_POINT('',(86.36,-78.74,1.51));
#8763 = LINE('',#8764,#8765);
#8764 = CARTESIAN_POINT('',(86.36,-78.74,0.));
#8765 = VECTOR('',#8766,1.);
#8766 = DIRECTION('',(0.,0.,1.));
#8767 = ORIENTED_EDGE('',*,*,#8768,.T.);
#8768 = EDGE_CURVE('',#8761,#8769,#8771,.T.);
#8769 = VERTEX_POINT('',#8770);
#8770 = CARTESIAN_POINT('',(45.72,-78.74,1.51));
#8771 = LINE('',#8772,#8773);
#8772 = CARTESIAN_POINT('',(86.36,-78.74,1.51));
#8773 = VECTOR('',#8774,1.);
#8774 = DIRECTION('',(-1.,0.,0.));
#8775 = ORIENTED_EDGE('',*,*,#8776,.F.);
#8776 = EDGE_CURVE('',#8777,#8769,#8779,.T.);
#8777 = VERTEX_POINT('',#8778);
#8778 = CARTESIAN_POINT('',(45.72,-78.74,0.));
#8779 = LINE('',#8780,#8781);
#8780 = CARTESIAN_POINT('',(45.72,-78.74,0.));
#8781 = VECTOR('',#8782,1.);
#8782 = DIRECTION('',(0.,0.,1.));
#8783 = ORIENTED_EDGE('',*,*,#8784,.F.);
#8784 = EDGE_CURVE('',#8759,#8777,#8785,.T.);
#8785 = LINE('',#8786,#8787);
#8786 = CARTESIAN_POINT('',(86.36,-78.74,0.));
#8787 = VECTOR('',#8788,1.);
#8788 = DIRECTION('',(-1.,0.,0.));
#8789 = PLANE('',#8790);
#8790 = AXIS2_PLACEMENT_3D('',#8791,#8792,#8793);
#8791 = CARTESIAN_POINT('',(86.36,-78.74,0.));
#8792 = DIRECTION('',(0.,-1.,0.));
#8793 = DIRECTION('',(-1.,0.,0.));
#8794 = ADVANCED_FACE('',(#8795),#8820,.T.);
#8795 = FACE_BOUND('',#8796,.T.);
#8796 = EDGE_LOOP('',(#8797,#8807,#8813,#8814));
#8797 = ORIENTED_EDGE('',*,*,#8798,.T.);
#8798 = EDGE_CURVE('',#8799,#8801,#8803,.T.);
#8799 = VERTEX_POINT('',#8800);
#8800 = CARTESIAN_POINT('',(86.36,-64.77,0.));
#8801 = VERTEX_POINT('',#8802);
#8802 = CARTESIAN_POINT('',(86.36,-64.77,1.51));
#8803 = LINE('',#8804,#8805);
#8804 = CARTESIAN_POINT('',(86.36,-64.77,0.));
#8805 = VECTOR('',#8806,1.);
#8806 = DIRECTION('',(0.,0.,1.));
#8807 = ORIENTED_EDGE('',*,*,#8808,.T.);
#8808 = EDGE_CURVE('',#8801,#8761,#8809,.T.);
#8809 = LINE('',#8810,#8811);
#8810 = CARTESIAN_POINT('',(86.36,-64.77,1.51));
#8811 = VECTOR('',#8812,1.);
#8812 = DIRECTION('',(0.,-1.,0.));
#8813 = ORIENTED_EDGE('',*,*,#8758,.F.);
#8814 = ORIENTED_EDGE('',*,*,#8815,.F.);
#8815 = EDGE_CURVE('',#8799,#8759,#8816,.T.);
#8816 = LINE('',#8817,#8818);
#8817 = CARTESIAN_POINT('',(86.36,-64.77,0.));
#8818 = VECTOR('',#8819,1.);
#8819 = DIRECTION('',(0.,-1.,0.));
#8820 = PLANE('',#8821);
#8821 = AXIS2_PLACEMENT_3D('',#8822,#8823,#8824);
#8822 = CARTESIAN_POINT('',(86.36,-64.77,0.));
#8823 = DIRECTION('',(1.,0.,-0.));
#8824 = DIRECTION('',(0.,-1.,0.));
#8825 = ADVANCED_FACE('',(#8826),#8851,.T.);
#8826 = FACE_BOUND('',#8827,.T.);
#8827 = EDGE_LOOP('',(#8828,#8829,#8837,#8845));
#8828 = ORIENTED_EDGE('',*,*,#8776,.T.);
#8829 = ORIENTED_EDGE('',*,*,#8830,.T.);
#8830 = EDGE_CURVE('',#8769,#8831,#8833,.T.);
#8831 = VERTEX_POINT('',#8832);
#8832 = CARTESIAN_POINT('',(45.72,-64.77,1.51));
#8833 = LINE('',#8834,#8835);
#8834 = CARTESIAN_POINT('',(45.72,-78.74,1.51));
#8835 = VECTOR('',#8836,1.);
#8836 = DIRECTION('',(0.,1.,0.));
#8837 = ORIENTED_EDGE('',*,*,#8838,.F.);
#8838 = EDGE_CURVE('',#8839,#8831,#8841,.T.);
#8839 = VERTEX_POINT('',#8840);
#8840 = CARTESIAN_POINT('',(45.72,-64.77,0.));
#8841 = LINE('',#8842,#8843);
#8842 = CARTESIAN_POINT('',(45.72,-64.77,0.));
#8843 = VECTOR('',#8844,1.);
#8844 = DIRECTION('',(0.,0.,1.));
#8845 = ORIENTED_EDGE('',*,*,#8846,.F.);
#8846 = EDGE_CURVE('',#8777,#8839,#8847,.T.);
#8847 = LINE('',#8848,#8849);
#8848 = CARTESIAN_POINT('',(45.72,-78.74,0.));
#8849 = VECTOR('',#8850,1.);
#8850 = DIRECTION('',(0.,1.,0.));
#8851 = PLANE('',#8852);
#8852 = AXIS2_PLACEMENT_3D('',#8853,#8854,#8855);
#8853 = CARTESIAN_POINT('',(45.72,-78.74,0.));
#8854 = DIRECTION('',(-1.,0.,0.));
#8855 = DIRECTION('',(0.,1.,0.));
#8856 = ADVANCED_FACE('',(#8857,#8868,#8879,#8890,#8901,#8912,#8923),
  #8934,.F.);
#8857 = FACE_BOUND('',#8858,.F.);
#8858 = EDGE_LOOP('',(#8859,#8860,#8861,#8867));
#8859 = ORIENTED_EDGE('',*,*,#8784,.F.);
#8860 = ORIENTED_EDGE('',*,*,#8815,.F.);
#8861 = ORIENTED_EDGE('',*,*,#8862,.F.);
#8862 = EDGE_CURVE('',#8839,#8799,#8863,.T.);
#8863 = LINE('',#8864,#8865);
#8864 = CARTESIAN_POINT('',(45.72,-64.77,0.));
#8865 = VECTOR('',#8866,1.);
#8866 = DIRECTION('',(1.,0.,0.));
#8867 = ORIENTED_EDGE('',*,*,#8846,.F.);
#8868 = FACE_BOUND('',#8869,.F.);
#8869 = EDGE_LOOP('',(#8870));
#8870 = ORIENTED_EDGE('',*,*,#8871,.T.);
#8871 = EDGE_CURVE('',#8872,#8872,#8874,.T.);
#8872 = VERTEX_POINT('',#8873);
#8873 = CARTESIAN_POINT('',(52.5,-73.73,0.));
#8874 = CIRCLE('',#8875,0.65);
#8875 = AXIS2_PLACEMENT_3D('',#8876,#8877,#8878);
#8876 = CARTESIAN_POINT('',(52.5,-73.08,0.));
#8877 = DIRECTION('',(-0.,0.,-1.));
#8878 = DIRECTION('',(-0.,-1.,0.));
#8879 = FACE_BOUND('',#8880,.F.);
#8880 = EDGE_LOOP('',(#8881));
#8881 = ORIENTED_EDGE('',*,*,#8882,.T.);
#8882 = EDGE_CURVE('',#8883,#8883,#8885,.T.);
#8883 = VERTEX_POINT('',#8884);
#8884 = CARTESIAN_POINT('',(82.804,-75.176,0.));
#8885 = CIRCLE('',#8886,0.5);
#8886 = AXIS2_PLACEMENT_3D('',#8887,#8888,#8889);
#8887 = CARTESIAN_POINT('',(82.804,-74.676,0.));
#8888 = DIRECTION('',(-0.,0.,-1.));
#8889 = DIRECTION('',(-0.,-1.,0.));
#8890 = FACE_BOUND('',#8891,.F.);
#8891 = EDGE_LOOP('',(#8892));
#8892 = ORIENTED_EDGE('',*,*,#8893,.T.);
#8893 = EDGE_CURVE('',#8894,#8894,#8896,.T.);
#8894 = VERTEX_POINT('',#8895);
#8895 = CARTESIAN_POINT('',(82.804,-72.636,0.));
#8896 = CIRCLE('',#8897,0.5);
#8897 = AXIS2_PLACEMENT_3D('',#8898,#8899,#8900);
#8898 = CARTESIAN_POINT('',(82.804,-72.136,0.));
#8899 = DIRECTION('',(-0.,0.,-1.));
#8900 = DIRECTION('',(-0.,-1.,0.));
#8901 = FACE_BOUND('',#8902,.F.);
#8902 = EDGE_LOOP('',(#8903));
#8903 = ORIENTED_EDGE('',*,*,#8904,.T.);
#8904 = EDGE_CURVE('',#8905,#8905,#8907,.T.);
#8905 = VERTEX_POINT('',#8906);
#8906 = CARTESIAN_POINT('',(52.5,-68.65,0.));
#8907 = CIRCLE('',#8908,0.65);
#8908 = AXIS2_PLACEMENT_3D('',#8909,#8910,#8911);
#8909 = CARTESIAN_POINT('',(52.5,-68.,0.));
#8910 = DIRECTION('',(-0.,0.,-1.));
#8911 = DIRECTION('',(-0.,-1.,0.));
#8912 = FACE_BOUND('',#8913,.F.);
#8913 = EDGE_LOOP('',(#8914));
#8914 = ORIENTED_EDGE('',*,*,#8915,.T.);
#8915 = EDGE_CURVE('',#8916,#8916,#8918,.T.);
#8916 = VERTEX_POINT('',#8917);
#8917 = CARTESIAN_POINT('',(82.804,-70.096,0.));
#8918 = CIRCLE('',#8919,0.5);
#8919 = AXIS2_PLACEMENT_3D('',#8920,#8921,#8922);
#8920 = CARTESIAN_POINT('',(82.804,-69.596,0.));
#8921 = DIRECTION('',(-0.,0.,-1.));
#8922 = DIRECTION('',(-0.,-1.,0.));
#8923 = FACE_BOUND('',#8924,.F.);
#8924 = EDGE_LOOP('',(#8925));
#8925 = ORIENTED_EDGE('',*,*,#8926,.T.);
#8926 = EDGE_CURVE('',#8927,#8927,#8929,.T.);
#8927 = VERTEX_POINT('',#8928);
#8928 = CARTESIAN_POINT('',(82.804,-67.556,0.));
#8929 = CIRCLE('',#8930,0.5);
#8930 = AXIS2_PLACEMENT_3D('',#8931,#8932,#8933);
#8931 = CARTESIAN_POINT('',(82.804,-67.056,0.));
#8932 = DIRECTION('',(-0.,0.,-1.));
#8933 = DIRECTION('',(-0.,-1.,0.));
#8934 = PLANE('',#8935);
#8935 = AXIS2_PLACEMENT_3D('',#8936,#8937,#8938);
#8936 = CARTESIAN_POINT('',(0.,0.,0.));
#8937 = DIRECTION('',(0.,0.,1.));
#8938 = DIRECTION('',(1.,0.,-0.));
#8939 = ADVANCED_FACE('',(#8940,#8951,#8962,#8973,#8984,#8995,#9006),
  #9017,.T.);
#8940 = FACE_BOUND('',#8941,.T.);
#8941 = EDGE_LOOP('',(#8942,#8943,#8944,#8950));
#8942 = ORIENTED_EDGE('',*,*,#8768,.F.);
#8943 = ORIENTED_EDGE('',*,*,#8808,.F.);
#8944 = ORIENTED_EDGE('',*,*,#8945,.F.);
#8945 = EDGE_CURVE('',#8831,#8801,#8946,.T.);
#8946 = LINE('',#8947,#8948);
#8947 = CARTESIAN_POINT('',(45.72,-64.77,1.51));
#8948 = VECTOR('',#8949,1.);
#8949 = DIRECTION('',(1.,0.,0.));
#8950 = ORIENTED_EDGE('',*,*,#8830,.F.);
#8951 = FACE_BOUND('',#8952,.T.);
#8952 = EDGE_LOOP('',(#8953));
#8953 = ORIENTED_EDGE('',*,*,#8954,.T.);
#8954 = EDGE_CURVE('',#8955,#8955,#8957,.T.);
#8955 = VERTEX_POINT('',#8956);
#8956 = CARTESIAN_POINT('',(52.5,-73.73,1.51));
#8957 = CIRCLE('',#8958,0.65);
#8958 = AXIS2_PLACEMENT_3D('',#8959,#8960,#8961);
#8959 = CARTESIAN_POINT('',(52.5,-73.08,1.51));
#8960 = DIRECTION('',(-0.,0.,-1.));
#8961 = DIRECTION('',(-0.,-1.,0.));
#8962 = FACE_BOUND('',#8963,.T.);
#8963 = EDGE_LOOP('',(#8964));
#8964 = ORIENTED_EDGE('',*,*,#8965,.T.);
#8965 = EDGE_CURVE('',#8966,#8966,#8968,.T.);
#8966 = VERTEX_POINT('',#8967);
#8967 = CARTESIAN_POINT('',(82.804,-75.176,1.51));
#8968 = CIRCLE('',#8969,0.5);
#8969 = AXIS2_PLACEMENT_3D('',#8970,#8971,#8972);
#8970 = CARTESIAN_POINT('',(82.804,-74.676,1.51));
#8971 = DIRECTION('',(-0.,0.,-1.));
#8972 = DIRECTION('',(-0.,-1.,0.));
#8973 = FACE_BOUND('',#8974,.T.);
#8974 = EDGE_LOOP('',(#8975));
#8975 = ORIENTED_EDGE('',*,*,#8976,.T.);
#8976 = EDGE_CURVE('',#8977,#8977,#8979,.T.);
#8977 = VERTEX_POINT('',#8978);
#8978 = CARTESIAN_POINT('',(82.804,-72.636,1.51));
#8979 = CIRCLE('',#8980,0.5);
#8980 = AXIS2_PLACEMENT_3D('',#8981,#8982,#8983);
#8981 = CARTESIAN_POINT('',(82.804,-72.136,1.51));
#8982 = DIRECTION('',(-0.,0.,-1.));
#8983 = DIRECTION('',(-0.,-1.,0.));
#8984 = FACE_BOUND('',#8985,.T.);
#8985 = EDGE_LOOP('',(#8986));
#8986 = ORIENTED_EDGE('',*,*,#8987,.T.);
#8987 = EDGE_CURVE('',#8988,#8988,#8990,.T.);
#8988 = VERTEX_POINT('',#8989);
#8989 = CARTESIAN_POINT('',(52.5,-68.65,1.51));
#8990 = CIRCLE('',#8991,0.65);
#8991 = AXIS2_PLACEMENT_3D('',#8992,#8993,#8994);
#8992 = CARTESIAN_POINT('',(52.5,-68.,1.51));
#8993 = DIRECTION('',(-0.,0.,-1.));
#8994 = DIRECTION('',(-0.,-1.,0.));
#8995 = FACE_BOUND('',#8996,.T.);
#8996 = EDGE_LOOP('',(#8997));
#8997 = ORIENTED_EDGE('',*,*,#8998,.T.);
#8998 = EDGE_CURVE('',#8999,#8999,#9001,.T.);
#8999 = VERTEX_POINT('',#9000);
#9000 = CARTESIAN_POINT('',(82.804,-70.096,1.51));
#9001 = CIRCLE('',#9002,0.5);
#9002 = AXIS2_PLACEMENT_3D('',#9003,#9004,#9005);
#9003 = CARTESIAN_POINT('',(82.804,-69.596,1.51));
#9004 = DIRECTION('',(-0.,0.,-1.));
#9005 = DIRECTION('',(-0.,-1.,0.));
#9006 = FACE_BOUND('',#9007,.T.);
#9007 = EDGE_LOOP('',(#9008));
#9008 = ORIENTED_EDGE('',*,*,#9009,.T.);
#9009 = EDGE_CURVE('',#9010,#9010,#9012,.T.);
#9010 = VERTEX_POINT('',#9011);
#9011 = CARTESIAN_POINT('',(82.804,-67.556,1.51));
#9012 = CIRCLE('',#9013,0.5);
#9013 = AXIS2_PLACEMENT_3D('',#9014,#9015,#9016);
#9014 = CARTESIAN_POINT('',(82.804,-67.056,1.51));
#9015 = DIRECTION('',(-0.,0.,-1.));
#9016 = DIRECTION('',(-0.,-1.,0.));
#9017 = PLANE('',#9018);
#9018 = AXIS2_PLACEMENT_3D('',#9019,#9020,#9021);
#9019 = CARTESIAN_POINT('',(0.,0.,1.51));
#9020 = DIRECTION('',(0.,0.,1.));
#9021 = DIRECTION('',(1.,0.,-0.));
#9022 = ADVANCED_FACE('',(#9023),#9029,.T.);
#9023 = FACE_BOUND('',#9024,.T.);
#9024 = EDGE_LOOP('',(#9025,#9026,#9027,#9028));
#9025 = ORIENTED_EDGE('',*,*,#8838,.T.);
#9026 = ORIENTED_EDGE('',*,*,#8945,.T.);
#9027 = ORIENTED_EDGE('',*,*,#8798,.F.);
#9028 = ORIENTED_EDGE('',*,*,#8862,.F.);
#9029 = PLANE('',#9030);
#9030 = AXIS2_PLACEMENT_3D('',#9031,#9032,#9033);
#9031 = CARTESIAN_POINT('',(45.72,-64.77,0.));
#9032 = DIRECTION('',(0.,1.,0.));
#9033 = DIRECTION('',(1.,0.,0.));
#9034 = ADVANCED_FACE('',(#9035),#9046,.F.);
#9035 = FACE_BOUND('',#9036,.T.);
#9036 = EDGE_LOOP('',(#9037,#9038,#9044,#9045));
#9037 = ORIENTED_EDGE('',*,*,#8871,.T.);
#9038 = ORIENTED_EDGE('',*,*,#9039,.T.);
#9039 = EDGE_CURVE('',#8872,#8955,#9040,.T.);
#9040 = LINE('',#9041,#9042);
#9041 = CARTESIAN_POINT('',(52.5,-73.73,-4.6E-02));
#9042 = VECTOR('',#9043,1.);
#9043 = DIRECTION('',(0.,0.,1.));
#9044 = ORIENTED_EDGE('',*,*,#8954,.F.);
#9045 = ORIENTED_EDGE('',*,*,#9039,.F.);
#9046 = CYLINDRICAL_SURFACE('',#9047,0.65);
#9047 = AXIS2_PLACEMENT_3D('',#9048,#9049,#9050);
#9048 = CARTESIAN_POINT('',(52.5,-73.08,-4.6E-02));
#9049 = DIRECTION('',(-0.,-0.,-1.));
#9050 = DIRECTION('',(-0.,-1.,0.));
#9051 = ADVANCED_FACE('',(#9052),#9063,.F.);
#9052 = FACE_BOUND('',#9053,.T.);
#9053 = EDGE_LOOP('',(#9054,#9055,#9061,#9062));
#9054 = ORIENTED_EDGE('',*,*,#8882,.T.);
#9055 = ORIENTED_EDGE('',*,*,#9056,.T.);
#9056 = EDGE_CURVE('',#8883,#8966,#9057,.T.);
#9057 = LINE('',#9058,#9059);
#9058 = CARTESIAN_POINT('',(82.804,-75.176,-4.6E-02));
#9059 = VECTOR('',#9060,1.);
#9060 = DIRECTION('',(0.,0.,1.));
#9061 = ORIENTED_EDGE('',*,*,#8965,.F.);
#9062 = ORIENTED_EDGE('',*,*,#9056,.F.);
#9063 = CYLINDRICAL_SURFACE('',#9064,0.5);
#9064 = AXIS2_PLACEMENT_3D('',#9065,#9066,#9067);
#9065 = CARTESIAN_POINT('',(82.804,-74.676,-4.6E-02));
#9066 = DIRECTION('',(-0.,-0.,-1.));
#9067 = DIRECTION('',(-0.,-1.,0.));
#9068 = ADVANCED_FACE('',(#9069),#9080,.F.);
#9069 = FACE_BOUND('',#9070,.T.);
#9070 = EDGE_LOOP('',(#9071,#9072,#9078,#9079));
#9071 = ORIENTED_EDGE('',*,*,#8893,.T.);
#9072 = ORIENTED_EDGE('',*,*,#9073,.T.);
#9073 = EDGE_CURVE('',#8894,#8977,#9074,.T.);
#9074 = LINE('',#9075,#9076);
#9075 = CARTESIAN_POINT('',(82.804,-72.636,-4.6E-02));
#9076 = VECTOR('',#9077,1.);
#9077 = DIRECTION('',(0.,0.,1.));
#9078 = ORIENTED_EDGE('',*,*,#8976,.F.);
#9079 = ORIENTED_EDGE('',*,*,#9073,.F.);
#9080 = CYLINDRICAL_SURFACE('',#9081,0.5);
#9081 = AXIS2_PLACEMENT_3D('',#9082,#9083,#9084);
#9082 = CARTESIAN_POINT('',(82.804,-72.136,-4.6E-02));
#9083 = DIRECTION('',(-0.,-0.,-1.));
#9084 = DIRECTION('',(-0.,-1.,0.));
#9085 = ADVANCED_FACE('',(#9086),#9097,.F.);
#9086 = FACE_BOUND('',#9087,.T.);
#9087 = EDGE_LOOP('',(#9088,#9089,#9095,#9096));
#9088 = ORIENTED_EDGE('',*,*,#8904,.T.);
#9089 = ORIENTED_EDGE('',*,*,#9090,.T.);
#9090 = EDGE_CURVE('',#8905,#8988,#9091,.T.);
#9091 = LINE('',#9092,#9093);
#9092 = CARTESIAN_POINT('',(52.5,-68.65,-4.6E-02));
#9093 = VECTOR('',#9094,1.);
#9094 = DIRECTION('',(0.,0.,1.));
#9095 = ORIENTED_EDGE('',*,*,#8987,.F.);
#9096 = ORIENTED_EDGE('',*,*,#9090,.F.);
#9097 = CYLINDRICAL_SURFACE('',#9098,0.65);
#9098 = AXIS2_PLACEMENT_3D('',#9099,#9100,#9101);
#9099 = CARTESIAN_POINT('',(52.5,-68.,-4.6E-02));
#9100 = DIRECTION('',(-0.,-0.,-1.));
#9101 = DIRECTION('',(-0.,-1.,0.));
#9102 = ADVANCED_FACE('',(#9103),#9114,.F.);
#9103 = FACE_BOUND('',#9104,.T.);
#9104 = EDGE_LOOP('',(#9105,#9106,#9112,#9113));
#9105 = ORIENTED_EDGE('',*,*,#8915,.T.);
#9106 = ORIENTED_EDGE('',*,*,#9107,.T.);
#9107 = EDGE_CURVE('',#8916,#8999,#9108,.T.);
#9108 = LINE('',#9109,#9110);
#9109 = CARTESIAN_POINT('',(82.804,-70.096,-4.6E-02));
#9110 = VECTOR('',#9111,1.);
#9111 = DIRECTION('',(0.,0.,1.));
#9112 = ORIENTED_EDGE('',*,*,#8998,.F.);
#9113 = ORIENTED_EDGE('',*,*,#9107,.F.);
#9114 = CYLINDRICAL_SURFACE('',#9115,0.5);
#9115 = AXIS2_PLACEMENT_3D('',#9116,#9117,#9118);
#9116 = CARTESIAN_POINT('',(82.804,-69.596,-4.6E-02));
#9117 = DIRECTION('',(-0.,-0.,-1.));
#9118 = DIRECTION('',(-0.,-1.,0.));
#9119 = ADVANCED_FACE('',(#9120),#9131,.F.);
#9120 = FACE_BOUND('',#9121,.T.);
#9121 = EDGE_LOOP('',(#9122,#9123,#9129,#9130));
#9122 = ORIENTED_EDGE('',*,*,#8926,.T.);
#9123 = ORIENTED_EDGE('',*,*,#9124,.T.);
#9124 = EDGE_CURVE('',#8927,#9010,#9125,.T.);
#9125 = LINE('',#9126,#9127);
#9126 = CARTESIAN_POINT('',(82.804,-67.556,-4.6E-02));
#9127 = VECTOR('',#9128,1.);
#9128 = DIRECTION('',(0.,0.,1.));
#9129 = ORIENTED_EDGE('',*,*,#9009,.F.);
#9130 = ORIENTED_EDGE('',*,*,#9124,.F.);
#9131 = CYLINDRICAL_SURFACE('',#9132,0.5);
#9132 = AXIS2_PLACEMENT_3D('',#9133,#9134,#9135);
#9133 = CARTESIAN_POINT('',(82.804,-67.056,-4.6E-02));
#9134 = DIRECTION('',(-0.,-0.,-1.));
#9135 = DIRECTION('',(-0.,-1.,0.));
#9136 = ( GEOMETRIC_REPRESENTATION_CONTEXT(3) 
GLOBAL_UNCERTAINTY_ASSIGNED_CONTEXT((#9140)) 
GLOBAL_UNIT_ASSIGNED_CONTEXT((#9137,#9138,#9139)) REPRESENTATION_CONTEXT
('Context #1','3D Context with UNIT and UNCERTAINTY') );
#9137 = ( LENGTH_UNIT() NAMED_UNIT(*) SI_UNIT(.MILLI.,.METRE.) );
#9138 = ( NAMED_UNIT(*) PLANE_ANGLE_UNIT() SI_UNIT($,.RADIAN.) );
#9139 = ( NAMED_UNIT(*) SI_UNIT($,.STERADIAN.) SOLID_ANGLE_UNIT() );
#9140 = UNCERTAINTY_MEASURE_WITH_UNIT(LENGTH_MEASURE(1.E-07),#9137,
  'distance_accuracy_value','confusion accuracy');
#9141 = CONTEXT_DEPENDENT_SHAPE_REPRESENTATION(#9142,#9144);
#9142 = ( REPRESENTATION_RELATIONSHIP('','',#8751,#10) 
REPRESENTATION_RELATIONSHIP_WITH_TRANSFORMATION(#9143) 
SHAPE_REPRESENTATION_RELATIONSHIP() );
#9143 = ITEM_DEFINED_TRANSFORMATION('','',#11,#79);
#9144 = PRODUCT_DEFINITION_SHAPE('Placement','Placement of an item',
  #9145);
#9145 = NEXT_ASSEMBLY_USAGE_OCCURRENCE('17','=>[0:1:1:7]','',#5,#8746,$
  );
#9146 = PRODUCT_RELATED_PRODUCT_CATEGORY('part',$,(#8748));
#9147 = MECHANICAL_DESIGN_GEOMETRIC_PRESENTATION_REPRESENTATION('',(
    #9148,#9158,#9167,#9176,#9185,#9194,#9203,#9212,#9221,#9231,#9240,
    #9249,#9258,#9267,#9276,#9285,#9294,#9303,#9312,#9321,#9330,#9339,
    #9348,#9357,#9366,#9375,#9384,#9393,#9402,#9411,#9420,#9429,#9438,
    #9447,#9456,#9465,#9474,#9483,#9492,#9501,#9510,#9519,#9528,#9537,
    #9546,#9555,#9564,#9573,#9582,#9591,#9600,#9609,#9618,#9627,#9636,
    #9645,#9654,#9663,#9672,#9681,#9690,#9699,#9708,#9717,#9726,#9735,
    #9744,#9753,#9762,#9771,#9780,#9789,#9798,#9807,#9816,#9825,#9834,
    #9843,#9852,#9861,#9870,#9879,#9888,#9897,#9906,#9915,#9924,#9933,
    #9942,#9951,#9960,#9969,#9978,#9987,#9996,#10005,#10014,#10023,
    #10032,#10041,#10050,#10059,#10068,#10077,#10086,#10095,#10104,
    #10113,#10122,#10131,#10140,#10149,#10158,#10167,#10176,#10185,
    #10194,#10203,#10212,#10221,#10230,#10239,#10248,#10257,#10266,
    #10275,#10284,#10293,#10302,#10311,#10320,#10329,#10338,#10347,
    #10356,#10365,#10374,#10383,#10392,#10401,#10410,#10419,#10428,
    #10437,#10446,#10455),#8733);
#9148 = STYLED_ITEM('color',(#9149),#5349);
#9149 = PRESENTATION_STYLE_ASSIGNMENT((#9150,#9156));
#9150 = SURFACE_STYLE_USAGE(.BOTH.,#9151);
#9151 = SURFACE_SIDE_STYLE('',(#9152));
#9152 = SURFACE_STYLE_FILL_AREA(#9153);
#9153 = FILL_AREA_STYLE('',(#9154));
#9154 = FILL_AREA_STYLE_COLOUR('',#9155);
#9155 = COLOUR_RGB('',0.147999998088,0.145000001626,0.145000001626);
#9156 = CURVE_STYLE('',#9157,POSITIVE_LENGTH_MEASURE(0.1),#9155);
#9157 = DRAUGHTING_PRE_DEFINED_CURVE_FONT('continuous');
#9158 = STYLED_ITEM('color',(#9159),#5389);
#9159 = PRESENTATION_STYLE_ASSIGNMENT((#9160,#9165));
#9160 = SURFACE_STYLE_USAGE(.BOTH.,#9161);
#9161 = SURFACE_SIDE_STYLE('',(#9162));
#9162 = SURFACE_STYLE_FILL_AREA(#9163);
#9163 = FILL_AREA_STYLE('',(#9164));
#9164 = FILL_AREA_STYLE_COLOUR('',#9155);
#9165 = CURVE_STYLE('',#9166,POSITIVE_LENGTH_MEASURE(0.1),#9155);
#9166 = DRAUGHTING_PRE_DEFINED_CURVE_FONT('continuous');
#9167 = STYLED_ITEM('color',(#9168),#5452);
#9168 = PRESENTATION_STYLE_ASSIGNMENT((#9169,#9174));
#9169 = SURFACE_STYLE_USAGE(.BOTH.,#9170);
#9170 = SURFACE_SIDE_STYLE('',(#9171));
#9171 = SURFACE_STYLE_FILL_AREA(#9172);
#9172 = FILL_AREA_STYLE('',(#9173));
#9173 = FILL_AREA_STYLE_COLOUR('',#9155);
#9174 = CURVE_STYLE('',#9175,POSITIVE_LENGTH_MEASURE(0.1),#9155);
#9175 = DRAUGHTING_PRE_DEFINED_CURVE_FONT('continuous');
#9176 = STYLED_ITEM('color',(#9177),#5515);
#9177 = PRESENTATION_STYLE_ASSIGNMENT((#9178,#9183));
#9178 = SURFACE_STYLE_USAGE(.BOTH.,#9179);
#9179 = SURFACE_SIDE_STYLE('',(#9180));
#9180 = SURFACE_STYLE_FILL_AREA(#9181);
#9181 = FILL_AREA_STYLE('',(#9182));
#9182 = FILL_AREA_STYLE_COLOUR('',#9155);
#9183 = CURVE_STYLE('',#9184,POSITIVE_LENGTH_MEASURE(0.1),#9155);
#9184 = DRAUGHTING_PRE_DEFINED_CURVE_FONT('continuous');
#9185 = STYLED_ITEM('color',(#9186),#5532);
#9186 = PRESENTATION_STYLE_ASSIGNMENT((#9187,#9192));
#9187 = SURFACE_STYLE_USAGE(.BOTH.,#9188);
#9188 = SURFACE_SIDE_STYLE('',(#9189));
#9189 = SURFACE_STYLE_FILL_AREA(#9190);
#9190 = FILL_AREA_STYLE('',(#9191));
#9191 = FILL_AREA_STYLE_COLOUR('',#9155);
#9192 = CURVE_STYLE('',#9193,POSITIVE_LENGTH_MEASURE(0.1),#9155);
#9193 = DRAUGHTING_PRE_DEFINED_CURVE_FONT('continuous');
#9194 = STYLED_ITEM('color',(#9195),#5685);
#9195 = PRESENTATION_STYLE_ASSIGNMENT((#9196,#9201));
#9196 = SURFACE_STYLE_USAGE(.BOTH.,#9197);
#9197 = SURFACE_SIDE_STYLE('',(#9198));
#9198 = SURFACE_STYLE_FILL_AREA(#9199);
#9199 = FILL_AREA_STYLE('',(#9200));
#9200 = FILL_AREA_STYLE_COLOUR('',#9155);
#9201 = CURVE_STYLE('',#9202,POSITIVE_LENGTH_MEASURE(0.1),#9155);
#9202 = DRAUGHTING_PRE_DEFINED_CURVE_FONT('continuous');
#9203 = STYLED_ITEM('color',(#9204),#5707);
#9204 = PRESENTATION_STYLE_ASSIGNMENT((#9205,#9210));
#9205 = SURFACE_STYLE_USAGE(.BOTH.,#9206);
#9206 = SURFACE_SIDE_STYLE('',(#9207));
#9207 = SURFACE_STYLE_FILL_AREA(#9208);
#9208 = FILL_AREA_STYLE('',(#9209));
#9209 = FILL_AREA_STYLE_COLOUR('',#9155);
#9210 = CURVE_STYLE('',#9211,POSITIVE_LENGTH_MEASURE(0.1),#9155);
#9211 = DRAUGHTING_PRE_DEFINED_CURVE_FONT('continuous');
#9212 = STYLED_ITEM('color',(#9213),#5724);
#9213 = PRESENTATION_STYLE_ASSIGNMENT((#9214,#9219));
#9214 = SURFACE_STYLE_USAGE(.BOTH.,#9215);
#9215 = SURFACE_SIDE_STYLE('',(#9216));
#9216 = SURFACE_STYLE_FILL_AREA(#9217);
#9217 = FILL_AREA_STYLE('',(#9218));
#9218 = FILL_AREA_STYLE_COLOUR('',#9155);
#9219 = CURVE_STYLE('',#9220,POSITIVE_LENGTH_MEASURE(0.1),#9155);
#9220 = DRAUGHTING_PRE_DEFINED_CURVE_FONT('continuous');
#9221 = OVER_RIDING_STYLED_ITEM('overriding color',(#9222),#5757,#9212);
#9222 = PRESENTATION_STYLE_ASSIGNMENT((#9223,#9229));
#9223 = SURFACE_STYLE_USAGE(.BOTH.,#9224);
#9224 = SURFACE_SIDE_STYLE('',(#9225));
#9225 = SURFACE_STYLE_FILL_AREA(#9226);
#9226 = FILL_AREA_STYLE('',(#9227));
#9227 = FILL_AREA_STYLE_COLOUR('',#9228);
#9228 = COLOUR_RGB('',0.858999988747,0.738000004258,0.496000005009);
#9229 = CURVE_STYLE('',#9230,POSITIVE_LENGTH_MEASURE(0.1),#9228);
#9230 = DRAUGHTING_PRE_DEFINED_CURVE_FONT('continuous');
#9231 = OVER_RIDING_STYLED_ITEM('overriding color',(#9232),#5789,#9212);
#9232 = PRESENTATION_STYLE_ASSIGNMENT((#9233,#9238));
#9233 = SURFACE_STYLE_USAGE(.BOTH.,#9234);
#9234 = SURFACE_SIDE_STYLE('',(#9235));
#9235 = SURFACE_STYLE_FILL_AREA(#9236);
#9236 = FILL_AREA_STYLE('',(#9237));
#9237 = FILL_AREA_STYLE_COLOUR('',#9228);
#9238 = CURVE_STYLE('',#9239,POSITIVE_LENGTH_MEASURE(0.1),#9228);
#9239 = DRAUGHTING_PRE_DEFINED_CURVE_FONT('continuous');
#9240 = OVER_RIDING_STYLED_ITEM('overriding color',(#9241),#5823,#9212);
#9241 = PRESENTATION_STYLE_ASSIGNMENT((#9242,#9247));
#9242 = SURFACE_STYLE_USAGE(.BOTH.,#9243);
#9243 = SURFACE_SIDE_STYLE('',(#9244));
#9244 = SURFACE_STYLE_FILL_AREA(#9245);
#9245 = FILL_AREA_STYLE('',(#9246));
#9246 = FILL_AREA_STYLE_COLOUR('',#9228);
#9247 = CURVE_STYLE('',#9248,POSITIVE_LENGTH_MEASURE(0.1),#9228);
#9248 = DRAUGHTING_PRE_DEFINED_CURVE_FONT('continuous');
#9249 = OVER_RIDING_STYLED_ITEM('overriding color',(#9250),#5855,#9212);
#9250 = PRESENTATION_STYLE_ASSIGNMENT((#9251,#9256));
#9251 = SURFACE_STYLE_USAGE(.BOTH.,#9252);
#9252 = SURFACE_SIDE_STYLE('',(#9253));
#9253 = SURFACE_STYLE_FILL_AREA(#9254);
#9254 = FILL_AREA_STYLE('',(#9255));
#9255 = FILL_AREA_STYLE_COLOUR('',#9228);
#9256 = CURVE_STYLE('',#9257,POSITIVE_LENGTH_MEASURE(0.1),#9228);
#9257 = DRAUGHTING_PRE_DEFINED_CURVE_FONT('continuous');
#9258 = OVER_RIDING_STYLED_ITEM('overriding color',(#9259),#5889,#9212);
#9259 = PRESENTATION_STYLE_ASSIGNMENT((#9260,#9265));
#9260 = SURFACE_STYLE_USAGE(.BOTH.,#9261);
#9261 = SURFACE_SIDE_STYLE('',(#9262));
#9262 = SURFACE_STYLE_FILL_AREA(#9263);
#9263 = FILL_AREA_STYLE('',(#9264));
#9264 = FILL_AREA_STYLE_COLOUR('',#9228);
#9265 = CURVE_STYLE('',#9266,POSITIVE_LENGTH_MEASURE(0.1),#9228);
#9266 = DRAUGHTING_PRE_DEFINED_CURVE_FONT('continuous');
#9267 = OVER_RIDING_STYLED_ITEM('overriding color',(#9268),#5921,#9212);
#9268 = PRESENTATION_STYLE_ASSIGNMENT((#9269,#9274));
#9269 = SURFACE_STYLE_USAGE(.BOTH.,#9270);
#9270 = SURFACE_SIDE_STYLE('',(#9271));
#9271 = SURFACE_STYLE_FILL_AREA(#9272);
#9272 = FILL_AREA_STYLE('',(#9273));
#9273 = FILL_AREA_STYLE_COLOUR('',#9228);
#9274 = CURVE_STYLE('',#9275,POSITIVE_LENGTH_MEASURE(0.1),#9228);
#9275 = DRAUGHTING_PRE_DEFINED_CURVE_FONT('continuous');
#9276 = OVER_RIDING_STYLED_ITEM('overriding color',(#9277),#5955,#9212);
#9277 = PRESENTATION_STYLE_ASSIGNMENT((#9278,#9283));
#9278 = SURFACE_STYLE_USAGE(.BOTH.,#9279);
#9279 = SURFACE_SIDE_STYLE('',(#9280));
#9280 = SURFACE_STYLE_FILL_AREA(#9281);
#9281 = FILL_AREA_STYLE('',(#9282));
#9282 = FILL_AREA_STYLE_COLOUR('',#9228);
#9283 = CURVE_STYLE('',#9284,POSITIVE_LENGTH_MEASURE(0.1),#9228);
#9284 = DRAUGHTING_PRE_DEFINED_CURVE_FONT('continuous');
#9285 = OVER_RIDING_STYLED_ITEM('overriding color',(#9286),#5987,#9212);
#9286 = PRESENTATION_STYLE_ASSIGNMENT((#9287,#9292));
#9287 = SURFACE_STYLE_USAGE(.BOTH.,#9288);
#9288 = SURFACE_SIDE_STYLE('',(#9289));
#9289 = SURFACE_STYLE_FILL_AREA(#9290);
#9290 = FILL_AREA_STYLE('',(#9291));
#9291 = FILL_AREA_STYLE_COLOUR('',#9228);
#9292 = CURVE_STYLE('',#9293,POSITIVE_LENGTH_MEASURE(0.1),#9228);
#9293 = DRAUGHTING_PRE_DEFINED_CURVE_FONT('continuous');
#9294 = STYLED_ITEM('color',(#9295),#6005);
#9295 = PRESENTATION_STYLE_ASSIGNMENT((#9296,#9301));
#9296 = SURFACE_STYLE_USAGE(.BOTH.,#9297);
#9297 = SURFACE_SIDE_STYLE('',(#9298));
#9298 = SURFACE_STYLE_FILL_AREA(#9299);
#9299 = FILL_AREA_STYLE('',(#9300));
#9300 = FILL_AREA_STYLE_COLOUR('',#9155);
#9301 = CURVE_STYLE('',#9302,POSITIVE_LENGTH_MEASURE(0.1),#9155);
#9302 = DRAUGHTING_PRE_DEFINED_CURVE_FONT('continuous');
#9303 = STYLED_ITEM('color',(#9304),#6017);
#9304 = PRESENTATION_STYLE_ASSIGNMENT((#9305,#9310));
#9305 = SURFACE_STYLE_USAGE(.BOTH.,#9306);
#9306 = SURFACE_SIDE_STYLE('',(#9307));
#9307 = SURFACE_STYLE_FILL_AREA(#9308);
#9308 = FILL_AREA_STYLE('',(#9309));
#9309 = FILL_AREA_STYLE_COLOUR('',#9155);
#9310 = CURVE_STYLE('',#9311,POSITIVE_LENGTH_MEASURE(0.1),#9155);
#9311 = DRAUGHTING_PRE_DEFINED_CURVE_FONT('continuous');
#9312 = STYLED_ITEM('color',(#9313),#6029);
#9313 = PRESENTATION_STYLE_ASSIGNMENT((#9314,#9319));
#9314 = SURFACE_STYLE_USAGE(.BOTH.,#9315);
#9315 = SURFACE_SIDE_STYLE('',(#9316));
#9316 = SURFACE_STYLE_FILL_AREA(#9317);
#9317 = FILL_AREA_STYLE('',(#9318));
#9318 = FILL_AREA_STYLE_COLOUR('',#9155);
#9319 = CURVE_STYLE('',#9320,POSITIVE_LENGTH_MEASURE(0.1),#9155);
#9320 = DRAUGHTING_PRE_DEFINED_CURVE_FONT('continuous');
#9321 = STYLED_ITEM('color',(#9322),#6060);
#9322 = PRESENTATION_STYLE_ASSIGNMENT((#9323,#9328));
#9323 = SURFACE_STYLE_USAGE(.BOTH.,#9324);
#9324 = SURFACE_SIDE_STYLE('',(#9325));
#9325 = SURFACE_STYLE_FILL_AREA(#9326);
#9326 = FILL_AREA_STYLE('',(#9327));
#9327 = FILL_AREA_STYLE_COLOUR('',#9155);
#9328 = CURVE_STYLE('',#9329,POSITIVE_LENGTH_MEASURE(0.1),#9155);
#9329 = DRAUGHTING_PRE_DEFINED_CURVE_FONT('continuous');
#9330 = STYLED_ITEM('color',(#9331),#6084);
#9331 = PRESENTATION_STYLE_ASSIGNMENT((#9332,#9337));
#9332 = SURFACE_STYLE_USAGE(.BOTH.,#9333);
#9333 = SURFACE_SIDE_STYLE('',(#9334));
#9334 = SURFACE_STYLE_FILL_AREA(#9335);
#9335 = FILL_AREA_STYLE('',(#9336));
#9336 = FILL_AREA_STYLE_COLOUR('',#9155);
#9337 = CURVE_STYLE('',#9338,POSITIVE_LENGTH_MEASURE(0.1),#9155);
#9338 = DRAUGHTING_PRE_DEFINED_CURVE_FONT('continuous');
#9339 = STYLED_ITEM('color',(#9340),#6108);
#9340 = PRESENTATION_STYLE_ASSIGNMENT((#9341,#9346));
#9341 = SURFACE_STYLE_USAGE(.BOTH.,#9342);
#9342 = SURFACE_SIDE_STYLE('',(#9343));
#9343 = SURFACE_STYLE_FILL_AREA(#9344);
#9344 = FILL_AREA_STYLE('',(#9345));
#9345 = FILL_AREA_STYLE_COLOUR('',#9155);
#9346 = CURVE_STYLE('',#9347,POSITIVE_LENGTH_MEASURE(0.1),#9155);
#9347 = DRAUGHTING_PRE_DEFINED_CURVE_FONT('continuous');
#9348 = STYLED_ITEM('color',(#9349),#6125);
#9349 = PRESENTATION_STYLE_ASSIGNMENT((#9350,#9355));
#9350 = SURFACE_STYLE_USAGE(.BOTH.,#9351);
#9351 = SURFACE_SIDE_STYLE('',(#9352));
#9352 = SURFACE_STYLE_FILL_AREA(#9353);
#9353 = FILL_AREA_STYLE('',(#9354));
#9354 = FILL_AREA_STYLE_COLOUR('',#9155);
#9355 = CURVE_STYLE('',#9356,POSITIVE_LENGTH_MEASURE(0.1),#9155);
#9356 = DRAUGHTING_PRE_DEFINED_CURVE_FONT('continuous');
#9357 = STYLED_ITEM('color',(#9358),#6156);
#9358 = PRESENTATION_STYLE_ASSIGNMENT((#9359,#9364));
#9359 = SURFACE_STYLE_USAGE(.BOTH.,#9360);
#9360 = SURFACE_SIDE_STYLE('',(#9361));
#9361 = SURFACE_STYLE_FILL_AREA(#9362);
#9362 = FILL_AREA_STYLE('',(#9363));
#9363 = FILL_AREA_STYLE_COLOUR('',#9155);
#9364 = CURVE_STYLE('',#9365,POSITIVE_LENGTH_MEASURE(0.1),#9155);
#9365 = DRAUGHTING_PRE_DEFINED_CURVE_FONT('continuous');
#9366 = STYLED_ITEM('color',(#9367),#6180);
#9367 = PRESENTATION_STYLE_ASSIGNMENT((#9368,#9373));
#9368 = SURFACE_STYLE_USAGE(.BOTH.,#9369);
#9369 = SURFACE_SIDE_STYLE('',(#9370));
#9370 = SURFACE_STYLE_FILL_AREA(#9371);
#9371 = FILL_AREA_STYLE('',(#9372));
#9372 = FILL_AREA_STYLE_COLOUR('',#9155);
#9373 = CURVE_STYLE('',#9374,POSITIVE_LENGTH_MEASURE(0.1),#9155);
#9374 = DRAUGHTING_PRE_DEFINED_CURVE_FONT('continuous');
#9375 = STYLED_ITEM('color',(#9376),#6204);
#9376 = PRESENTATION_STYLE_ASSIGNMENT((#9377,#9382));
#9377 = SURFACE_STYLE_USAGE(.BOTH.,#9378);
#9378 = SURFACE_SIDE_STYLE('',(#9379));
#9379 = SURFACE_STYLE_FILL_AREA(#9380);
#9380 = FILL_AREA_STYLE('',(#9381));
#9381 = FILL_AREA_STYLE_COLOUR('',#9155);
#9382 = CURVE_STYLE('',#9383,POSITIVE_LENGTH_MEASURE(0.1),#9155);
#9383 = DRAUGHTING_PRE_DEFINED_CURVE_FONT('continuous');
#9384 = STYLED_ITEM('color',(#9385),#6221);
#9385 = PRESENTATION_STYLE_ASSIGNMENT((#9386,#9391));
#9386 = SURFACE_STYLE_USAGE(.BOTH.,#9387);
#9387 = SURFACE_SIDE_STYLE('',(#9388));
#9388 = SURFACE_STYLE_FILL_AREA(#9389);
#9389 = FILL_AREA_STYLE('',(#9390));
#9390 = FILL_AREA_STYLE_COLOUR('',#9155);
#9391 = CURVE_STYLE('',#9392,POSITIVE_LENGTH_MEASURE(0.1),#9155);
#9392 = DRAUGHTING_PRE_DEFINED_CURVE_FONT('continuous');
#9393 = STYLED_ITEM('color',(#9394),#6252);
#9394 = PRESENTATION_STYLE_ASSIGNMENT((#9395,#9400));
#9395 = SURFACE_STYLE_USAGE(.BOTH.,#9396);
#9396 = SURFACE_SIDE_STYLE('',(#9397));
#9397 = SURFACE_STYLE_FILL_AREA(#9398);
#9398 = FILL_AREA_STYLE('',(#9399));
#9399 = FILL_AREA_STYLE_COLOUR('',#9155);
#9400 = CURVE_STYLE('',#9401,POSITIVE_LENGTH_MEASURE(0.1),#9155);
#9401 = DRAUGHTING_PRE_DEFINED_CURVE_FONT('continuous');
#9402 = STYLED_ITEM('color',(#9403),#6276);
#9403 = PRESENTATION_STYLE_ASSIGNMENT((#9404,#9409));
#9404 = SURFACE_STYLE_USAGE(.BOTH.,#9405);
#9405 = SURFACE_SIDE_STYLE('',(#9406));
#9406 = SURFACE_STYLE_FILL_AREA(#9407);
#9407 = FILL_AREA_STYLE('',(#9408));
#9408 = FILL_AREA_STYLE_COLOUR('',#9155);
#9409 = CURVE_STYLE('',#9410,POSITIVE_LENGTH_MEASURE(0.1),#9155);
#9410 = DRAUGHTING_PRE_DEFINED_CURVE_FONT('continuous');
#9411 = STYLED_ITEM('color',(#9412),#6300);
#9412 = PRESENTATION_STYLE_ASSIGNMENT((#9413,#9418));
#9413 = SURFACE_STYLE_USAGE(.BOTH.,#9414);
#9414 = SURFACE_SIDE_STYLE('',(#9415));
#9415 = SURFACE_STYLE_FILL_AREA(#9416);
#9416 = FILL_AREA_STYLE('',(#9417));
#9417 = FILL_AREA_STYLE_COLOUR('',#9155);
#9418 = CURVE_STYLE('',#9419,POSITIVE_LENGTH_MEASURE(0.1),#9155);
#9419 = DRAUGHTING_PRE_DEFINED_CURVE_FONT('continuous');
#9420 = STYLED_ITEM('color',(#9421),#6317);
#9421 = PRESENTATION_STYLE_ASSIGNMENT((#9422,#9427));
#9422 = SURFACE_STYLE_USAGE(.BOTH.,#9423);
#9423 = SURFACE_SIDE_STYLE('',(#9424));
#9424 = SURFACE_STYLE_FILL_AREA(#9425);
#9425 = FILL_AREA_STYLE('',(#9426));
#9426 = FILL_AREA_STYLE_COLOUR('',#9155);
#9427 = CURVE_STYLE('',#9428,POSITIVE_LENGTH_MEASURE(0.1),#9155);
#9428 = DRAUGHTING_PRE_DEFINED_CURVE_FONT('continuous');
#9429 = STYLED_ITEM('color',(#9430),#6348);
#9430 = PRESENTATION_STYLE_ASSIGNMENT((#9431,#9436));
#9431 = SURFACE_STYLE_USAGE(.BOTH.,#9432);
#9432 = SURFACE_SIDE_STYLE('',(#9433));
#9433 = SURFACE_STYLE_FILL_AREA(#9434);
#9434 = FILL_AREA_STYLE('',(#9435));
#9435 = FILL_AREA_STYLE_COLOUR('',#9155);
#9436 = CURVE_STYLE('',#9437,POSITIVE_LENGTH_MEASURE(0.1),#9155);
#9437 = DRAUGHTING_PRE_DEFINED_CURVE_FONT('continuous');
#9438 = STYLED_ITEM('color',(#9439),#6372);
#9439 = PRESENTATION_STYLE_ASSIGNMENT((#9440,#9445));
#9440 = SURFACE_STYLE_USAGE(.BOTH.,#9441);
#9441 = SURFACE_SIDE_STYLE('',(#9442));
#9442 = SURFACE_STYLE_FILL_AREA(#9443);
#9443 = FILL_AREA_STYLE('',(#9444));
#9444 = FILL_AREA_STYLE_COLOUR('',#9155);
#9445 = CURVE_STYLE('',#9446,POSITIVE_LENGTH_MEASURE(0.1),#9155);
#9446 = DRAUGHTING_PRE_DEFINED_CURVE_FONT('continuous');
#9447 = STYLED_ITEM('color',(#9448),#6396);
#9448 = PRESENTATION_STYLE_ASSIGNMENT((#9449,#9454));
#9449 = SURFACE_STYLE_USAGE(.BOTH.,#9450);
#9450 = SURFACE_SIDE_STYLE('',(#9451));
#9451 = SURFACE_STYLE_FILL_AREA(#9452);
#9452 = FILL_AREA_STYLE('',(#9453));
#9453 = FILL_AREA_STYLE_COLOUR('',#9155);
#9454 = CURVE_STYLE('',#9455,POSITIVE_LENGTH_MEASURE(0.1),#9155);
#9455 = DRAUGHTING_PRE_DEFINED_CURVE_FONT('continuous');
#9456 = STYLED_ITEM('color',(#9457),#6413);
#9457 = PRESENTATION_STYLE_ASSIGNMENT((#9458,#9463));
#9458 = SURFACE_STYLE_USAGE(.BOTH.,#9459);
#9459 = SURFACE_SIDE_STYLE('',(#9460));
#9460 = SURFACE_STYLE_FILL_AREA(#9461);
#9461 = FILL_AREA_STYLE('',(#9462));
#9462 = FILL_AREA_STYLE_COLOUR('',#9228);
#9463 = CURVE_STYLE('',#9464,POSITIVE_LENGTH_MEASURE(0.1),#9228);
#9464 = DRAUGHTING_PRE_DEFINED_CURVE_FONT('continuous');
#9465 = STYLED_ITEM('color',(#9466),#6430);
#9466 = PRESENTATION_STYLE_ASSIGNMENT((#9467,#9472));
#9467 = SURFACE_STYLE_USAGE(.BOTH.,#9468);
#9468 = SURFACE_SIDE_STYLE('',(#9469));
#9469 = SURFACE_STYLE_FILL_AREA(#9470);
#9470 = FILL_AREA_STYLE('',(#9471));
#9471 = FILL_AREA_STYLE_COLOUR('',#9228);
#9472 = CURVE_STYLE('',#9473,POSITIVE_LENGTH_MEASURE(0.1),#9228);
#9473 = DRAUGHTING_PRE_DEFINED_CURVE_FONT('continuous');
#9474 = STYLED_ITEM('color',(#9475),#6477);
#9475 = PRESENTATION_STYLE_ASSIGNMENT((#9476,#9481));
#9476 = SURFACE_STYLE_USAGE(.BOTH.,#9477);
#9477 = SURFACE_SIDE_STYLE('',(#9478));
#9478 = SURFACE_STYLE_FILL_AREA(#9479);
#9479 = FILL_AREA_STYLE('',(#9480));
#9480 = FILL_AREA_STYLE_COLOUR('',#9228);
#9481 = CURVE_STYLE('',#9482,POSITIVE_LENGTH_MEASURE(0.1),#9228);
#9482 = DRAUGHTING_PRE_DEFINED_CURVE_FONT('continuous');
#9483 = STYLED_ITEM('color',(#9484),#6494);
#9484 = PRESENTATION_STYLE_ASSIGNMENT((#9485,#9490));
#9485 = SURFACE_STYLE_USAGE(.BOTH.,#9486);
#9486 = SURFACE_SIDE_STYLE('',(#9487));
#9487 = SURFACE_STYLE_FILL_AREA(#9488);
#9488 = FILL_AREA_STYLE('',(#9489));
#9489 = FILL_AREA_STYLE_COLOUR('',#9228);
#9490 = CURVE_STYLE('',#9491,POSITIVE_LENGTH_MEASURE(0.1),#9228);
#9491 = DRAUGHTING_PRE_DEFINED_CURVE_FONT('continuous');
#9492 = STYLED_ITEM('color',(#9493),#6541);
#9493 = PRESENTATION_STYLE_ASSIGNMENT((#9494,#9499));
#9494 = SURFACE_STYLE_USAGE(.BOTH.,#9495);
#9495 = SURFACE_SIDE_STYLE('',(#9496));
#9496 = SURFACE_STYLE_FILL_AREA(#9497);
#9497 = FILL_AREA_STYLE('',(#9498));
#9498 = FILL_AREA_STYLE_COLOUR('',#9228);
#9499 = CURVE_STYLE('',#9500,POSITIVE_LENGTH_MEASURE(0.1),#9228);
#9500 = DRAUGHTING_PRE_DEFINED_CURVE_FONT('continuous');
#9501 = STYLED_ITEM('color',(#9502),#6558);
#9502 = PRESENTATION_STYLE_ASSIGNMENT((#9503,#9508));
#9503 = SURFACE_STYLE_USAGE(.BOTH.,#9504);
#9504 = SURFACE_SIDE_STYLE('',(#9505));
#9505 = SURFACE_STYLE_FILL_AREA(#9506);
#9506 = FILL_AREA_STYLE('',(#9507));
#9507 = FILL_AREA_STYLE_COLOUR('',#9228);
#9508 = CURVE_STYLE('',#9509,POSITIVE_LENGTH_MEASURE(0.1),#9228);
#9509 = DRAUGHTING_PRE_DEFINED_CURVE_FONT('continuous');
#9510 = STYLED_ITEM('color',(#9511),#6605);
#9511 = PRESENTATION_STYLE_ASSIGNMENT((#9512,#9517));
#9512 = SURFACE_STYLE_USAGE(.BOTH.,#9513);
#9513 = SURFACE_SIDE_STYLE('',(#9514));
#9514 = SURFACE_STYLE_FILL_AREA(#9515);
#9515 = FILL_AREA_STYLE('',(#9516));
#9516 = FILL_AREA_STYLE_COLOUR('',#9228);
#9517 = CURVE_STYLE('',#9518,POSITIVE_LENGTH_MEASURE(0.1),#9228);
#9518 = DRAUGHTING_PRE_DEFINED_CURVE_FONT('continuous');
#9519 = STYLED_ITEM('color',(#9520),#6622);
#9520 = PRESENTATION_STYLE_ASSIGNMENT((#9521,#9526));
#9521 = SURFACE_STYLE_USAGE(.BOTH.,#9522);
#9522 = SURFACE_SIDE_STYLE('',(#9523));
#9523 = SURFACE_STYLE_FILL_AREA(#9524);
#9524 = FILL_AREA_STYLE('',(#9525));
#9525 = FILL_AREA_STYLE_COLOUR('',#9228);
#9526 = CURVE_STYLE('',#9527,POSITIVE_LENGTH_MEASURE(0.1),#9228);
#9527 = DRAUGHTING_PRE_DEFINED_CURVE_FONT('continuous');
#9528 = STYLED_ITEM('color',(#9529),#6669);
#9529 = PRESENTATION_STYLE_ASSIGNMENT((#9530,#9535));
#9530 = SURFACE_STYLE_USAGE(.BOTH.,#9531);
#9531 = SURFACE_SIDE_STYLE('',(#9532));
#9532 = SURFACE_STYLE_FILL_AREA(#9533);
#9533 = FILL_AREA_STYLE('',(#9534));
#9534 = FILL_AREA_STYLE_COLOUR('',#9228);
#9535 = CURVE_STYLE('',#9536,POSITIVE_LENGTH_MEASURE(0.1),#9228);
#9536 = DRAUGHTING_PRE_DEFINED_CURVE_FONT('continuous');
#9537 = STYLED_ITEM('color',(#9538),#6686);
#9538 = PRESENTATION_STYLE_ASSIGNMENT((#9539,#9544));
#9539 = SURFACE_STYLE_USAGE(.BOTH.,#9540);
#9540 = SURFACE_SIDE_STYLE('',(#9541));
#9541 = SURFACE_STYLE_FILL_AREA(#9542);
#9542 = FILL_AREA_STYLE('',(#9543));
#9543 = FILL_AREA_STYLE_COLOUR('',#9228);
#9544 = CURVE_STYLE('',#9545,POSITIVE_LENGTH_MEASURE(0.1),#9228);
#9545 = DRAUGHTING_PRE_DEFINED_CURVE_FONT('continuous');
#9546 = STYLED_ITEM('color',(#9547),#6733);
#9547 = PRESENTATION_STYLE_ASSIGNMENT((#9548,#9553));
#9548 = SURFACE_STYLE_USAGE(.BOTH.,#9549);
#9549 = SURFACE_SIDE_STYLE('',(#9550));
#9550 = SURFACE_STYLE_FILL_AREA(#9551);
#9551 = FILL_AREA_STYLE('',(#9552));
#9552 = FILL_AREA_STYLE_COLOUR('',#9228);
#9553 = CURVE_STYLE('',#9554,POSITIVE_LENGTH_MEASURE(0.1),#9228);
#9554 = DRAUGHTING_PRE_DEFINED_CURVE_FONT('continuous');
#9555 = STYLED_ITEM('color',(#9556),#6750);
#9556 = PRESENTATION_STYLE_ASSIGNMENT((#9557,#9562));
#9557 = SURFACE_STYLE_USAGE(.BOTH.,#9558);
#9558 = SURFACE_SIDE_STYLE('',(#9559));
#9559 = SURFACE_STYLE_FILL_AREA(#9560);
#9560 = FILL_AREA_STYLE('',(#9561));
#9561 = FILL_AREA_STYLE_COLOUR('',#9228);
#9562 = CURVE_STYLE('',#9563,POSITIVE_LENGTH_MEASURE(0.1),#9228);
#9563 = DRAUGHTING_PRE_DEFINED_CURVE_FONT('continuous');
#9564 = STYLED_ITEM('color',(#9565),#6797);
#9565 = PRESENTATION_STYLE_ASSIGNMENT((#9566,#9571));
#9566 = SURFACE_STYLE_USAGE(.BOTH.,#9567);
#9567 = SURFACE_SIDE_STYLE('',(#9568));
#9568 = SURFACE_STYLE_FILL_AREA(#9569);
#9569 = FILL_AREA_STYLE('',(#9570));
#9570 = FILL_AREA_STYLE_COLOUR('',#9228);
#9571 = CURVE_STYLE('',#9572,POSITIVE_LENGTH_MEASURE(0.1),#9228);
#9572 = DRAUGHTING_PRE_DEFINED_CURVE_FONT('continuous');
#9573 = STYLED_ITEM('color',(#9574),#6814);
#9574 = PRESENTATION_STYLE_ASSIGNMENT((#9575,#9580));
#9575 = SURFACE_STYLE_USAGE(.BOTH.,#9576);
#9576 = SURFACE_SIDE_STYLE('',(#9577));
#9577 = SURFACE_STYLE_FILL_AREA(#9578);
#9578 = FILL_AREA_STYLE('',(#9579));
#9579 = FILL_AREA_STYLE_COLOUR('',#9228);
#9580 = CURVE_STYLE('',#9581,POSITIVE_LENGTH_MEASURE(0.1),#9228);
#9581 = DRAUGHTING_PRE_DEFINED_CURVE_FONT('continuous');
#9582 = STYLED_ITEM('color',(#9583),#6861);
#9583 = PRESENTATION_STYLE_ASSIGNMENT((#9584,#9589));
#9584 = SURFACE_STYLE_USAGE(.BOTH.,#9585);
#9585 = SURFACE_SIDE_STYLE('',(#9586));
#9586 = SURFACE_STYLE_FILL_AREA(#9587);
#9587 = FILL_AREA_STYLE('',(#9588));
#9588 = FILL_AREA_STYLE_COLOUR('',#9228);
#9589 = CURVE_STYLE('',#9590,POSITIVE_LENGTH_MEASURE(0.1),#9228);
#9590 = DRAUGHTING_PRE_DEFINED_CURVE_FONT('continuous');
#9591 = STYLED_ITEM('color',(#9592),#6878);
#9592 = PRESENTATION_STYLE_ASSIGNMENT((#9593,#9598));
#9593 = SURFACE_STYLE_USAGE(.BOTH.,#9594);
#9594 = SURFACE_SIDE_STYLE('',(#9595));
#9595 = SURFACE_STYLE_FILL_AREA(#9596);
#9596 = FILL_AREA_STYLE('',(#9597));
#9597 = FILL_AREA_STYLE_COLOUR('',#9228);
#9598 = CURVE_STYLE('',#9599,POSITIVE_LENGTH_MEASURE(0.1),#9228);
#9599 = DRAUGHTING_PRE_DEFINED_CURVE_FONT('continuous');
#9600 = STYLED_ITEM('color',(#9601),#6925);
#9601 = PRESENTATION_STYLE_ASSIGNMENT((#9602,#9607));
#9602 = SURFACE_STYLE_USAGE(.BOTH.,#9603);
#9603 = SURFACE_SIDE_STYLE('',(#9604));
#9604 = SURFACE_STYLE_FILL_AREA(#9605);
#9605 = FILL_AREA_STYLE('',(#9606));
#9606 = FILL_AREA_STYLE_COLOUR('',#9155);
#9607 = CURVE_STYLE('',#9608,POSITIVE_LENGTH_MEASURE(0.1),#9155);
#9608 = DRAUGHTING_PRE_DEFINED_CURVE_FONT('continuous');
#9609 = STYLED_ITEM('color',(#9610),#6956);
#9610 = PRESENTATION_STYLE_ASSIGNMENT((#9611,#9616));
#9611 = SURFACE_STYLE_USAGE(.BOTH.,#9612);
#9612 = SURFACE_SIDE_STYLE('',(#9613));
#9613 = SURFACE_STYLE_FILL_AREA(#9614);
#9614 = FILL_AREA_STYLE('',(#9615));
#9615 = FILL_AREA_STYLE_COLOUR('',#9155);
#9616 = CURVE_STYLE('',#9617,POSITIVE_LENGTH_MEASURE(0.1),#9155);
#9617 = DRAUGHTING_PRE_DEFINED_CURVE_FONT('continuous');
#9618 = OVER_RIDING_STYLED_ITEM('overriding color',(#9619),#6970,#9609);
#9619 = PRESENTATION_STYLE_ASSIGNMENT((#9620,#9625));
#9620 = SURFACE_STYLE_USAGE(.BOTH.,#9621);
#9621 = SURFACE_SIDE_STYLE('',(#9622));
#9622 = SURFACE_STYLE_FILL_AREA(#9623);
#9623 = FILL_AREA_STYLE('',(#9624));
#9624 = FILL_AREA_STYLE_COLOUR('',#9228);
#9625 = CURVE_STYLE('',#9626,POSITIVE_LENGTH_MEASURE(0.1),#9228);
#9626 = DRAUGHTING_PRE_DEFINED_CURVE_FONT('continuous');
#9627 = OVER_RIDING_STYLED_ITEM('overriding color',(#9628),#6986,#9609);
#9628 = PRESENTATION_STYLE_ASSIGNMENT((#9629,#9634));
#9629 = SURFACE_STYLE_USAGE(.BOTH.,#9630);
#9630 = SURFACE_SIDE_STYLE('',(#9631));
#9631 = SURFACE_STYLE_FILL_AREA(#9632);
#9632 = FILL_AREA_STYLE('',(#9633));
#9633 = FILL_AREA_STYLE_COLOUR('',#9228);
#9634 = CURVE_STYLE('',#9635,POSITIVE_LENGTH_MEASURE(0.1),#9228);
#9635 = DRAUGHTING_PRE_DEFINED_CURVE_FONT('continuous');
#9636 = STYLED_ITEM('color',(#9637),#7012);
#9637 = PRESENTATION_STYLE_ASSIGNMENT((#9638,#9643));
#9638 = SURFACE_STYLE_USAGE(.BOTH.,#9639);
#9639 = SURFACE_SIDE_STYLE('',(#9640));
#9640 = SURFACE_STYLE_FILL_AREA(#9641);
#9641 = FILL_AREA_STYLE('',(#9642));
#9642 = FILL_AREA_STYLE_COLOUR('',#9155);
#9643 = CURVE_STYLE('',#9644,POSITIVE_LENGTH_MEASURE(0.1),#9155);
#9644 = DRAUGHTING_PRE_DEFINED_CURVE_FONT('continuous');
#9645 = STYLED_ITEM('color',(#9646),#7036);
#9646 = PRESENTATION_STYLE_ASSIGNMENT((#9647,#9652));
#9647 = SURFACE_STYLE_USAGE(.BOTH.,#9648);
#9648 = SURFACE_SIDE_STYLE('',(#9649));
#9649 = SURFACE_STYLE_FILL_AREA(#9650);
#9650 = FILL_AREA_STYLE('',(#9651));
#9651 = FILL_AREA_STYLE_COLOUR('',#9155);
#9652 = CURVE_STYLE('',#9653,POSITIVE_LENGTH_MEASURE(0.1),#9155);
#9653 = DRAUGHTING_PRE_DEFINED_CURVE_FONT('continuous');
#9654 = OVER_RIDING_STYLED_ITEM('overriding color',(#9655),#7050,#9645);
#9655 = PRESENTATION_STYLE_ASSIGNMENT((#9656,#9661));
#9656 = SURFACE_STYLE_USAGE(.BOTH.,#9657);
#9657 = SURFACE_SIDE_STYLE('',(#9658));
#9658 = SURFACE_STYLE_FILL_AREA(#9659);
#9659 = FILL_AREA_STYLE('',(#9660));
#9660 = FILL_AREA_STYLE_COLOUR('',#9228);
#9661 = CURVE_STYLE('',#9662,POSITIVE_LENGTH_MEASURE(0.1),#9228);
#9662 = DRAUGHTING_PRE_DEFINED_CURVE_FONT('continuous');
#9663 = OVER_RIDING_STYLED_ITEM('overriding color',(#9664),#7066,#9645);
#9664 = PRESENTATION_STYLE_ASSIGNMENT((#9665,#9670));
#9665 = SURFACE_STYLE_USAGE(.BOTH.,#9666);
#9666 = SURFACE_SIDE_STYLE('',(#9667));
#9667 = SURFACE_STYLE_FILL_AREA(#9668);
#9668 = FILL_AREA_STYLE('',(#9669));
#9669 = FILL_AREA_STYLE_COLOUR('',#9228);
#9670 = CURVE_STYLE('',#9671,POSITIVE_LENGTH_MEASURE(0.1),#9228);
#9671 = DRAUGHTING_PRE_DEFINED_CURVE_FONT('continuous');
#9672 = STYLED_ITEM('color',(#9673),#7085);
#9673 = PRESENTATION_STYLE_ASSIGNMENT((#9674,#9679));
#9674 = SURFACE_STYLE_USAGE(.BOTH.,#9675);
#9675 = SURFACE_SIDE_STYLE('',(#9676));
#9676 = SURFACE_STYLE_FILL_AREA(#9677);
#9677 = FILL_AREA_STYLE('',(#9678));
#9678 = FILL_AREA_STYLE_COLOUR('',#9155);
#9679 = CURVE_STYLE('',#9680,POSITIVE_LENGTH_MEASURE(0.1),#9155);
#9680 = DRAUGHTING_PRE_DEFINED_CURVE_FONT('continuous');
#9681 = STYLED_ITEM('color',(#9682),#7116);
#9682 = PRESENTATION_STYLE_ASSIGNMENT((#9683,#9688));
#9683 = SURFACE_STYLE_USAGE(.BOTH.,#9684);
#9684 = SURFACE_SIDE_STYLE('',(#9685));
#9685 = SURFACE_STYLE_FILL_AREA(#9686);
#9686 = FILL_AREA_STYLE('',(#9687));
#9687 = FILL_AREA_STYLE_COLOUR('',#9155);
#9688 = CURVE_STYLE('',#9689,POSITIVE_LENGTH_MEASURE(0.1),#9155);
#9689 = DRAUGHTING_PRE_DEFINED_CURVE_FONT('continuous');
#9690 = OVER_RIDING_STYLED_ITEM('overriding color',(#9691),#7130,#9681);
#9691 = PRESENTATION_STYLE_ASSIGNMENT((#9692,#9697));
#9692 = SURFACE_STYLE_USAGE(.BOTH.,#9693);
#9693 = SURFACE_SIDE_STYLE('',(#9694));
#9694 = SURFACE_STYLE_FILL_AREA(#9695);
#9695 = FILL_AREA_STYLE('',(#9696));
#9696 = FILL_AREA_STYLE_COLOUR('',#9228);
#9697 = CURVE_STYLE('',#9698,POSITIVE_LENGTH_MEASURE(0.1),#9228);
#9698 = DRAUGHTING_PRE_DEFINED_CURVE_FONT('continuous');
#9699 = OVER_RIDING_STYLED_ITEM('overriding color',(#9700),#7146,#9681);
#9700 = PRESENTATION_STYLE_ASSIGNMENT((#9701,#9706));
#9701 = SURFACE_STYLE_USAGE(.BOTH.,#9702);
#9702 = SURFACE_SIDE_STYLE('',(#9703));
#9703 = SURFACE_STYLE_FILL_AREA(#9704);
#9704 = FILL_AREA_STYLE('',(#9705));
#9705 = FILL_AREA_STYLE_COLOUR('',#9228);
#9706 = CURVE_STYLE('',#9707,POSITIVE_LENGTH_MEASURE(0.1),#9228);
#9707 = DRAUGHTING_PRE_DEFINED_CURVE_FONT('continuous');
#9708 = STYLED_ITEM('color',(#9709),#7172);
#9709 = PRESENTATION_STYLE_ASSIGNMENT((#9710,#9715));
#9710 = SURFACE_STYLE_USAGE(.BOTH.,#9711);
#9711 = SURFACE_SIDE_STYLE('',(#9712));
#9712 = SURFACE_STYLE_FILL_AREA(#9713);
#9713 = FILL_AREA_STYLE('',(#9714));
#9714 = FILL_AREA_STYLE_COLOUR('',#9155);
#9715 = CURVE_STYLE('',#9716,POSITIVE_LENGTH_MEASURE(0.1),#9155);
#9716 = DRAUGHTING_PRE_DEFINED_CURVE_FONT('continuous');
#9717 = STYLED_ITEM('color',(#9718),#7196);
#9718 = PRESENTATION_STYLE_ASSIGNMENT((#9719,#9724));
#9719 = SURFACE_STYLE_USAGE(.BOTH.,#9720);
#9720 = SURFACE_SIDE_STYLE('',(#9721));
#9721 = SURFACE_STYLE_FILL_AREA(#9722);
#9722 = FILL_AREA_STYLE('',(#9723));
#9723 = FILL_AREA_STYLE_COLOUR('',#9155);
#9724 = CURVE_STYLE('',#9725,POSITIVE_LENGTH_MEASURE(0.1),#9155);
#9725 = DRAUGHTING_PRE_DEFINED_CURVE_FONT('continuous');
#9726 = OVER_RIDING_STYLED_ITEM('overriding color',(#9727),#7210,#9717);
#9727 = PRESENTATION_STYLE_ASSIGNMENT((#9728,#9733));
#9728 = SURFACE_STYLE_USAGE(.BOTH.,#9729);
#9729 = SURFACE_SIDE_STYLE('',(#9730));
#9730 = SURFACE_STYLE_FILL_AREA(#9731);
#9731 = FILL_AREA_STYLE('',(#9732));
#9732 = FILL_AREA_STYLE_COLOUR('',#9228);
#9733 = CURVE_STYLE('',#9734,POSITIVE_LENGTH_MEASURE(0.1),#9228);
#9734 = DRAUGHTING_PRE_DEFINED_CURVE_FONT('continuous');
#9735 = OVER_RIDING_STYLED_ITEM('overriding color',(#9736),#7226,#9717);
#9736 = PRESENTATION_STYLE_ASSIGNMENT((#9737,#9742));
#9737 = SURFACE_STYLE_USAGE(.BOTH.,#9738);
#9738 = SURFACE_SIDE_STYLE('',(#9739));
#9739 = SURFACE_STYLE_FILL_AREA(#9740);
#9740 = FILL_AREA_STYLE('',(#9741));
#9741 = FILL_AREA_STYLE_COLOUR('',#9228);
#9742 = CURVE_STYLE('',#9743,POSITIVE_LENGTH_MEASURE(0.1),#9228);
#9743 = DRAUGHTING_PRE_DEFINED_CURVE_FONT('continuous');
#9744 = STYLED_ITEM('color',(#9745),#7245);
#9745 = PRESENTATION_STYLE_ASSIGNMENT((#9746,#9751));
#9746 = SURFACE_STYLE_USAGE(.BOTH.,#9747);
#9747 = SURFACE_SIDE_STYLE('',(#9748));
#9748 = SURFACE_STYLE_FILL_AREA(#9749);
#9749 = FILL_AREA_STYLE('',(#9750));
#9750 = FILL_AREA_STYLE_COLOUR('',#9155);
#9751 = CURVE_STYLE('',#9752,POSITIVE_LENGTH_MEASURE(0.1),#9155);
#9752 = DRAUGHTING_PRE_DEFINED_CURVE_FONT('continuous');
#9753 = STYLED_ITEM('color',(#9754),#7276);
#9754 = PRESENTATION_STYLE_ASSIGNMENT((#9755,#9760));
#9755 = SURFACE_STYLE_USAGE(.BOTH.,#9756);
#9756 = SURFACE_SIDE_STYLE('',(#9757));
#9757 = SURFACE_STYLE_FILL_AREA(#9758);
#9758 = FILL_AREA_STYLE('',(#9759));
#9759 = FILL_AREA_STYLE_COLOUR('',#9155);
#9760 = CURVE_STYLE('',#9761,POSITIVE_LENGTH_MEASURE(0.1),#9155);
#9761 = DRAUGHTING_PRE_DEFINED_CURVE_FONT('continuous');
#9762 = OVER_RIDING_STYLED_ITEM('overriding color',(#9763),#7290,#9753);
#9763 = PRESENTATION_STYLE_ASSIGNMENT((#9764,#9769));
#9764 = SURFACE_STYLE_USAGE(.BOTH.,#9765);
#9765 = SURFACE_SIDE_STYLE('',(#9766));
#9766 = SURFACE_STYLE_FILL_AREA(#9767);
#9767 = FILL_AREA_STYLE('',(#9768));
#9768 = FILL_AREA_STYLE_COLOUR('',#9228);
#9769 = CURVE_STYLE('',#9770,POSITIVE_LENGTH_MEASURE(0.1),#9228);
#9770 = DRAUGHTING_PRE_DEFINED_CURVE_FONT('continuous');
#9771 = OVER_RIDING_STYLED_ITEM('overriding color',(#9772),#7306,#9753);
#9772 = PRESENTATION_STYLE_ASSIGNMENT((#9773,#9778));
#9773 = SURFACE_STYLE_USAGE(.BOTH.,#9774);
#9774 = SURFACE_SIDE_STYLE('',(#9775));
#9775 = SURFACE_STYLE_FILL_AREA(#9776);
#9776 = FILL_AREA_STYLE('',(#9777));
#9777 = FILL_AREA_STYLE_COLOUR('',#9228);
#9778 = CURVE_STYLE('',#9779,POSITIVE_LENGTH_MEASURE(0.1),#9228);
#9779 = DRAUGHTING_PRE_DEFINED_CURVE_FONT('continuous');
#9780 = STYLED_ITEM('color',(#9781),#7332);
#9781 = PRESENTATION_STYLE_ASSIGNMENT((#9782,#9787));
#9782 = SURFACE_STYLE_USAGE(.BOTH.,#9783);
#9783 = SURFACE_SIDE_STYLE('',(#9784));
#9784 = SURFACE_STYLE_FILL_AREA(#9785);
#9785 = FILL_AREA_STYLE('',(#9786));
#9786 = FILL_AREA_STYLE_COLOUR('',#9155);
#9787 = CURVE_STYLE('',#9788,POSITIVE_LENGTH_MEASURE(0.1),#9155);
#9788 = DRAUGHTING_PRE_DEFINED_CURVE_FONT('continuous');
#9789 = STYLED_ITEM('color',(#9790),#7356);
#9790 = PRESENTATION_STYLE_ASSIGNMENT((#9791,#9796));
#9791 = SURFACE_STYLE_USAGE(.BOTH.,#9792);
#9792 = SURFACE_SIDE_STYLE('',(#9793));
#9793 = SURFACE_STYLE_FILL_AREA(#9794);
#9794 = FILL_AREA_STYLE('',(#9795));
#9795 = FILL_AREA_STYLE_COLOUR('',#9155);
#9796 = CURVE_STYLE('',#9797,POSITIVE_LENGTH_MEASURE(0.1),#9155);
#9797 = DRAUGHTING_PRE_DEFINED_CURVE_FONT('continuous');
#9798 = OVER_RIDING_STYLED_ITEM('overriding color',(#9799),#7370,#9789);
#9799 = PRESENTATION_STYLE_ASSIGNMENT((#9800,#9805));
#9800 = SURFACE_STYLE_USAGE(.BOTH.,#9801);
#9801 = SURFACE_SIDE_STYLE('',(#9802));
#9802 = SURFACE_STYLE_FILL_AREA(#9803);
#9803 = FILL_AREA_STYLE('',(#9804));
#9804 = FILL_AREA_STYLE_COLOUR('',#9228);
#9805 = CURVE_STYLE('',#9806,POSITIVE_LENGTH_MEASURE(0.1),#9228);
#9806 = DRAUGHTING_PRE_DEFINED_CURVE_FONT('continuous');
#9807 = OVER_RIDING_STYLED_ITEM('overriding color',(#9808),#7386,#9789);
#9808 = PRESENTATION_STYLE_ASSIGNMENT((#9809,#9814));
#9809 = SURFACE_STYLE_USAGE(.BOTH.,#9810);
#9810 = SURFACE_SIDE_STYLE('',(#9811));
#9811 = SURFACE_STYLE_FILL_AREA(#9812);
#9812 = FILL_AREA_STYLE('',(#9813));
#9813 = FILL_AREA_STYLE_COLOUR('',#9228);
#9814 = CURVE_STYLE('',#9815,POSITIVE_LENGTH_MEASURE(0.1),#9228);
#9815 = DRAUGHTING_PRE_DEFINED_CURVE_FONT('continuous');
#9816 = STYLED_ITEM('color',(#9817),#7405);
#9817 = PRESENTATION_STYLE_ASSIGNMENT((#9818,#9823));
#9818 = SURFACE_STYLE_USAGE(.BOTH.,#9819);
#9819 = SURFACE_SIDE_STYLE('',(#9820));
#9820 = SURFACE_STYLE_FILL_AREA(#9821);
#9821 = FILL_AREA_STYLE('',(#9822));
#9822 = FILL_AREA_STYLE_COLOUR('',#9155);
#9823 = CURVE_STYLE('',#9824,POSITIVE_LENGTH_MEASURE(0.1),#9155);
#9824 = DRAUGHTING_PRE_DEFINED_CURVE_FONT('continuous');
#9825 = STYLED_ITEM('color',(#9826),#7436);
#9826 = PRESENTATION_STYLE_ASSIGNMENT((#9827,#9832));
#9827 = SURFACE_STYLE_USAGE(.BOTH.,#9828);
#9828 = SURFACE_SIDE_STYLE('',(#9829));
#9829 = SURFACE_STYLE_FILL_AREA(#9830);
#9830 = FILL_AREA_STYLE('',(#9831));
#9831 = FILL_AREA_STYLE_COLOUR('',#9155);
#9832 = CURVE_STYLE('',#9833,POSITIVE_LENGTH_MEASURE(0.1),#9155);
#9833 = DRAUGHTING_PRE_DEFINED_CURVE_FONT('continuous');
#9834 = OVER_RIDING_STYLED_ITEM('overriding color',(#9835),#7450,#9825);
#9835 = PRESENTATION_STYLE_ASSIGNMENT((#9836,#9841));
#9836 = SURFACE_STYLE_USAGE(.BOTH.,#9837);
#9837 = SURFACE_SIDE_STYLE('',(#9838));
#9838 = SURFACE_STYLE_FILL_AREA(#9839);
#9839 = FILL_AREA_STYLE('',(#9840));
#9840 = FILL_AREA_STYLE_COLOUR('',#9228);
#9841 = CURVE_STYLE('',#9842,POSITIVE_LENGTH_MEASURE(0.1),#9228);
#9842 = DRAUGHTING_PRE_DEFINED_CURVE_FONT('continuous');
#9843 = OVER_RIDING_STYLED_ITEM('overriding color',(#9844),#7466,#9825);
#9844 = PRESENTATION_STYLE_ASSIGNMENT((#9845,#9850));
#9845 = SURFACE_STYLE_USAGE(.BOTH.,#9846);
#9846 = SURFACE_SIDE_STYLE('',(#9847));
#9847 = SURFACE_STYLE_FILL_AREA(#9848);
#9848 = FILL_AREA_STYLE('',(#9849));
#9849 = FILL_AREA_STYLE_COLOUR('',#9228);
#9850 = CURVE_STYLE('',#9851,POSITIVE_LENGTH_MEASURE(0.1),#9228);
#9851 = DRAUGHTING_PRE_DEFINED_CURVE_FONT('continuous');
#9852 = STYLED_ITEM('color',(#9853),#7492);
#9853 = PRESENTATION_STYLE_ASSIGNMENT((#9854,#9859));
#9854 = SURFACE_STYLE_USAGE(.BOTH.,#9855);
#9855 = SURFACE_SIDE_STYLE('',(#9856));
#9856 = SURFACE_STYLE_FILL_AREA(#9857);
#9857 = FILL_AREA_STYLE('',(#9858));
#9858 = FILL_AREA_STYLE_COLOUR('',#9155);
#9859 = CURVE_STYLE('',#9860,POSITIVE_LENGTH_MEASURE(0.1),#9155);
#9860 = DRAUGHTING_PRE_DEFINED_CURVE_FONT('continuous');
#9861 = STYLED_ITEM('color',(#9862),#7516);
#9862 = PRESENTATION_STYLE_ASSIGNMENT((#9863,#9868));
#9863 = SURFACE_STYLE_USAGE(.BOTH.,#9864);
#9864 = SURFACE_SIDE_STYLE('',(#9865));
#9865 = SURFACE_STYLE_FILL_AREA(#9866);
#9866 = FILL_AREA_STYLE('',(#9867));
#9867 = FILL_AREA_STYLE_COLOUR('',#9155);
#9868 = CURVE_STYLE('',#9869,POSITIVE_LENGTH_MEASURE(0.1),#9155);
#9869 = DRAUGHTING_PRE_DEFINED_CURVE_FONT('continuous');
#9870 = OVER_RIDING_STYLED_ITEM('overriding color',(#9871),#7530,#9861);
#9871 = PRESENTATION_STYLE_ASSIGNMENT((#9872,#9877));
#9872 = SURFACE_STYLE_USAGE(.BOTH.,#9873);
#9873 = SURFACE_SIDE_STYLE('',(#9874));
#9874 = SURFACE_STYLE_FILL_AREA(#9875);
#9875 = FILL_AREA_STYLE('',(#9876));
#9876 = FILL_AREA_STYLE_COLOUR('',#9228);
#9877 = CURVE_STYLE('',#9878,POSITIVE_LENGTH_MEASURE(0.1),#9228);
#9878 = DRAUGHTING_PRE_DEFINED_CURVE_FONT('continuous');
#9879 = OVER_RIDING_STYLED_ITEM('overriding color',(#9880),#7546,#9861);
#9880 = PRESENTATION_STYLE_ASSIGNMENT((#9881,#9886));
#9881 = SURFACE_STYLE_USAGE(.BOTH.,#9882);
#9882 = SURFACE_SIDE_STYLE('',(#9883));
#9883 = SURFACE_STYLE_FILL_AREA(#9884);
#9884 = FILL_AREA_STYLE('',(#9885));
#9885 = FILL_AREA_STYLE_COLOUR('',#9228);
#9886 = CURVE_STYLE('',#9887,POSITIVE_LENGTH_MEASURE(0.1),#9228);
#9887 = DRAUGHTING_PRE_DEFINED_CURVE_FONT('continuous');
#9888 = STYLED_ITEM('color',(#9889),#7565);
#9889 = PRESENTATION_STYLE_ASSIGNMENT((#9890,#9895));
#9890 = SURFACE_STYLE_USAGE(.BOTH.,#9891);
#9891 = SURFACE_SIDE_STYLE('',(#9892));
#9892 = SURFACE_STYLE_FILL_AREA(#9893);
#9893 = FILL_AREA_STYLE('',(#9894));
#9894 = FILL_AREA_STYLE_COLOUR('',#9228);
#9895 = CURVE_STYLE('',#9896,POSITIVE_LENGTH_MEASURE(0.1),#9228);
#9896 = DRAUGHTING_PRE_DEFINED_CURVE_FONT('continuous');
#9897 = STYLED_ITEM('color',(#9898),#7582);
#9898 = PRESENTATION_STYLE_ASSIGNMENT((#9899,#9904));
#9899 = SURFACE_STYLE_USAGE(.BOTH.,#9900);
#9900 = SURFACE_SIDE_STYLE('',(#9901));
#9901 = SURFACE_STYLE_FILL_AREA(#9902);
#9902 = FILL_AREA_STYLE('',(#9903));
#9903 = FILL_AREA_STYLE_COLOUR('',#9228);
#9904 = CURVE_STYLE('',#9905,POSITIVE_LENGTH_MEASURE(0.1),#9228);
#9905 = DRAUGHTING_PRE_DEFINED_CURVE_FONT('continuous');
#9906 = STYLED_ITEM('color',(#9907),#7599);
#9907 = PRESENTATION_STYLE_ASSIGNMENT((#9908,#9913));
#9908 = SURFACE_STYLE_USAGE(.BOTH.,#9909);
#9909 = SURFACE_SIDE_STYLE('',(#9910));
#9910 = SURFACE_STYLE_FILL_AREA(#9911);
#9911 = FILL_AREA_STYLE('',(#9912));
#9912 = FILL_AREA_STYLE_COLOUR('',#9228);
#9913 = CURVE_STYLE('',#9914,POSITIVE_LENGTH_MEASURE(0.1),#9228);
#9914 = DRAUGHTING_PRE_DEFINED_CURVE_FONT('continuous');
#9915 = STYLED_ITEM('color',(#9916),#7616);
#9916 = PRESENTATION_STYLE_ASSIGNMENT((#9917,#9922));
#9917 = SURFACE_STYLE_USAGE(.BOTH.,#9918);
#9918 = SURFACE_SIDE_STYLE('',(#9919));
#9919 = SURFACE_STYLE_FILL_AREA(#9920);
#9920 = FILL_AREA_STYLE('',(#9921));
#9921 = FILL_AREA_STYLE_COLOUR('',#9228);
#9922 = CURVE_STYLE('',#9923,POSITIVE_LENGTH_MEASURE(0.1),#9228);
#9923 = DRAUGHTING_PRE_DEFINED_CURVE_FONT('continuous');
#9924 = STYLED_ITEM('color',(#9925),#7633);
#9925 = PRESENTATION_STYLE_ASSIGNMENT((#9926,#9931));
#9926 = SURFACE_STYLE_USAGE(.BOTH.,#9927);
#9927 = SURFACE_SIDE_STYLE('',(#9928));
#9928 = SURFACE_STYLE_FILL_AREA(#9929);
#9929 = FILL_AREA_STYLE('',(#9930));
#9930 = FILL_AREA_STYLE_COLOUR('',#9228);
#9931 = CURVE_STYLE('',#9932,POSITIVE_LENGTH_MEASURE(0.1),#9228);
#9932 = DRAUGHTING_PRE_DEFINED_CURVE_FONT('continuous');
#9933 = STYLED_ITEM('color',(#9934),#7645);
#9934 = PRESENTATION_STYLE_ASSIGNMENT((#9935,#9940));
#9935 = SURFACE_STYLE_USAGE(.BOTH.,#9936);
#9936 = SURFACE_SIDE_STYLE('',(#9937));
#9937 = SURFACE_STYLE_FILL_AREA(#9938);
#9938 = FILL_AREA_STYLE('',(#9939));
#9939 = FILL_AREA_STYLE_COLOUR('',#9228);
#9940 = CURVE_STYLE('',#9941,POSITIVE_LENGTH_MEASURE(0.1),#9228);
#9941 = DRAUGHTING_PRE_DEFINED_CURVE_FONT('continuous');
#9942 = STYLED_ITEM('color',(#9943),#7662);
#9943 = PRESENTATION_STYLE_ASSIGNMENT((#9944,#9949));
#9944 = SURFACE_STYLE_USAGE(.BOTH.,#9945);
#9945 = SURFACE_SIDE_STYLE('',(#9946));
#9946 = SURFACE_STYLE_FILL_AREA(#9947);
#9947 = FILL_AREA_STYLE('',(#9948));
#9948 = FILL_AREA_STYLE_COLOUR('',#9228);
#9949 = CURVE_STYLE('',#9950,POSITIVE_LENGTH_MEASURE(0.1),#9228);
#9950 = DRAUGHTING_PRE_DEFINED_CURVE_FONT('continuous');
#9951 = STYLED_ITEM('color',(#9952),#7679);
#9952 = PRESENTATION_STYLE_ASSIGNMENT((#9953,#9958));
#9953 = SURFACE_STYLE_USAGE(.BOTH.,#9954);
#9954 = SURFACE_SIDE_STYLE('',(#9955));
#9955 = SURFACE_STYLE_FILL_AREA(#9956);
#9956 = FILL_AREA_STYLE('',(#9957));
#9957 = FILL_AREA_STYLE_COLOUR('',#9228);
#9958 = CURVE_STYLE('',#9959,POSITIVE_LENGTH_MEASURE(0.1),#9228);
#9959 = DRAUGHTING_PRE_DEFINED_CURVE_FONT('continuous');
#9960 = STYLED_ITEM('color',(#9961),#7696);
#9961 = PRESENTATION_STYLE_ASSIGNMENT((#9962,#9967));
#9962 = SURFACE_STYLE_USAGE(.BOTH.,#9963);
#9963 = SURFACE_SIDE_STYLE('',(#9964));
#9964 = SURFACE_STYLE_FILL_AREA(#9965);
#9965 = FILL_AREA_STYLE('',(#9966));
#9966 = FILL_AREA_STYLE_COLOUR('',#9228);
#9967 = CURVE_STYLE('',#9968,POSITIVE_LENGTH_MEASURE(0.1),#9228);
#9968 = DRAUGHTING_PRE_DEFINED_CURVE_FONT('continuous');
#9969 = STYLED_ITEM('color',(#9970),#7713);
#9970 = PRESENTATION_STYLE_ASSIGNMENT((#9971,#9976));
#9971 = SURFACE_STYLE_USAGE(.BOTH.,#9972);
#9972 = SURFACE_SIDE_STYLE('',(#9973));
#9973 = SURFACE_STYLE_FILL_AREA(#9974);
#9974 = FILL_AREA_STYLE('',(#9975));
#9975 = FILL_AREA_STYLE_COLOUR('',#9228);
#9976 = CURVE_STYLE('',#9977,POSITIVE_LENGTH_MEASURE(0.1),#9228);
#9977 = DRAUGHTING_PRE_DEFINED_CURVE_FONT('continuous');
#9978 = STYLED_ITEM('color',(#9979),#7725);
#9979 = PRESENTATION_STYLE_ASSIGNMENT((#9980,#9985));
#9980 = SURFACE_STYLE_USAGE(.BOTH.,#9981);
#9981 = SURFACE_SIDE_STYLE('',(#9982));
#9982 = SURFACE_STYLE_FILL_AREA(#9983);
#9983 = FILL_AREA_STYLE('',(#9984));
#9984 = FILL_AREA_STYLE_COLOUR('',#9228);
#9985 = CURVE_STYLE('',#9986,POSITIVE_LENGTH_MEASURE(0.1),#9228);
#9986 = DRAUGHTING_PRE_DEFINED_CURVE_FONT('continuous');
#9987 = STYLED_ITEM('color',(#9988),#7742);
#9988 = PRESENTATION_STYLE_ASSIGNMENT((#9989,#9994));
#9989 = SURFACE_STYLE_USAGE(.BOTH.,#9990);
#9990 = SURFACE_SIDE_STYLE('',(#9991));
#9991 = SURFACE_STYLE_FILL_AREA(#9992);
#9992 = FILL_AREA_STYLE('',(#9993));
#9993 = FILL_AREA_STYLE_COLOUR('',#9228);
#9994 = CURVE_STYLE('',#9995,POSITIVE_LENGTH_MEASURE(0.1),#9228);
#9995 = DRAUGHTING_PRE_DEFINED_CURVE_FONT('continuous');
#9996 = STYLED_ITEM('color',(#9997),#7759);
#9997 = PRESENTATION_STYLE_ASSIGNMENT((#9998,#10003));
#9998 = SURFACE_STYLE_USAGE(.BOTH.,#9999);
#9999 = SURFACE_SIDE_STYLE('',(#10000));
#10000 = SURFACE_STYLE_FILL_AREA(#10001);
#10001 = FILL_AREA_STYLE('',(#10002));
#10002 = FILL_AREA_STYLE_COLOUR('',#9228);
#10003 = CURVE_STYLE('',#10004,POSITIVE_LENGTH_MEASURE(0.1),#9228);
#10004 = DRAUGHTING_PRE_DEFINED_CURVE_FONT('continuous');
#10005 = STYLED_ITEM('color',(#10006),#7776);
#10006 = PRESENTATION_STYLE_ASSIGNMENT((#10007,#10012));
#10007 = SURFACE_STYLE_USAGE(.BOTH.,#10008);
#10008 = SURFACE_SIDE_STYLE('',(#10009));
#10009 = SURFACE_STYLE_FILL_AREA(#10010);
#10010 = FILL_AREA_STYLE('',(#10011));
#10011 = FILL_AREA_STYLE_COLOUR('',#9228);
#10012 = CURVE_STYLE('',#10013,POSITIVE_LENGTH_MEASURE(0.1),#9228);
#10013 = DRAUGHTING_PRE_DEFINED_CURVE_FONT('continuous');
#10014 = STYLED_ITEM('color',(#10015),#7793);
#10015 = PRESENTATION_STYLE_ASSIGNMENT((#10016,#10021));
#10016 = SURFACE_STYLE_USAGE(.BOTH.,#10017);
#10017 = SURFACE_SIDE_STYLE('',(#10018));
#10018 = SURFACE_STYLE_FILL_AREA(#10019);
#10019 = FILL_AREA_STYLE('',(#10020));
#10020 = FILL_AREA_STYLE_COLOUR('',#9228);
#10021 = CURVE_STYLE('',#10022,POSITIVE_LENGTH_MEASURE(0.1),#9228);
#10022 = DRAUGHTING_PRE_DEFINED_CURVE_FONT('continuous');
#10023 = STYLED_ITEM('color',(#10024),#7805);
#10024 = PRESENTATION_STYLE_ASSIGNMENT((#10025,#10030));
#10025 = SURFACE_STYLE_USAGE(.BOTH.,#10026);
#10026 = SURFACE_SIDE_STYLE('',(#10027));
#10027 = SURFACE_STYLE_FILL_AREA(#10028);
#10028 = FILL_AREA_STYLE('',(#10029));
#10029 = FILL_AREA_STYLE_COLOUR('',#9228);
#10030 = CURVE_STYLE('',#10031,POSITIVE_LENGTH_MEASURE(0.1),#9228);
#10031 = DRAUGHTING_PRE_DEFINED_CURVE_FONT('continuous');
#10032 = STYLED_ITEM('color',(#10033),#7822);
#10033 = PRESENTATION_STYLE_ASSIGNMENT((#10034,#10039));
#10034 = SURFACE_STYLE_USAGE(.BOTH.,#10035);
#10035 = SURFACE_SIDE_STYLE('',(#10036));
#10036 = SURFACE_STYLE_FILL_AREA(#10037);
#10037 = FILL_AREA_STYLE('',(#10038));
#10038 = FILL_AREA_STYLE_COLOUR('',#9228);
#10039 = CURVE_STYLE('',#10040,POSITIVE_LENGTH_MEASURE(0.1),#9228);
#10040 = DRAUGHTING_PRE_DEFINED_CURVE_FONT('continuous');
#10041 = STYLED_ITEM('color',(#10042),#7839);
#10042 = PRESENTATION_STYLE_ASSIGNMENT((#10043,#10048));
#10043 = SURFACE_STYLE_USAGE(.BOTH.,#10044);
#10044 = SURFACE_SIDE_STYLE('',(#10045));
#10045 = SURFACE_STYLE_FILL_AREA(#10046);
#10046 = FILL_AREA_STYLE('',(#10047));
#10047 = FILL_AREA_STYLE_COLOUR('',#9228);
#10048 = CURVE_STYLE('',#10049,POSITIVE_LENGTH_MEASURE(0.1),#9228);
#10049 = DRAUGHTING_PRE_DEFINED_CURVE_FONT('continuous');
#10050 = STYLED_ITEM('color',(#10051),#7856);
#10051 = PRESENTATION_STYLE_ASSIGNMENT((#10052,#10057));
#10052 = SURFACE_STYLE_USAGE(.BOTH.,#10053);
#10053 = SURFACE_SIDE_STYLE('',(#10054));
#10054 = SURFACE_STYLE_FILL_AREA(#10055);
#10055 = FILL_AREA_STYLE('',(#10056));
#10056 = FILL_AREA_STYLE_COLOUR('',#9228);
#10057 = CURVE_STYLE('',#10058,POSITIVE_LENGTH_MEASURE(0.1),#9228);
#10058 = DRAUGHTING_PRE_DEFINED_CURVE_FONT('continuous');
#10059 = STYLED_ITEM('color',(#10060),#7873);
#10060 = PRESENTATION_STYLE_ASSIGNMENT((#10061,#10066));
#10061 = SURFACE_STYLE_USAGE(.BOTH.,#10062);
#10062 = SURFACE_SIDE_STYLE('',(#10063));
#10063 = SURFACE_STYLE_FILL_AREA(#10064);
#10064 = FILL_AREA_STYLE('',(#10065));
#10065 = FILL_AREA_STYLE_COLOUR('',#9228);
#10066 = CURVE_STYLE('',#10067,POSITIVE_LENGTH_MEASURE(0.1),#9228);
#10067 = DRAUGHTING_PRE_DEFINED_CURVE_FONT('continuous');
#10068 = STYLED_ITEM('color',(#10069),#7885);
#10069 = PRESENTATION_STYLE_ASSIGNMENT((#10070,#10075));
#10070 = SURFACE_STYLE_USAGE(.BOTH.,#10071);
#10071 = SURFACE_SIDE_STYLE('',(#10072));
#10072 = SURFACE_STYLE_FILL_AREA(#10073);
#10073 = FILL_AREA_STYLE('',(#10074));
#10074 = FILL_AREA_STYLE_COLOUR('',#9155);
#10075 = CURVE_STYLE('',#10076,POSITIVE_LENGTH_MEASURE(0.1),#9155);
#10076 = DRAUGHTING_PRE_DEFINED_CURVE_FONT('continuous');
#10077 = OVER_RIDING_STYLED_ITEM('overriding color',(#10078),#7892,
  #10068);
#10078 = PRESENTATION_STYLE_ASSIGNMENT((#10079,#10084));
#10079 = SURFACE_STYLE_USAGE(.BOTH.,#10080);
#10080 = SURFACE_SIDE_STYLE('',(#10081));
#10081 = SURFACE_STYLE_FILL_AREA(#10082);
#10082 = FILL_AREA_STYLE('',(#10083));
#10083 = FILL_AREA_STYLE_COLOUR('',#9228);
#10084 = CURVE_STYLE('',#10085,POSITIVE_LENGTH_MEASURE(0.1),#9228);
#10085 = DRAUGHTING_PRE_DEFINED_CURVE_FONT('continuous');
#10086 = STYLED_ITEM('color',(#10087),#7902);
#10087 = PRESENTATION_STYLE_ASSIGNMENT((#10088,#10093));
#10088 = SURFACE_STYLE_USAGE(.BOTH.,#10089);
#10089 = SURFACE_SIDE_STYLE('',(#10090));
#10090 = SURFACE_STYLE_FILL_AREA(#10091);
#10091 = FILL_AREA_STYLE('',(#10092));
#10092 = FILL_AREA_STYLE_COLOUR('',#9155);
#10093 = CURVE_STYLE('',#10094,POSITIVE_LENGTH_MEASURE(0.1),#9155);
#10094 = DRAUGHTING_PRE_DEFINED_CURVE_FONT('continuous');
#10095 = OVER_RIDING_STYLED_ITEM('overriding color',(#10096),#7907,
  #10086);
#10096 = PRESENTATION_STYLE_ASSIGNMENT((#10097,#10102));
#10097 = SURFACE_STYLE_USAGE(.BOTH.,#10098);
#10098 = SURFACE_SIDE_STYLE('',(#10099));
#10099 = SURFACE_STYLE_FILL_AREA(#10100);
#10100 = FILL_AREA_STYLE('',(#10101));
#10101 = FILL_AREA_STYLE_COLOUR('',#9228);
#10102 = CURVE_STYLE('',#10103,POSITIVE_LENGTH_MEASURE(0.1),#9228);
#10103 = DRAUGHTING_PRE_DEFINED_CURVE_FONT('continuous');
#10104 = STYLED_ITEM('color',(#10105),#7919);
#10105 = PRESENTATION_STYLE_ASSIGNMENT((#10106,#10111));
#10106 = SURFACE_STYLE_USAGE(.BOTH.,#10107);
#10107 = SURFACE_SIDE_STYLE('',(#10108));
#10108 = SURFACE_STYLE_FILL_AREA(#10109);
#10109 = FILL_AREA_STYLE('',(#10110));
#10110 = FILL_AREA_STYLE_COLOUR('',#9228);
#10111 = CURVE_STYLE('',#10112,POSITIVE_LENGTH_MEASURE(0.1),#9228);
#10112 = DRAUGHTING_PRE_DEFINED_CURVE_FONT('continuous');
#10113 = STYLED_ITEM('color',(#10114),#7968);
#10114 = PRESENTATION_STYLE_ASSIGNMENT((#10115,#10120));
#10115 = SURFACE_STYLE_USAGE(.BOTH.,#10116);
#10116 = SURFACE_SIDE_STYLE('',(#10117));
#10117 = SURFACE_STYLE_FILL_AREA(#10118);
#10118 = FILL_AREA_STYLE('',(#10119));
#10119 = FILL_AREA_STYLE_COLOUR('',#9228);
#10120 = CURVE_STYLE('',#10121,POSITIVE_LENGTH_MEASURE(0.1),#9228);
#10121 = DRAUGHTING_PRE_DEFINED_CURVE_FONT('continuous');
#10122 = STYLED_ITEM('color',(#10123),#7992);
#10123 = PRESENTATION_STYLE_ASSIGNMENT((#10124,#10129));
#10124 = SURFACE_STYLE_USAGE(.BOTH.,#10125);
#10125 = SURFACE_SIDE_STYLE('',(#10126));
#10126 = SURFACE_STYLE_FILL_AREA(#10127);
#10127 = FILL_AREA_STYLE('',(#10128));
#10128 = FILL_AREA_STYLE_COLOUR('',#9228);
#10129 = CURVE_STYLE('',#10130,POSITIVE_LENGTH_MEASURE(0.1),#9228);
#10130 = DRAUGHTING_PRE_DEFINED_CURVE_FONT('continuous');
#10131 = STYLED_ITEM('color',(#10132),#8034);
#10132 = PRESENTATION_STYLE_ASSIGNMENT((#10133,#10138));
#10133 = SURFACE_STYLE_USAGE(.BOTH.,#10134);
#10134 = SURFACE_SIDE_STYLE('',(#10135));
#10135 = SURFACE_STYLE_FILL_AREA(#10136);
#10136 = FILL_AREA_STYLE('',(#10137));
#10137 = FILL_AREA_STYLE_COLOUR('',#9228);
#10138 = CURVE_STYLE('',#10139,POSITIVE_LENGTH_MEASURE(0.1),#9228);
#10139 = DRAUGHTING_PRE_DEFINED_CURVE_FONT('continuous');
#10140 = STYLED_ITEM('color',(#10141),#8051);
#10141 = PRESENTATION_STYLE_ASSIGNMENT((#10142,#10147));
#10142 = SURFACE_STYLE_USAGE(.BOTH.,#10143);
#10143 = SURFACE_SIDE_STYLE('',(#10144));
#10144 = SURFACE_STYLE_FILL_AREA(#10145);
#10145 = FILL_AREA_STYLE('',(#10146));
#10146 = FILL_AREA_STYLE_COLOUR('',#9155);
#10147 = CURVE_STYLE('',#10148,POSITIVE_LENGTH_MEASURE(0.1),#9155);
#10148 = DRAUGHTING_PRE_DEFINED_CURVE_FONT('continuous');
#10149 = OVER_RIDING_STYLED_ITEM('overriding color',(#10150),#8058,
  #10140);
#10150 = PRESENTATION_STYLE_ASSIGNMENT((#10151,#10156));
#10151 = SURFACE_STYLE_USAGE(.BOTH.,#10152);
#10152 = SURFACE_SIDE_STYLE('',(#10153));
#10153 = SURFACE_STYLE_FILL_AREA(#10154);
#10154 = FILL_AREA_STYLE('',(#10155));
#10155 = FILL_AREA_STYLE_COLOUR('',#9228);
#10156 = CURVE_STYLE('',#10157,POSITIVE_LENGTH_MEASURE(0.1),#9228);
#10157 = DRAUGHTING_PRE_DEFINED_CURVE_FONT('continuous');
#10158 = STYLED_ITEM('color',(#10159),#8068);
#10159 = PRESENTATION_STYLE_ASSIGNMENT((#10160,#10165));
#10160 = SURFACE_STYLE_USAGE(.BOTH.,#10161);
#10161 = SURFACE_SIDE_STYLE('',(#10162));
#10162 = SURFACE_STYLE_FILL_AREA(#10163);
#10163 = FILL_AREA_STYLE('',(#10164));
#10164 = FILL_AREA_STYLE_COLOUR('',#9155);
#10165 = CURVE_STYLE('',#10166,POSITIVE_LENGTH_MEASURE(0.1),#9155);
#10166 = DRAUGHTING_PRE_DEFINED_CURVE_FONT('continuous');
#10167 = OVER_RIDING_STYLED_ITEM('overriding color',(#10168),#8073,
  #10158);
#10168 = PRESENTATION_STYLE_ASSIGNMENT((#10169,#10174));
#10169 = SURFACE_STYLE_USAGE(.BOTH.,#10170);
#10170 = SURFACE_SIDE_STYLE('',(#10171));
#10171 = SURFACE_STYLE_FILL_AREA(#10172);
#10172 = FILL_AREA_STYLE('',(#10173));
#10173 = FILL_AREA_STYLE_COLOUR('',#9228);
#10174 = CURVE_STYLE('',#10175,POSITIVE_LENGTH_MEASURE(0.1),#9228);
#10175 = DRAUGHTING_PRE_DEFINED_CURVE_FONT('continuous');
#10176 = STYLED_ITEM('color',(#10177),#8085);
#10177 = PRESENTATION_STYLE_ASSIGNMENT((#10178,#10183));
#10178 = SURFACE_STYLE_USAGE(.BOTH.,#10179);
#10179 = SURFACE_SIDE_STYLE('',(#10180));
#10180 = SURFACE_STYLE_FILL_AREA(#10181);
#10181 = FILL_AREA_STYLE('',(#10182));
#10182 = FILL_AREA_STYLE_COLOUR('',#9228);
#10183 = CURVE_STYLE('',#10184,POSITIVE_LENGTH_MEASURE(0.1),#9228);
#10184 = DRAUGHTING_PRE_DEFINED_CURVE_FONT('continuous');
#10185 = STYLED_ITEM('color',(#10186),#8134);
#10186 = PRESENTATION_STYLE_ASSIGNMENT((#10187,#10192));
#10187 = SURFACE_STYLE_USAGE(.BOTH.,#10188);
#10188 = SURFACE_SIDE_STYLE('',(#10189));
#10189 = SURFACE_STYLE_FILL_AREA(#10190);
#10190 = FILL_AREA_STYLE('',(#10191));
#10191 = FILL_AREA_STYLE_COLOUR('',#9228);
#10192 = CURVE_STYLE('',#10193,POSITIVE_LENGTH_MEASURE(0.1),#9228);
#10193 = DRAUGHTING_PRE_DEFINED_CURVE_FONT('continuous');
#10194 = STYLED_ITEM('color',(#10195),#8158);
#10195 = PRESENTATION_STYLE_ASSIGNMENT((#10196,#10201));
#10196 = SURFACE_STYLE_USAGE(.BOTH.,#10197);
#10197 = SURFACE_SIDE_STYLE('',(#10198));
#10198 = SURFACE_STYLE_FILL_AREA(#10199);
#10199 = FILL_AREA_STYLE('',(#10200));
#10200 = FILL_AREA_STYLE_COLOUR('',#9228);
#10201 = CURVE_STYLE('',#10202,POSITIVE_LENGTH_MEASURE(0.1),#9228);
#10202 = DRAUGHTING_PRE_DEFINED_CURVE_FONT('continuous');
#10203 = STYLED_ITEM('color',(#10204),#8200);
#10204 = PRESENTATION_STYLE_ASSIGNMENT((#10205,#10210));
#10205 = SURFACE_STYLE_USAGE(.BOTH.,#10206);
#10206 = SURFACE_SIDE_STYLE('',(#10207));
#10207 = SURFACE_STYLE_FILL_AREA(#10208);
#10208 = FILL_AREA_STYLE('',(#10209));
#10209 = FILL_AREA_STYLE_COLOUR('',#9228);
#10210 = CURVE_STYLE('',#10211,POSITIVE_LENGTH_MEASURE(0.1),#9228);
#10211 = DRAUGHTING_PRE_DEFINED_CURVE_FONT('continuous');
#10212 = STYLED_ITEM('color',(#10213),#8217);
#10213 = PRESENTATION_STYLE_ASSIGNMENT((#10214,#10219));
#10214 = SURFACE_STYLE_USAGE(.BOTH.,#10215);
#10215 = SURFACE_SIDE_STYLE('',(#10216));
#10216 = SURFACE_STYLE_FILL_AREA(#10217);
#10217 = FILL_AREA_STYLE('',(#10218));
#10218 = FILL_AREA_STYLE_COLOUR('',#9155);
#10219 = CURVE_STYLE('',#10220,POSITIVE_LENGTH_MEASURE(0.1),#9155);
#10220 = DRAUGHTING_PRE_DEFINED_CURVE_FONT('continuous');
#10221 = OVER_RIDING_STYLED_ITEM('overriding color',(#10222),#8224,
  #10212);
#10222 = PRESENTATION_STYLE_ASSIGNMENT((#10223,#10228));
#10223 = SURFACE_STYLE_USAGE(.BOTH.,#10224);
#10224 = SURFACE_SIDE_STYLE('',(#10225));
#10225 = SURFACE_STYLE_FILL_AREA(#10226);
#10226 = FILL_AREA_STYLE('',(#10227));
#10227 = FILL_AREA_STYLE_COLOUR('',#9228);
#10228 = CURVE_STYLE('',#10229,POSITIVE_LENGTH_MEASURE(0.1),#9228);
#10229 = DRAUGHTING_PRE_DEFINED_CURVE_FONT('continuous');
#10230 = STYLED_ITEM('color',(#10231),#8234);
#10231 = PRESENTATION_STYLE_ASSIGNMENT((#10232,#10237));
#10232 = SURFACE_STYLE_USAGE(.BOTH.,#10233);
#10233 = SURFACE_SIDE_STYLE('',(#10234));
#10234 = SURFACE_STYLE_FILL_AREA(#10235);
#10235 = FILL_AREA_STYLE('',(#10236));
#10236 = FILL_AREA_STYLE_COLOUR('',#9155);
#10237 = CURVE_STYLE('',#10238,POSITIVE_LENGTH_MEASURE(0.1),#9155);
#10238 = DRAUGHTING_PRE_DEFINED_CURVE_FONT('continuous');
#10239 = OVER_RIDING_STYLED_ITEM('overriding color',(#10240),#8239,
  #10230);
#10240 = PRESENTATION_STYLE_ASSIGNMENT((#10241,#10246));
#10241 = SURFACE_STYLE_USAGE(.BOTH.,#10242);
#10242 = SURFACE_SIDE_STYLE('',(#10243));
#10243 = SURFACE_STYLE_FILL_AREA(#10244);
#10244 = FILL_AREA_STYLE('',(#10245));
#10245 = FILL_AREA_STYLE_COLOUR('',#9228);
#10246 = CURVE_STYLE('',#10247,POSITIVE_LENGTH_MEASURE(0.1),#9228);
#10247 = DRAUGHTING_PRE_DEFINED_CURVE_FONT('continuous');
#10248 = STYLED_ITEM('color',(#10249),#8251);
#10249 = PRESENTATION_STYLE_ASSIGNMENT((#10250,#10255));
#10250 = SURFACE_STYLE_USAGE(.BOTH.,#10251);
#10251 = SURFACE_SIDE_STYLE('',(#10252));
#10252 = SURFACE_STYLE_FILL_AREA(#10253);
#10253 = FILL_AREA_STYLE('',(#10254));
#10254 = FILL_AREA_STYLE_COLOUR('',#9228);
#10255 = CURVE_STYLE('',#10256,POSITIVE_LENGTH_MEASURE(0.1),#9228);
#10256 = DRAUGHTING_PRE_DEFINED_CURVE_FONT('continuous');
#10257 = STYLED_ITEM('color',(#10258),#8300);
#10258 = PRESENTATION_STYLE_ASSIGNMENT((#10259,#10264));
#10259 = SURFACE_STYLE_USAGE(.BOTH.,#10260);
#10260 = SURFACE_SIDE_STYLE('',(#10261));
#10261 = SURFACE_STYLE_FILL_AREA(#10262);
#10262 = FILL_AREA_STYLE('',(#10263));
#10263 = FILL_AREA_STYLE_COLOUR('',#9228);
#10264 = CURVE_STYLE('',#10265,POSITIVE_LENGTH_MEASURE(0.1),#9228);
#10265 = DRAUGHTING_PRE_DEFINED_CURVE_FONT('continuous');
#10266 = STYLED_ITEM('color',(#10267),#8324);
#10267 = PRESENTATION_STYLE_ASSIGNMENT((#10268,#10273));
#10268 = SURFACE_STYLE_USAGE(.BOTH.,#10269);
#10269 = SURFACE_SIDE_STYLE('',(#10270));
#10270 = SURFACE_STYLE_FILL_AREA(#10271);
#10271 = FILL_AREA_STYLE('',(#10272));
#10272 = FILL_AREA_STYLE_COLOUR('',#9228);
#10273 = CURVE_STYLE('',#10274,POSITIVE_LENGTH_MEASURE(0.1),#9228);
#10274 = DRAUGHTING_PRE_DEFINED_CURVE_FONT('continuous');
#10275 = STYLED_ITEM('color',(#10276),#8366);
#10276 = PRESENTATION_STYLE_ASSIGNMENT((#10277,#10282));
#10277 = SURFACE_STYLE_USAGE(.BOTH.,#10278);
#10278 = SURFACE_SIDE_STYLE('',(#10279));
#10279 = SURFACE_STYLE_FILL_AREA(#10280);
#10280 = FILL_AREA_STYLE('',(#10281));
#10281 = FILL_AREA_STYLE_COLOUR('',#9228);
#10282 = CURVE_STYLE('',#10283,POSITIVE_LENGTH_MEASURE(0.1),#9228);
#10283 = DRAUGHTING_PRE_DEFINED_CURVE_FONT('continuous');
#10284 = STYLED_ITEM('color',(#10285),#8383);
#10285 = PRESENTATION_STYLE_ASSIGNMENT((#10286,#10291));
#10286 = SURFACE_STYLE_USAGE(.BOTH.,#10287);
#10287 = SURFACE_SIDE_STYLE('',(#10288));
#10288 = SURFACE_STYLE_FILL_AREA(#10289);
#10289 = FILL_AREA_STYLE('',(#10290));
#10290 = FILL_AREA_STYLE_COLOUR('',#9155);
#10291 = CURVE_STYLE('',#10292,POSITIVE_LENGTH_MEASURE(0.1),#9155);
#10292 = DRAUGHTING_PRE_DEFINED_CURVE_FONT('continuous');
#10293 = OVER_RIDING_STYLED_ITEM('overriding color',(#10294),#8390,
  #10284);
#10294 = PRESENTATION_STYLE_ASSIGNMENT((#10295,#10300));
#10295 = SURFACE_STYLE_USAGE(.BOTH.,#10296);
#10296 = SURFACE_SIDE_STYLE('',(#10297));
#10297 = SURFACE_STYLE_FILL_AREA(#10298);
#10298 = FILL_AREA_STYLE('',(#10299));
#10299 = FILL_AREA_STYLE_COLOUR('',#9228);
#10300 = CURVE_STYLE('',#10301,POSITIVE_LENGTH_MEASURE(0.1),#9228);
#10301 = DRAUGHTING_PRE_DEFINED_CURVE_FONT('continuous');
#10302 = STYLED_ITEM('color',(#10303),#8400);
#10303 = PRESENTATION_STYLE_ASSIGNMENT((#10304,#10309));
#10304 = SURFACE_STYLE_USAGE(.BOTH.,#10305);
#10305 = SURFACE_SIDE_STYLE('',(#10306));
#10306 = SURFACE_STYLE_FILL_AREA(#10307);
#10307 = FILL_AREA_STYLE('',(#10308));
#10308 = FILL_AREA_STYLE_COLOUR('',#9155);
#10309 = CURVE_STYLE('',#10310,POSITIVE_LENGTH_MEASURE(0.1),#9155);
#10310 = DRAUGHTING_PRE_DEFINED_CURVE_FONT('continuous');
#10311 = OVER_RIDING_STYLED_ITEM('overriding color',(#10312),#8405,
  #10302);
#10312 = PRESENTATION_STYLE_ASSIGNMENT((#10313,#10318));
#10313 = SURFACE_STYLE_USAGE(.BOTH.,#10314);
#10314 = SURFACE_SIDE_STYLE('',(#10315));
#10315 = SURFACE_STYLE_FILL_AREA(#10316);
#10316 = FILL_AREA_STYLE('',(#10317));
#10317 = FILL_AREA_STYLE_COLOUR('',#9228);
#10318 = CURVE_STYLE('',#10319,POSITIVE_LENGTH_MEASURE(0.1),#9228);
#10319 = DRAUGHTING_PRE_DEFINED_CURVE_FONT('continuous');
#10320 = STYLED_ITEM('color',(#10321),#8417);
#10321 = PRESENTATION_STYLE_ASSIGNMENT((#10322,#10327));
#10322 = SURFACE_STYLE_USAGE(.BOTH.,#10323);
#10323 = SURFACE_SIDE_STYLE('',(#10324));
#10324 = SURFACE_STYLE_FILL_AREA(#10325);
#10325 = FILL_AREA_STYLE('',(#10326));
#10326 = FILL_AREA_STYLE_COLOUR('',#9228);
#10327 = CURVE_STYLE('',#10328,POSITIVE_LENGTH_MEASURE(0.1),#9228);
#10328 = DRAUGHTING_PRE_DEFINED_CURVE_FONT('continuous');
#10329 = STYLED_ITEM('color',(#10330),#8466);
#10330 = PRESENTATION_STYLE_ASSIGNMENT((#10331,#10336));
#10331 = SURFACE_STYLE_USAGE(.BOTH.,#10332);
#10332 = SURFACE_SIDE_STYLE('',(#10333));
#10333 = SURFACE_STYLE_FILL_AREA(#10334);
#10334 = FILL_AREA_STYLE('',(#10335));
#10335 = FILL_AREA_STYLE_COLOUR('',#9228);
#10336 = CURVE_STYLE('',#10337,POSITIVE_LENGTH_MEASURE(0.1),#9228);
#10337 = DRAUGHTING_PRE_DEFINED_CURVE_FONT('continuous');
#10338 = STYLED_ITEM('color',(#10339),#8490);
#10339 = PRESENTATION_STYLE_ASSIGNMENT((#10340,#10345));
#10340 = SURFACE_STYLE_USAGE(.BOTH.,#10341);
#10341 = SURFACE_SIDE_STYLE('',(#10342));
#10342 = SURFACE_STYLE_FILL_AREA(#10343);
#10343 = FILL_AREA_STYLE('',(#10344));
#10344 = FILL_AREA_STYLE_COLOUR('',#9228);
#10345 = CURVE_STYLE('',#10346,POSITIVE_LENGTH_MEASURE(0.1),#9228);
#10346 = DRAUGHTING_PRE_DEFINED_CURVE_FONT('continuous');
#10347 = STYLED_ITEM('color',(#10348),#8532);
#10348 = PRESENTATION_STYLE_ASSIGNMENT((#10349,#10354));
#10349 = SURFACE_STYLE_USAGE(.BOTH.,#10350);
#10350 = SURFACE_SIDE_STYLE('',(#10351));
#10351 = SURFACE_STYLE_FILL_AREA(#10352);
#10352 = FILL_AREA_STYLE('',(#10353));
#10353 = FILL_AREA_STYLE_COLOUR('',#9228);
#10354 = CURVE_STYLE('',#10355,POSITIVE_LENGTH_MEASURE(0.1),#9228);
#10355 = DRAUGHTING_PRE_DEFINED_CURVE_FONT('continuous');
#10356 = STYLED_ITEM('color',(#10357),#8549);
#10357 = PRESENTATION_STYLE_ASSIGNMENT((#10358,#10363));
#10358 = SURFACE_STYLE_USAGE(.BOTH.,#10359);
#10359 = SURFACE_SIDE_STYLE('',(#10360));
#10360 = SURFACE_STYLE_FILL_AREA(#10361);
#10361 = FILL_AREA_STYLE('',(#10362));
#10362 = FILL_AREA_STYLE_COLOUR('',#9228);
#10363 = CURVE_STYLE('',#10364,POSITIVE_LENGTH_MEASURE(0.1),#9228);
#10364 = DRAUGHTING_PRE_DEFINED_CURVE_FONT('continuous');
#10365 = STYLED_ITEM('color',(#10366),#8566);
#10366 = PRESENTATION_STYLE_ASSIGNMENT((#10367,#10372));
#10367 = SURFACE_STYLE_USAGE(.BOTH.,#10368);
#10368 = SURFACE_SIDE_STYLE('',(#10369));
#10369 = SURFACE_STYLE_FILL_AREA(#10370);
#10370 = FILL_AREA_STYLE('',(#10371));
#10371 = FILL_AREA_STYLE_COLOUR('',#9228);
#10372 = CURVE_STYLE('',#10373,POSITIVE_LENGTH_MEASURE(0.1),#9228);
#10373 = DRAUGHTING_PRE_DEFINED_CURVE_FONT('continuous');
#10374 = STYLED_ITEM('color',(#10375),#8583);
#10375 = PRESENTATION_STYLE_ASSIGNMENT((#10376,#10381));
#10376 = SURFACE_STYLE_USAGE(.BOTH.,#10377);
#10377 = SURFACE_SIDE_STYLE('',(#10378));
#10378 = SURFACE_STYLE_FILL_AREA(#10379);
#10379 = FILL_AREA_STYLE('',(#10380));
#10380 = FILL_AREA_STYLE_COLOUR('',#9228);
#10381 = CURVE_STYLE('',#10382,POSITIVE_LENGTH_MEASURE(0.1),#9228);
#10382 = DRAUGHTING_PRE_DEFINED_CURVE_FONT('continuous');
#10383 = STYLED_ITEM('color',(#10384),#8595);
#10384 = PRESENTATION_STYLE_ASSIGNMENT((#10385,#10390));
#10385 = SURFACE_STYLE_USAGE(.BOTH.,#10386);
#10386 = SURFACE_SIDE_STYLE('',(#10387));
#10387 = SURFACE_STYLE_FILL_AREA(#10388);
#10388 = FILL_AREA_STYLE('',(#10389));
#10389 = FILL_AREA_STYLE_COLOUR('',#9228);
#10390 = CURVE_STYLE('',#10391,POSITIVE_LENGTH_MEASURE(0.1),#9228);
#10391 = DRAUGHTING_PRE_DEFINED_CURVE_FONT('continuous');
#10392 = STYLED_ITEM('color',(#10393),#8612);
#10393 = PRESENTATION_STYLE_ASSIGNMENT((#10394,#10399));
#10394 = SURFACE_STYLE_USAGE(.BOTH.,#10395);
#10395 = SURFACE_SIDE_STYLE('',(#10396));
#10396 = SURFACE_STYLE_FILL_AREA(#10397);
#10397 = FILL_AREA_STYLE('',(#10398));
#10398 = FILL_AREA_STYLE_COLOUR('',#9228);
#10399 = CURVE_STYLE('',#10400,POSITIVE_LENGTH_MEASURE(0.1),#9228);
#10400 = DRAUGHTING_PRE_DEFINED_CURVE_FONT('continuous');
#10401 = STYLED_ITEM('color',(#10402),#8629);
#10402 = PRESENTATION_STYLE_ASSIGNMENT((#10403,#10408));
#10403 = SURFACE_STYLE_USAGE(.BOTH.,#10404);
#10404 = SURFACE_SIDE_STYLE('',(#10405));
#10405 = SURFACE_STYLE_FILL_AREA(#10406);
#10406 = FILL_AREA_STYLE('',(#10407));
#10407 = FILL_AREA_STYLE_COLOUR('',#9228);
#10408 = CURVE_STYLE('',#10409,POSITIVE_LENGTH_MEASURE(0.1),#9228);
#10409 = DRAUGHTING_PRE_DEFINED_CURVE_FONT('continuous');
#10410 = STYLED_ITEM('color',(#10411),#8641);
#10411 = PRESENTATION_STYLE_ASSIGNMENT((#10412,#10417));
#10412 = SURFACE_STYLE_USAGE(.BOTH.,#10413);
#10413 = SURFACE_SIDE_STYLE('',(#10414));
#10414 = SURFACE_STYLE_FILL_AREA(#10415);
#10415 = FILL_AREA_STYLE('',(#10416));
#10416 = FILL_AREA_STYLE_COLOUR('',#9228);
#10417 = CURVE_STYLE('',#10418,POSITIVE_LENGTH_MEASURE(0.1),#9228);
#10418 = DRAUGHTING_PRE_DEFINED_CURVE_FONT('continuous');
#10419 = STYLED_ITEM('color',(#10420),#8658);
#10420 = PRESENTATION_STYLE_ASSIGNMENT((#10421,#10426));
#10421 = SURFACE_STYLE_USAGE(.BOTH.,#10422);
#10422 = SURFACE_SIDE_STYLE('',(#10423));
#10423 = SURFACE_STYLE_FILL_AREA(#10424);
#10424 = FILL_AREA_STYLE('',(#10425));
#10425 = FILL_AREA_STYLE_COLOUR('',#9228);
#10426 = CURVE_STYLE('',#10427,POSITIVE_LENGTH_MEASURE(0.1),#9228);
#10427 = DRAUGHTING_PRE_DEFINED_CURVE_FONT('continuous');
#10428 = STYLED_ITEM('color',(#10429),#8675);
#10429 = PRESENTATION_STYLE_ASSIGNMENT((#10430,#10435));
#10430 = SURFACE_STYLE_USAGE(.BOTH.,#10431);
#10431 = SURFACE_SIDE_STYLE('',(#10432));
#10432 = SURFACE_STYLE_FILL_AREA(#10433);
#10433 = FILL_AREA_STYLE('',(#10434));
#10434 = FILL_AREA_STYLE_COLOUR('',#9228);
#10435 = CURVE_STYLE('',#10436,POSITIVE_LENGTH_MEASURE(0.1),#9228);
#10436 = DRAUGHTING_PRE_DEFINED_CURVE_FONT('continuous');
#10437 = STYLED_ITEM('color',(#10438),#8687);
#10438 = PRESENTATION_STYLE_ASSIGNMENT((#10439,#10444));
#10439 = SURFACE_STYLE_USAGE(.BOTH.,#10440);
#10440 = SURFACE_SIDE_STYLE('',(#10441));
#10441 = SURFACE_STYLE_FILL_AREA(#10442);
#10442 = FILL_AREA_STYLE('',(#10443));
#10443 = FILL_AREA_STYLE_COLOUR('',#9228);
#10444 = CURVE_STYLE('',#10445,POSITIVE_LENGTH_MEASURE(0.1),#9228);
#10445 = DRAUGHTING_PRE_DEFINED_CURVE_FONT('continuous');
#10446 = STYLED_ITEM('color',(#10447),#8704);
#10447 = PRESENTATION_STYLE_ASSIGNMENT((#10448,#10453));
#10448 = SURFACE_STYLE_USAGE(.BOTH.,#10449);
#10449 = SURFACE_SIDE_STYLE('',(#10450));
#10450 = SURFACE_STYLE_FILL_AREA(#10451);
#10451 = FILL_AREA_STYLE('',(#10452));
#10452 = FILL_AREA_STYLE_COLOUR('',#9228);
#10453 = CURVE_STYLE('',#10454,POSITIVE_LENGTH_MEASURE(0.1),#9228);
#10454 = DRAUGHTING_PRE_DEFINED_CURVE_FONT('continuous');
#10455 = STYLED_ITEM('color',(#10456),#8721);
#10456 = PRESENTATION_STYLE_ASSIGNMENT((#10457,#10462));
#10457 = SURFACE_STYLE_USAGE(.BOTH.,#10458);
#10458 = SURFACE_SIDE_STYLE('',(#10459));
#10459 = SURFACE_STYLE_FILL_AREA(#10460);
#10460 = FILL_AREA_STYLE('',(#10461));
#10461 = FILL_AREA_STYLE_COLOUR('',#9228);
#10462 = CURVE_STYLE('',#10463,POSITIVE_LENGTH_MEASURE(0.1),#9228);
#10463 = DRAUGHTING_PRE_DEFINED_CURVE_FONT('continuous');
#10464 = MECHANICAL_DESIGN_GEOMETRIC_PRESENTATION_REPRESENTATION('',(
    #10465,#10473,#10480,#10487,#10494,#10501,#10508,#10515,#10522,
    #10529,#10536,#10543,#10550,#10557,#10564,#10571,#10578,#10585,
    #10592,#10600,#10607,#10614,#10621,#10628,#10635,#10642,#10649,
    #10656,#10663,#10670,#10677,#10684,#10691,#10698,#10705,#10712,
    #10719,#10726,#10733,#10740,#10747,#10754,#10761,#10768,#10775,
    #10782,#10789,#10796,#10803,#10810,#10817,#10824,#10831,#10838,
    #10845,#10852,#10859,#10866,#10873,#10880,#10887,#10894,#10901,
    #10908,#10915,#10922,#10929,#10936,#10943,#10950,#10957,#10964,
    #10971,#10978,#10985,#10992,#10999,#11006,#11013,#11020,#11027,
    #11034,#11041,#11048,#11055,#11062,#11069,#11076,#11083),#5318);
#10465 = STYLED_ITEM('color',(#10466),#2699);
#10466 = PRESENTATION_STYLE_ASSIGNMENT((#10467));
#10467 = SURFACE_STYLE_USAGE(.BOTH.,#10468);
#10468 = SURFACE_SIDE_STYLE('',(#10469));
#10469 = SURFACE_STYLE_FILL_AREA(#10470);
#10470 = FILL_AREA_STYLE('',(#10471));
#10471 = FILL_AREA_STYLE_COLOUR('',#10472);
#10472 = COLOUR_RGB('',0.340000006699,0.68000001254,0.444999988852);
#10473 = STYLED_ITEM('color',(#10474),#2795);
#10474 = PRESENTATION_STYLE_ASSIGNMENT((#10475));
#10475 = SURFACE_STYLE_USAGE(.BOTH.,#10476);
#10476 = SURFACE_SIDE_STYLE('',(#10477));
#10477 = SURFACE_STYLE_FILL_AREA(#10478);
#10478 = FILL_AREA_STYLE('',(#10479));
#10479 = FILL_AREA_STYLE_COLOUR('',#10472);
#10480 = STYLED_ITEM('color',(#10481),#2826);
#10481 = PRESENTATION_STYLE_ASSIGNMENT((#10482));
#10482 = SURFACE_STYLE_USAGE(.BOTH.,#10483);
#10483 = SURFACE_SIDE_STYLE('',(#10484));
#10484 = SURFACE_STYLE_FILL_AREA(#10485);
#10485 = FILL_AREA_STYLE('',(#10486));
#10486 = FILL_AREA_STYLE_COLOUR('',#10472);
#10487 = STYLED_ITEM('color',(#10488),#2872);
#10488 = PRESENTATION_STYLE_ASSIGNMENT((#10489));
#10489 = SURFACE_STYLE_USAGE(.BOTH.,#10490);
#10490 = SURFACE_SIDE_STYLE('',(#10491));
#10491 = SURFACE_STYLE_FILL_AREA(#10492);
#10492 = FILL_AREA_STYLE('',(#10493));
#10493 = FILL_AREA_STYLE_COLOUR('',#10472);
#10494 = STYLED_ITEM('color',(#10495),#2896);
#10495 = PRESENTATION_STYLE_ASSIGNMENT((#10496));
#10496 = SURFACE_STYLE_USAGE(.BOTH.,#10497);
#10497 = SURFACE_SIDE_STYLE('',(#10498));
#10498 = SURFACE_STYLE_FILL_AREA(#10499);
#10499 = FILL_AREA_STYLE('',(#10500));
#10500 = FILL_AREA_STYLE_COLOUR('',#10472);
#10501 = STYLED_ITEM('color',(#10502),#2920);
#10502 = PRESENTATION_STYLE_ASSIGNMENT((#10503));
#10503 = SURFACE_STYLE_USAGE(.BOTH.,#10504);
#10504 = SURFACE_SIDE_STYLE('',(#10505));
#10505 = SURFACE_STYLE_FILL_AREA(#10506);
#10506 = FILL_AREA_STYLE('',(#10507));
#10507 = FILL_AREA_STYLE_COLOUR('',#10472);
#10508 = STYLED_ITEM('color',(#10509),#3067);
#10509 = PRESENTATION_STYLE_ASSIGNMENT((#10510));
#10510 = SURFACE_STYLE_USAGE(.BOTH.,#10511);
#10511 = SURFACE_SIDE_STYLE('',(#10512));
#10512 = SURFACE_STYLE_FILL_AREA(#10513);
#10513 = FILL_AREA_STYLE('',(#10514));
#10514 = FILL_AREA_STYLE_COLOUR('',#10472);
#10515 = STYLED_ITEM('color',(#10516),#3091);
#10516 = PRESENTATION_STYLE_ASSIGNMENT((#10517));
#10517 = SURFACE_STYLE_USAGE(.BOTH.,#10518);
#10518 = SURFACE_SIDE_STYLE('',(#10519));
#10519 = SURFACE_STYLE_FILL_AREA(#10520);
#10520 = FILL_AREA_STYLE('',(#10521));
#10521 = FILL_AREA_STYLE_COLOUR('',#10472);
#10522 = STYLED_ITEM('color',(#10523),#3115);
#10523 = PRESENTATION_STYLE_ASSIGNMENT((#10524));
#10524 = SURFACE_STYLE_USAGE(.BOTH.,#10525);
#10525 = SURFACE_SIDE_STYLE('',(#10526));
#10526 = SURFACE_STYLE_FILL_AREA(#10527);
#10527 = FILL_AREA_STYLE('',(#10528));
#10528 = FILL_AREA_STYLE_COLOUR('',#10472);
#10529 = STYLED_ITEM('color',(#10530),#3132);
#10530 = PRESENTATION_STYLE_ASSIGNMENT((#10531));
#10531 = SURFACE_STYLE_USAGE(.BOTH.,#10532);
#10532 = SURFACE_SIDE_STYLE('',(#10533));
#10533 = SURFACE_STYLE_FILL_AREA(#10534);
#10534 = FILL_AREA_STYLE('',(#10535));
#10535 = FILL_AREA_STYLE_COLOUR('',#10472);
#10536 = STYLED_ITEM('color',(#10537),#3224);
#10537 = PRESENTATION_STYLE_ASSIGNMENT((#10538));
#10538 = SURFACE_STYLE_USAGE(.BOTH.,#10539);
#10539 = SURFACE_SIDE_STYLE('',(#10540));
#10540 = SURFACE_STYLE_FILL_AREA(#10541);
#10541 = FILL_AREA_STYLE('',(#10542));
#10542 = FILL_AREA_STYLE_COLOUR('',#10472);
#10543 = STYLED_ITEM('color',(#10544),#3241);
#10544 = PRESENTATION_STYLE_ASSIGNMENT((#10545));
#10545 = SURFACE_STYLE_USAGE(.BOTH.,#10546);
#10546 = SURFACE_SIDE_STYLE('',(#10547));
#10547 = SURFACE_STYLE_FILL_AREA(#10548);
#10548 = FILL_AREA_STYLE('',(#10549));
#10549 = FILL_AREA_STYLE_COLOUR('',#10472);
#10550 = STYLED_ITEM('color',(#10551),#3279);
#10551 = PRESENTATION_STYLE_ASSIGNMENT((#10552));
#10552 = SURFACE_STYLE_USAGE(.BOTH.,#10553);
#10553 = SURFACE_SIDE_STYLE('',(#10554));
#10554 = SURFACE_STYLE_FILL_AREA(#10555);
#10555 = FILL_AREA_STYLE('',(#10556));
#10556 = FILL_AREA_STYLE_COLOUR('',#10472);
#10557 = STYLED_ITEM('color',(#10558),#3390);
#10558 = PRESENTATION_STYLE_ASSIGNMENT((#10559));
#10559 = SURFACE_STYLE_USAGE(.BOTH.,#10560);
#10560 = SURFACE_SIDE_STYLE('',(#10561));
#10561 = SURFACE_STYLE_FILL_AREA(#10562);
#10562 = FILL_AREA_STYLE('',(#10563));
#10563 = FILL_AREA_STYLE_COLOUR('',#10472);
#10564 = STYLED_ITEM('color',(#10565),#3501);
#10565 = PRESENTATION_STYLE_ASSIGNMENT((#10566));
#10566 = SURFACE_STYLE_USAGE(.BOTH.,#10567);
#10567 = SURFACE_SIDE_STYLE('',(#10568));
#10568 = SURFACE_STYLE_FILL_AREA(#10569);
#10569 = FILL_AREA_STYLE('',(#10570));
#10570 = FILL_AREA_STYLE_COLOUR('',#10472);
#10571 = STYLED_ITEM('color',(#10572),#3513);
#10572 = PRESENTATION_STYLE_ASSIGNMENT((#10573));
#10573 = SURFACE_STYLE_USAGE(.BOTH.,#10574);
#10574 = SURFACE_SIDE_STYLE('',(#10575));
#10575 = SURFACE_STYLE_FILL_AREA(#10576);
#10576 = FILL_AREA_STYLE('',(#10577));
#10577 = FILL_AREA_STYLE_COLOUR('',#10472);
#10578 = STYLED_ITEM('color',(#10579),#3537);
#10579 = PRESENTATION_STYLE_ASSIGNMENT((#10580));
#10580 = SURFACE_STYLE_USAGE(.BOTH.,#10581);
#10581 = SURFACE_SIDE_STYLE('',(#10582));
#10582 = SURFACE_STYLE_FILL_AREA(#10583);
#10583 = FILL_AREA_STYLE('',(#10584));
#10584 = FILL_AREA_STYLE_COLOUR('',#10472);
#10585 = STYLED_ITEM('color',(#10586),#3561);
#10586 = PRESENTATION_STYLE_ASSIGNMENT((#10587));
#10587 = SURFACE_STYLE_USAGE(.BOTH.,#10588);
#10588 = SURFACE_SIDE_STYLE('',(#10589));
#10589 = SURFACE_STYLE_FILL_AREA(#10590);
#10590 = FILL_AREA_STYLE('',(#10591));
#10591 = FILL_AREA_STYLE_COLOUR('',#10472);
#10592 = STYLED_ITEM('color',(#10593),#3578);
#10593 = PRESENTATION_STYLE_ASSIGNMENT((#10594));
#10594 = SURFACE_STYLE_USAGE(.BOTH.,#10595);
#10595 = SURFACE_SIDE_STYLE('',(#10596));
#10596 = SURFACE_STYLE_FILL_AREA(#10597);
#10597 = FILL_AREA_STYLE('',(#10598));
#10598 = FILL_AREA_STYLE_COLOUR('',#10599);
#10599 = COLOUR_RGB('',0.823999987314,0.819999987296,0.781000009244);
#10600 = STYLED_ITEM('color',(#10601),#3609);
#10601 = PRESENTATION_STYLE_ASSIGNMENT((#10602));
#10602 = SURFACE_STYLE_USAGE(.BOTH.,#10603);
#10603 = SURFACE_SIDE_STYLE('',(#10604));
#10604 = SURFACE_STYLE_FILL_AREA(#10605);
#10605 = FILL_AREA_STYLE('',(#10606));
#10606 = FILL_AREA_STYLE_COLOUR('',#10599);
#10607 = STYLED_ITEM('color',(#10608),#3633);
#10608 = PRESENTATION_STYLE_ASSIGNMENT((#10609));
#10609 = SURFACE_STYLE_USAGE(.BOTH.,#10610);
#10610 = SURFACE_SIDE_STYLE('',(#10611));
#10611 = SURFACE_STYLE_FILL_AREA(#10612);
#10612 = FILL_AREA_STYLE('',(#10613));
#10613 = FILL_AREA_STYLE_COLOUR('',#10599);
#10614 = STYLED_ITEM('color',(#10615),#3657);
#10615 = PRESENTATION_STYLE_ASSIGNMENT((#10616));
#10616 = SURFACE_STYLE_USAGE(.BOTH.,#10617);
#10617 = SURFACE_SIDE_STYLE('',(#10618));
#10618 = SURFACE_STYLE_FILL_AREA(#10619);
#10619 = FILL_AREA_STYLE('',(#10620));
#10620 = FILL_AREA_STYLE_COLOUR('',#10599);
#10621 = STYLED_ITEM('color',(#10622),#3674);
#10622 = PRESENTATION_STYLE_ASSIGNMENT((#10623));
#10623 = SURFACE_STYLE_USAGE(.BOTH.,#10624);
#10624 = SURFACE_SIDE_STYLE('',(#10625));
#10625 = SURFACE_STYLE_FILL_AREA(#10626);
#10626 = FILL_AREA_STYLE('',(#10627));
#10627 = FILL_AREA_STYLE_COLOUR('',#10599);
#10628 = STYLED_ITEM('color',(#10629),#3705);
#10629 = PRESENTATION_STYLE_ASSIGNMENT((#10630));
#10630 = SURFACE_STYLE_USAGE(.BOTH.,#10631);
#10631 = SURFACE_SIDE_STYLE('',(#10632));
#10632 = SURFACE_STYLE_FILL_AREA(#10633);
#10633 = FILL_AREA_STYLE('',(#10634));
#10634 = FILL_AREA_STYLE_COLOUR('',#10599);
#10635 = STYLED_ITEM('color',(#10636),#3729);
#10636 = PRESENTATION_STYLE_ASSIGNMENT((#10637));
#10637 = SURFACE_STYLE_USAGE(.BOTH.,#10638);
#10638 = SURFACE_SIDE_STYLE('',(#10639));
#10639 = SURFACE_STYLE_FILL_AREA(#10640);
#10640 = FILL_AREA_STYLE('',(#10641));
#10641 = FILL_AREA_STYLE_COLOUR('',#10599);
#10642 = STYLED_ITEM('color',(#10643),#3753);
#10643 = PRESENTATION_STYLE_ASSIGNMENT((#10644));
#10644 = SURFACE_STYLE_USAGE(.BOTH.,#10645);
#10645 = SURFACE_SIDE_STYLE('',(#10646));
#10646 = SURFACE_STYLE_FILL_AREA(#10647);
#10647 = FILL_AREA_STYLE('',(#10648));
#10648 = FILL_AREA_STYLE_COLOUR('',#10599);
#10649 = STYLED_ITEM('color',(#10650),#3770);
#10650 = PRESENTATION_STYLE_ASSIGNMENT((#10651));
#10651 = SURFACE_STYLE_USAGE(.BOTH.,#10652);
#10652 = SURFACE_SIDE_STYLE('',(#10653));
#10653 = SURFACE_STYLE_FILL_AREA(#10654);
#10654 = FILL_AREA_STYLE('',(#10655));
#10655 = FILL_AREA_STYLE_COLOUR('',#10472);
#10656 = STYLED_ITEM('color',(#10657),#3799);
#10657 = PRESENTATION_STYLE_ASSIGNMENT((#10658));
#10658 = SURFACE_STYLE_USAGE(.BOTH.,#10659);
#10659 = SURFACE_SIDE_STYLE('',(#10660));
#10660 = SURFACE_STYLE_FILL_AREA(#10661);
#10661 = FILL_AREA_STYLE('',(#10662));
#10662 = FILL_AREA_STYLE_COLOUR('',#10472);
#10663 = STYLED_ITEM('color',(#10664),#3822);
#10664 = PRESENTATION_STYLE_ASSIGNMENT((#10665));
#10665 = SURFACE_STYLE_USAGE(.BOTH.,#10666);
#10666 = SURFACE_SIDE_STYLE('',(#10667));
#10667 = SURFACE_STYLE_FILL_AREA(#10668);
#10668 = FILL_AREA_STYLE('',(#10669));
#10669 = FILL_AREA_STYLE_COLOUR('',#10472);
#10670 = STYLED_ITEM('color',(#10671),#3845);
#10671 = PRESENTATION_STYLE_ASSIGNMENT((#10672));
#10672 = SURFACE_STYLE_USAGE(.BOTH.,#10673);
#10673 = SURFACE_SIDE_STYLE('',(#10674));
#10674 = SURFACE_STYLE_FILL_AREA(#10675);
#10675 = FILL_AREA_STYLE('',(#10676));
#10676 = FILL_AREA_STYLE_COLOUR('',#10472);
#10677 = STYLED_ITEM('color',(#10678),#3862);
#10678 = PRESENTATION_STYLE_ASSIGNMENT((#10679));
#10679 = SURFACE_STYLE_USAGE(.BOTH.,#10680);
#10680 = SURFACE_SIDE_STYLE('',(#10681));
#10681 = SURFACE_STYLE_FILL_AREA(#10682);
#10682 = FILL_AREA_STYLE('',(#10683));
#10683 = FILL_AREA_STYLE_COLOUR('',#10472);
#10684 = STYLED_ITEM('color',(#10685),#3891);
#10685 = PRESENTATION_STYLE_ASSIGNMENT((#10686));
#10686 = SURFACE_STYLE_USAGE(.BOTH.,#10687);
#10687 = SURFACE_SIDE_STYLE('',(#10688));
#10688 = SURFACE_STYLE_FILL_AREA(#10689);
#10689 = FILL_AREA_STYLE('',(#10690));
#10690 = FILL_AREA_STYLE_COLOUR('',#10472);
#10691 = STYLED_ITEM('color',(#10692),#3914);
#10692 = PRESENTATION_STYLE_ASSIGNMENT((#10693));
#10693 = SURFACE_STYLE_USAGE(.BOTH.,#10694);
#10694 = SURFACE_SIDE_STYLE('',(#10695));
#10695 = SURFACE_STYLE_FILL_AREA(#10696);
#10696 = FILL_AREA_STYLE('',(#10697));
#10697 = FILL_AREA_STYLE_COLOUR('',#10472);
#10698 = STYLED_ITEM('color',(#10699),#3937);
#10699 = PRESENTATION_STYLE_ASSIGNMENT((#10700));
#10700 = SURFACE_STYLE_USAGE(.BOTH.,#10701);
#10701 = SURFACE_SIDE_STYLE('',(#10702));
#10702 = SURFACE_STYLE_FILL_AREA(#10703);
#10703 = FILL_AREA_STYLE('',(#10704));
#10704 = FILL_AREA_STYLE_COLOUR('',#10472);
#10705 = STYLED_ITEM('color',(#10706),#3954);
#10706 = PRESENTATION_STYLE_ASSIGNMENT((#10707));
#10707 = SURFACE_STYLE_USAGE(.BOTH.,#10708);
#10708 = SURFACE_SIDE_STYLE('',(#10709));
#10709 = SURFACE_STYLE_FILL_AREA(#10710);
#10710 = FILL_AREA_STYLE('',(#10711));
#10711 = FILL_AREA_STYLE_COLOUR('',#10472);
#10712 = STYLED_ITEM('color',(#10713),#3966);
#10713 = PRESENTATION_STYLE_ASSIGNMENT((#10714));
#10714 = SURFACE_STYLE_USAGE(.BOTH.,#10715);
#10715 = SURFACE_SIDE_STYLE('',(#10716));
#10716 = SURFACE_STYLE_FILL_AREA(#10717);
#10717 = FILL_AREA_STYLE('',(#10718));
#10718 = FILL_AREA_STYLE_COLOUR('',#10472);
#10719 = STYLED_ITEM('color',(#10720),#3982);
#10720 = PRESENTATION_STYLE_ASSIGNMENT((#10721));
#10721 = SURFACE_STYLE_USAGE(.BOTH.,#10722);
#10722 = SURFACE_SIDE_STYLE('',(#10723));
#10723 = SURFACE_STYLE_FILL_AREA(#10724);
#10724 = FILL_AREA_STYLE('',(#10725));
#10725 = FILL_AREA_STYLE_COLOUR('',#10599);
#10726 = STYLED_ITEM('color',(#10727),#4015);
#10727 = PRESENTATION_STYLE_ASSIGNMENT((#10728));
#10728 = SURFACE_STYLE_USAGE(.BOTH.,#10729);
#10729 = SURFACE_SIDE_STYLE('',(#10730));
#10730 = SURFACE_STYLE_FILL_AREA(#10731);
#10731 = FILL_AREA_STYLE('',(#10732));
#10732 = FILL_AREA_STYLE_COLOUR('',#10599);
#10733 = STYLED_ITEM('color',(#10734),#4040);
#10734 = PRESENTATION_STYLE_ASSIGNMENT((#10735));
#10735 = SURFACE_STYLE_USAGE(.BOTH.,#10736);
#10736 = SURFACE_SIDE_STYLE('',(#10737));
#10737 = SURFACE_STYLE_FILL_AREA(#10738);
#10738 = FILL_AREA_STYLE('',(#10739));
#10739 = FILL_AREA_STYLE_COLOUR('',#10472);
#10740 = STYLED_ITEM('color',(#10741),#4078);
#10741 = PRESENTATION_STYLE_ASSIGNMENT((#10742));
#10742 = SURFACE_STYLE_USAGE(.BOTH.,#10743);
#10743 = SURFACE_SIDE_STYLE('',(#10744));
#10744 = SURFACE_STYLE_FILL_AREA(#10745);
#10745 = FILL_AREA_STYLE('',(#10746));
#10746 = FILL_AREA_STYLE_COLOUR('',#10599);
#10747 = STYLED_ITEM('color',(#10748),#4110);
#10748 = PRESENTATION_STYLE_ASSIGNMENT((#10749));
#10749 = SURFACE_STYLE_USAGE(.BOTH.,#10750);
#10750 = SURFACE_SIDE_STYLE('',(#10751));
#10751 = SURFACE_STYLE_FILL_AREA(#10752);
#10752 = FILL_AREA_STYLE('',(#10753));
#10753 = FILL_AREA_STYLE_COLOUR('',#10599);
#10754 = STYLED_ITEM('color',(#10755),#4141);
#10755 = PRESENTATION_STYLE_ASSIGNMENT((#10756));
#10756 = SURFACE_STYLE_USAGE(.BOTH.,#10757);
#10757 = SURFACE_SIDE_STYLE('',(#10758));
#10758 = SURFACE_STYLE_FILL_AREA(#10759);
#10759 = FILL_AREA_STYLE('',(#10760));
#10760 = FILL_AREA_STYLE_COLOUR('',#10472);
#10761 = STYLED_ITEM('color',(#10762),#4151);
#10762 = PRESENTATION_STYLE_ASSIGNMENT((#10763));
#10763 = SURFACE_STYLE_USAGE(.BOTH.,#10764);
#10764 = SURFACE_SIDE_STYLE('',(#10765));
#10765 = SURFACE_STYLE_FILL_AREA(#10766);
#10766 = FILL_AREA_STYLE('',(#10767));
#10767 = FILL_AREA_STYLE_COLOUR('',#10599);
#10768 = STYLED_ITEM('color',(#10769),#4169);
#10769 = PRESENTATION_STYLE_ASSIGNMENT((#10770));
#10770 = SURFACE_STYLE_USAGE(.BOTH.,#10771);
#10771 = SURFACE_SIDE_STYLE('',(#10772));
#10772 = SURFACE_STYLE_FILL_AREA(#10773);
#10773 = FILL_AREA_STYLE('',(#10774));
#10774 = FILL_AREA_STYLE_COLOUR('',#10472);
#10775 = STYLED_ITEM('color',(#10776),#4185);
#10776 = PRESENTATION_STYLE_ASSIGNMENT((#10777));
#10777 = SURFACE_STYLE_USAGE(.BOTH.,#10778);
#10778 = SURFACE_SIDE_STYLE('',(#10779));
#10779 = SURFACE_STYLE_FILL_AREA(#10780);
#10780 = FILL_AREA_STYLE('',(#10781));
#10781 = FILL_AREA_STYLE_COLOUR('',#10599);
#10782 = STYLED_ITEM('color',(#10783),#4218);
#10783 = PRESENTATION_STYLE_ASSIGNMENT((#10784));
#10784 = SURFACE_STYLE_USAGE(.BOTH.,#10785);
#10785 = SURFACE_SIDE_STYLE('',(#10786));
#10786 = SURFACE_STYLE_FILL_AREA(#10787);
#10787 = FILL_AREA_STYLE('',(#10788));
#10788 = FILL_AREA_STYLE_COLOUR('',#10599);
#10789 = STYLED_ITEM('color',(#10790),#4243);
#10790 = PRESENTATION_STYLE_ASSIGNMENT((#10791));
#10791 = SURFACE_STYLE_USAGE(.BOTH.,#10792);
#10792 = SURFACE_SIDE_STYLE('',(#10793));
#10793 = SURFACE_STYLE_FILL_AREA(#10794);
#10794 = FILL_AREA_STYLE('',(#10795));
#10795 = FILL_AREA_STYLE_COLOUR('',#10472);
#10796 = STYLED_ITEM('color',(#10797),#4281);
#10797 = PRESENTATION_STYLE_ASSIGNMENT((#10798));
#10798 = SURFACE_STYLE_USAGE(.BOTH.,#10799);
#10799 = SURFACE_SIDE_STYLE('',(#10800));
#10800 = SURFACE_STYLE_FILL_AREA(#10801);
#10801 = FILL_AREA_STYLE('',(#10802));
#10802 = FILL_AREA_STYLE_COLOUR('',#10599);
#10803 = STYLED_ITEM('color',(#10804),#4313);
#10804 = PRESENTATION_STYLE_ASSIGNMENT((#10805));
#10805 = SURFACE_STYLE_USAGE(.BOTH.,#10806);
#10806 = SURFACE_SIDE_STYLE('',(#10807));
#10807 = SURFACE_STYLE_FILL_AREA(#10808);
#10808 = FILL_AREA_STYLE('',(#10809));
#10809 = FILL_AREA_STYLE_COLOUR('',#10599);
#10810 = STYLED_ITEM('color',(#10811),#4344);
#10811 = PRESENTATION_STYLE_ASSIGNMENT((#10812));
#10812 = SURFACE_STYLE_USAGE(.BOTH.,#10813);
#10813 = SURFACE_SIDE_STYLE('',(#10814));
#10814 = SURFACE_STYLE_FILL_AREA(#10815);
#10815 = FILL_AREA_STYLE('',(#10816));
#10816 = FILL_AREA_STYLE_COLOUR('',#10472);
#10817 = STYLED_ITEM('color',(#10818),#4354);
#10818 = PRESENTATION_STYLE_ASSIGNMENT((#10819));
#10819 = SURFACE_STYLE_USAGE(.BOTH.,#10820);
#10820 = SURFACE_SIDE_STYLE('',(#10821));
#10821 = SURFACE_STYLE_FILL_AREA(#10822);
#10822 = FILL_AREA_STYLE('',(#10823));
#10823 = FILL_AREA_STYLE_COLOUR('',#10599);
#10824 = STYLED_ITEM('color',(#10825),#4372);
#10825 = PRESENTATION_STYLE_ASSIGNMENT((#10826));
#10826 = SURFACE_STYLE_USAGE(.BOTH.,#10827);
#10827 = SURFACE_SIDE_STYLE('',(#10828));
#10828 = SURFACE_STYLE_FILL_AREA(#10829);
#10829 = FILL_AREA_STYLE('',(#10830));
#10830 = FILL_AREA_STYLE_COLOUR('',#10599);
#10831 = STYLED_ITEM('color',(#10832),#4384);
#10832 = PRESENTATION_STYLE_ASSIGNMENT((#10833));
#10833 = SURFACE_STYLE_USAGE(.BOTH.,#10834);
#10834 = SURFACE_SIDE_STYLE('',(#10835));
#10835 = SURFACE_STYLE_FILL_AREA(#10836);
#10836 = FILL_AREA_STYLE('',(#10837));
#10837 = FILL_AREA_STYLE_COLOUR('',#10599);
#10838 = STYLED_ITEM('color',(#10839),#4396);
#10839 = PRESENTATION_STYLE_ASSIGNMENT((#10840));
#10840 = SURFACE_STYLE_USAGE(.BOTH.,#10841);
#10841 = SURFACE_SIDE_STYLE('',(#10842));
#10842 = SURFACE_STYLE_FILL_AREA(#10843);
#10843 = FILL_AREA_STYLE('',(#10844));
#10844 = FILL_AREA_STYLE_COLOUR('',#10472);
#10845 = STYLED_ITEM('color',(#10846),#4427);
#10846 = PRESENTATION_STYLE_ASSIGNMENT((#10847));
#10847 = SURFACE_STYLE_USAGE(.BOTH.,#10848);
#10848 = SURFACE_SIDE_STYLE('',(#10849));
#10849 = SURFACE_STYLE_FILL_AREA(#10850);
#10850 = FILL_AREA_STYLE('',(#10851));
#10851 = FILL_AREA_STYLE_COLOUR('',#10472);
#10852 = STYLED_ITEM('color',(#10853),#4444);
#10853 = PRESENTATION_STYLE_ASSIGNMENT((#10854));
#10854 = SURFACE_STYLE_USAGE(.BOTH.,#10855);
#10855 = SURFACE_SIDE_STYLE('',(#10856));
#10856 = SURFACE_STYLE_FILL_AREA(#10857);
#10857 = FILL_AREA_STYLE('',(#10858));
#10858 = FILL_AREA_STYLE_COLOUR('',#10472);
#10859 = STYLED_ITEM('color',(#10860),#4461);
#10860 = PRESENTATION_STYLE_ASSIGNMENT((#10861));
#10861 = SURFACE_STYLE_USAGE(.BOTH.,#10862);
#10862 = SURFACE_SIDE_STYLE('',(#10863));
#10863 = SURFACE_STYLE_FILL_AREA(#10864);
#10864 = FILL_AREA_STYLE('',(#10865));
#10865 = FILL_AREA_STYLE_COLOUR('',#10472);
#10866 = STYLED_ITEM('color',(#10867),#4492);
#10867 = PRESENTATION_STYLE_ASSIGNMENT((#10868));
#10868 = SURFACE_STYLE_USAGE(.BOTH.,#10869);
#10869 = SURFACE_SIDE_STYLE('',(#10870));
#10870 = SURFACE_STYLE_FILL_AREA(#10871);
#10871 = FILL_AREA_STYLE('',(#10872));
#10872 = FILL_AREA_STYLE_COLOUR('',#10472);
#10873 = STYLED_ITEM('color',(#10874),#4509);
#10874 = PRESENTATION_STYLE_ASSIGNMENT((#10875));
#10875 = SURFACE_STYLE_USAGE(.BOTH.,#10876);
#10876 = SURFACE_SIDE_STYLE('',(#10877));
#10877 = SURFACE_STYLE_FILL_AREA(#10878);
#10878 = FILL_AREA_STYLE('',(#10879));
#10879 = FILL_AREA_STYLE_COLOUR('',#10472);
#10880 = STYLED_ITEM('color',(#10881),#4526);
#10881 = PRESENTATION_STYLE_ASSIGNMENT((#10882));
#10882 = SURFACE_STYLE_USAGE(.BOTH.,#10883);
#10883 = SURFACE_SIDE_STYLE('',(#10884));
#10884 = SURFACE_STYLE_FILL_AREA(#10885);
#10885 = FILL_AREA_STYLE('',(#10886));
#10886 = FILL_AREA_STYLE_COLOUR('',#10599);
#10887 = STYLED_ITEM('color',(#10888),#4551);
#10888 = PRESENTATION_STYLE_ASSIGNMENT((#10889));
#10889 = SURFACE_STYLE_USAGE(.BOTH.,#10890);
#10890 = SURFACE_SIDE_STYLE('',(#10891));
#10891 = SURFACE_STYLE_FILL_AREA(#10892);
#10892 = FILL_AREA_STYLE('',(#10893));
#10893 = FILL_AREA_STYLE_COLOUR('',#10599);
#10894 = STYLED_ITEM('color',(#10895),#4662);
#10895 = PRESENTATION_STYLE_ASSIGNMENT((#10896));
#10896 = SURFACE_STYLE_USAGE(.BOTH.,#10897);
#10897 = SURFACE_SIDE_STYLE('',(#10898));
#10898 = SURFACE_STYLE_FILL_AREA(#10899);
#10899 = FILL_AREA_STYLE('',(#10900));
#10900 = FILL_AREA_STYLE_COLOUR('',#10599);
#10901 = STYLED_ITEM('color',(#10902),#4717);
#10902 = PRESENTATION_STYLE_ASSIGNMENT((#10903));
#10903 = SURFACE_STYLE_USAGE(.BOTH.,#10904);
#10904 = SURFACE_SIDE_STYLE('',(#10905));
#10905 = SURFACE_STYLE_FILL_AREA(#10906);
#10906 = FILL_AREA_STYLE('',(#10907));
#10907 = FILL_AREA_STYLE_COLOUR('',#10599);
#10908 = STYLED_ITEM('color',(#10909),#4727);
#10909 = PRESENTATION_STYLE_ASSIGNMENT((#10910));
#10910 = SURFACE_STYLE_USAGE(.BOTH.,#10911);
#10911 = SURFACE_SIDE_STYLE('',(#10912));
#10912 = SURFACE_STYLE_FILL_AREA(#10913);
#10913 = FILL_AREA_STYLE('',(#10914));
#10914 = FILL_AREA_STYLE_COLOUR('',#10599);
#10915 = STYLED_ITEM('color',(#10916),#4752);
#10916 = PRESENTATION_STYLE_ASSIGNMENT((#10917));
#10917 = SURFACE_STYLE_USAGE(.BOTH.,#10918);
#10918 = SURFACE_SIDE_STYLE('',(#10919));
#10919 = SURFACE_STYLE_FILL_AREA(#10920);
#10920 = FILL_AREA_STYLE('',(#10921));
#10921 = FILL_AREA_STYLE_COLOUR('',#10599);
#10922 = STYLED_ITEM('color',(#10923),#4863);
#10923 = PRESENTATION_STYLE_ASSIGNMENT((#10924));
#10924 = SURFACE_STYLE_USAGE(.BOTH.,#10925);
#10925 = SURFACE_SIDE_STYLE('',(#10926));
#10926 = SURFACE_STYLE_FILL_AREA(#10927);
#10927 = FILL_AREA_STYLE('',(#10928));
#10928 = FILL_AREA_STYLE_COLOUR('',#10599);
#10929 = STYLED_ITEM('color',(#10930),#4918);
#10930 = PRESENTATION_STYLE_ASSIGNMENT((#10931));
#10931 = SURFACE_STYLE_USAGE(.BOTH.,#10932);
#10932 = SURFACE_SIDE_STYLE('',(#10933));
#10933 = SURFACE_STYLE_FILL_AREA(#10934);
#10934 = FILL_AREA_STYLE('',(#10935));
#10935 = FILL_AREA_STYLE_COLOUR('',#10599);
#10936 = STYLED_ITEM('color',(#10937),#4928);
#10937 = PRESENTATION_STYLE_ASSIGNMENT((#10938));
#10938 = SURFACE_STYLE_USAGE(.BOTH.,#10939);
#10939 = SURFACE_SIDE_STYLE('',(#10940));
#10940 = SURFACE_STYLE_FILL_AREA(#10941);
#10941 = FILL_AREA_STYLE('',(#10942));
#10942 = FILL_AREA_STYLE_COLOUR('',#10599);
#10943 = STYLED_ITEM('color',(#10944),#4944);
#10944 = PRESENTATION_STYLE_ASSIGNMENT((#10945));
#10945 = SURFACE_STYLE_USAGE(.BOTH.,#10946);
#10946 = SURFACE_SIDE_STYLE('',(#10947));
#10947 = SURFACE_STYLE_FILL_AREA(#10948);
#10948 = FILL_AREA_STYLE('',(#10949));
#10949 = FILL_AREA_STYLE_COLOUR('',#10599);
#10950 = STYLED_ITEM('color',(#10951),#4961);
#10951 = PRESENTATION_STYLE_ASSIGNMENT((#10952));
#10952 = SURFACE_STYLE_USAGE(.BOTH.,#10953);
#10953 = SURFACE_SIDE_STYLE('',(#10954));
#10954 = SURFACE_STYLE_FILL_AREA(#10955);
#10955 = FILL_AREA_STYLE('',(#10956));
#10956 = FILL_AREA_STYLE_COLOUR('',#10599);
#10957 = STYLED_ITEM('color',(#10958),#4978);
#10958 = PRESENTATION_STYLE_ASSIGNMENT((#10959));
#10959 = SURFACE_STYLE_USAGE(.BOTH.,#10960);
#10960 = SURFACE_SIDE_STYLE('',(#10961));
#10961 = SURFACE_STYLE_FILL_AREA(#10962);
#10962 = FILL_AREA_STYLE('',(#10963));
#10963 = FILL_AREA_STYLE_COLOUR('',#10599);
#10964 = STYLED_ITEM('color',(#10965),#4995);
#10965 = PRESENTATION_STYLE_ASSIGNMENT((#10966));
#10966 = SURFACE_STYLE_USAGE(.BOTH.,#10967);
#10967 = SURFACE_SIDE_STYLE('',(#10968));
#10968 = SURFACE_STYLE_FILL_AREA(#10969);
#10969 = FILL_AREA_STYLE('',(#10970));
#10970 = FILL_AREA_STYLE_COLOUR('',#10599);
#10971 = STYLED_ITEM('color',(#10972),#5005);
#10972 = PRESENTATION_STYLE_ASSIGNMENT((#10973));
#10973 = SURFACE_STYLE_USAGE(.BOTH.,#10974);
#10974 = SURFACE_SIDE_STYLE('',(#10975));
#10975 = SURFACE_STYLE_FILL_AREA(#10976);
#10976 = FILL_AREA_STYLE('',(#10977));
#10977 = FILL_AREA_STYLE_COLOUR('',#10599);
#10978 = STYLED_ITEM('color',(#10979),#5015);
#10979 = PRESENTATION_STYLE_ASSIGNMENT((#10980));
#10980 = SURFACE_STYLE_USAGE(.BOTH.,#10981);
#10981 = SURFACE_SIDE_STYLE('',(#10982));
#10982 = SURFACE_STYLE_FILL_AREA(#10983);
#10983 = FILL_AREA_STYLE('',(#10984));
#10984 = FILL_AREA_STYLE_COLOUR('',#10599);
#10985 = STYLED_ITEM('color',(#10986),#5046);
#10986 = PRESENTATION_STYLE_ASSIGNMENT((#10987));
#10987 = SURFACE_STYLE_USAGE(.BOTH.,#10988);
#10988 = SURFACE_SIDE_STYLE('',(#10989));
#10989 = SURFACE_STYLE_FILL_AREA(#10990);
#10990 = FILL_AREA_STYLE('',(#10991));
#10991 = FILL_AREA_STYLE_COLOUR('',#10599);
#10992 = STYLED_ITEM('color',(#10993),#5070);
#10993 = PRESENTATION_STYLE_ASSIGNMENT((#10994));
#10994 = SURFACE_STYLE_USAGE(.BOTH.,#10995);
#10995 = SURFACE_SIDE_STYLE('',(#10996));
#10996 = SURFACE_STYLE_FILL_AREA(#10997);
#10997 = FILL_AREA_STYLE('',(#10998));
#10998 = FILL_AREA_STYLE_COLOUR('',#10599);
#10999 = STYLED_ITEM('color',(#11000),#5094);
#11000 = PRESENTATION_STYLE_ASSIGNMENT((#11001));
#11001 = SURFACE_STYLE_USAGE(.BOTH.,#11002);
#11002 = SURFACE_SIDE_STYLE('',(#11003));
#11003 = SURFACE_STYLE_FILL_AREA(#11004);
#11004 = FILL_AREA_STYLE('',(#11005));
#11005 = FILL_AREA_STYLE_COLOUR('',#10599);
#11006 = STYLED_ITEM('color',(#11007),#5111);
#11007 = PRESENTATION_STYLE_ASSIGNMENT((#11008));
#11008 = SURFACE_STYLE_USAGE(.BOTH.,#11009);
#11009 = SURFACE_SIDE_STYLE('',(#11010));
#11010 = SURFACE_STYLE_FILL_AREA(#11011);
#11011 = FILL_AREA_STYLE('',(#11012));
#11012 = FILL_AREA_STYLE_COLOUR('',#10599);
#11013 = STYLED_ITEM('color',(#11014),#5127);
#11014 = PRESENTATION_STYLE_ASSIGNMENT((#11015));
#11015 = SURFACE_STYLE_USAGE(.BOTH.,#11016);
#11016 = SURFACE_SIDE_STYLE('',(#11017));
#11017 = SURFACE_STYLE_FILL_AREA(#11018);
#11018 = FILL_AREA_STYLE('',(#11019));
#11019 = FILL_AREA_STYLE_COLOUR('',#10599);
#11020 = STYLED_ITEM('color',(#11021),#5144);
#11021 = PRESENTATION_STYLE_ASSIGNMENT((#11022));
#11022 = SURFACE_STYLE_USAGE(.BOTH.,#11023);
#11023 = SURFACE_SIDE_STYLE('',(#11024));
#11024 = SURFACE_STYLE_FILL_AREA(#11025);
#11025 = FILL_AREA_STYLE('',(#11026));
#11026 = FILL_AREA_STYLE_COLOUR('',#10599);
#11027 = STYLED_ITEM('color',(#11028),#5161);
#11028 = PRESENTATION_STYLE_ASSIGNMENT((#11029));
#11029 = SURFACE_STYLE_USAGE(.BOTH.,#11030);
#11030 = SURFACE_SIDE_STYLE('',(#11031));
#11031 = SURFACE_STYLE_FILL_AREA(#11032);
#11032 = FILL_AREA_STYLE('',(#11033));
#11033 = FILL_AREA_STYLE_COLOUR('',#10599);
#11034 = STYLED_ITEM('color',(#11035),#5178);
#11035 = PRESENTATION_STYLE_ASSIGNMENT((#11036));
#11036 = SURFACE_STYLE_USAGE(.BOTH.,#11037);
#11037 = SURFACE_SIDE_STYLE('',(#11038));
#11038 = SURFACE_STYLE_FILL_AREA(#11039);
#11039 = FILL_AREA_STYLE('',(#11040));
#11040 = FILL_AREA_STYLE_COLOUR('',#10599);
#11041 = STYLED_ITEM('color',(#11042),#5188);
#11042 = PRESENTATION_STYLE_ASSIGNMENT((#11043));
#11043 = SURFACE_STYLE_USAGE(.BOTH.,#11044);
#11044 = SURFACE_SIDE_STYLE('',(#11045));
#11045 = SURFACE_STYLE_FILL_AREA(#11046);
#11046 = FILL_AREA_STYLE('',(#11047));
#11047 = FILL_AREA_STYLE_COLOUR('',#10599);
#11048 = STYLED_ITEM('color',(#11049),#5198);
#11049 = PRESENTATION_STYLE_ASSIGNMENT((#11050));
#11050 = SURFACE_STYLE_USAGE(.BOTH.,#11051);
#11051 = SURFACE_SIDE_STYLE('',(#11052));
#11052 = SURFACE_STYLE_FILL_AREA(#11053);
#11053 = FILL_AREA_STYLE('',(#11054));
#11054 = FILL_AREA_STYLE_COLOUR('',#10599);
#11055 = STYLED_ITEM('color',(#11056),#5229);
#11056 = PRESENTATION_STYLE_ASSIGNMENT((#11057));
#11057 = SURFACE_STYLE_USAGE(.BOTH.,#11058);
#11058 = SURFACE_SIDE_STYLE('',(#11059));
#11059 = SURFACE_STYLE_FILL_AREA(#11060);
#11060 = FILL_AREA_STYLE('',(#11061));
#11061 = FILL_AREA_STYLE_COLOUR('',#10599);
#11062 = STYLED_ITEM('color',(#11063),#5253);
#11063 = PRESENTATION_STYLE_ASSIGNMENT((#11064));
#11064 = SURFACE_STYLE_USAGE(.BOTH.,#11065);
#11065 = SURFACE_SIDE_STYLE('',(#11066));
#11066 = SURFACE_STYLE_FILL_AREA(#11067);
#11067 = FILL_AREA_STYLE('',(#11068));
#11068 = FILL_AREA_STYLE_COLOUR('',#10599);
#11069 = STYLED_ITEM('color',(#11070),#5277);
#11070 = PRESENTATION_STYLE_ASSIGNMENT((#11071));
#11071 = SURFACE_STYLE_USAGE(.BOTH.,#11072);
#11072 = SURFACE_SIDE_STYLE('',(#11073));
#11073 = SURFACE_STYLE_FILL_AREA(#11074);
#11074 = FILL_AREA_STYLE('',(#11075));
#11075 = FILL_AREA_STYLE_COLOUR('',#10599);
#11076 = STYLED_ITEM('color',(#11077),#5294);
#11077 = PRESENTATION_STYLE_ASSIGNMENT((#11078));
#11078 = SURFACE_STYLE_USAGE(.BOTH.,#11079);
#11079 = SURFACE_SIDE_STYLE('',(#11080));
#11080 = SURFACE_STYLE_FILL_AREA(#11081);
#11081 = FILL_AREA_STYLE('',(#11082));
#11082 = FILL_AREA_STYLE_COLOUR('',#10472);
#11083 = STYLED_ITEM('color',(#11084),#5306);
#11084 = PRESENTATION_STYLE_ASSIGNMENT((#11085));
#11085 = SURFACE_STYLE_USAGE(.BOTH.,#11086);
#11086 = SURFACE_SIDE_STYLE('',(#11087));
#11087 = SURFACE_STYLE_FILL_AREA(#11088);
#11088 = FILL_AREA_STYLE('',(#11089));
#11089 = FILL_AREA_STYLE_COLOUR('',#10472);
#11090 = MECHANICAL_DESIGN_GEOMETRIC_PRESENTATION_REPRESENTATION('',(
    #11091,#11098,#11105,#11112,#11119,#11126,#11133,#11140,#11148,
    #11155,#11162,#11169,#11176,#11183,#11191,#11198,#11205,#11212,
    #11219,#11226,#11233,#11240,#11247,#11254,#11261,#11268),#2643);
#11091 = STYLED_ITEM('color',(#11092),#1855);
#11092 = PRESENTATION_STYLE_ASSIGNMENT((#11093));
#11093 = SURFACE_STYLE_USAGE(.BOTH.,#11094);
#11094 = SURFACE_SIDE_STYLE('',(#11095));
#11095 = SURFACE_STYLE_FILL_AREA(#11096);
#11096 = FILL_AREA_STYLE('',(#11097));
#11097 = FILL_AREA_STYLE_COLOUR('',#10599);
#11098 = STYLED_ITEM('color',(#11099),#1895);
#11099 = PRESENTATION_STYLE_ASSIGNMENT((#11100));
#11100 = SURFACE_STYLE_USAGE(.BOTH.,#11101);
#11101 = SURFACE_SIDE_STYLE('',(#11102));
#11102 = SURFACE_STYLE_FILL_AREA(#11103);
#11103 = FILL_AREA_STYLE('',(#11104));
#11104 = FILL_AREA_STYLE_COLOUR('',#10599);
#11105 = STYLED_ITEM('color',(#11106),#1978);
#11106 = PRESENTATION_STYLE_ASSIGNMENT((#11107));
#11107 = SURFACE_STYLE_USAGE(.BOTH.,#11108);
#11108 = SURFACE_SIDE_STYLE('',(#11109));
#11109 = SURFACE_STYLE_FILL_AREA(#11110);
#11110 = FILL_AREA_STYLE('',(#11111));
#11111 = FILL_AREA_STYLE_COLOUR('',#10599);
#11112 = STYLED_ITEM('color',(#11113),#2003);
#11113 = PRESENTATION_STYLE_ASSIGNMENT((#11114));
#11114 = SURFACE_STYLE_USAGE(.BOTH.,#11115);
#11115 = SURFACE_SIDE_STYLE('',(#11116));
#11116 = SURFACE_STYLE_FILL_AREA(#11117);
#11117 = FILL_AREA_STYLE('',(#11118));
#11118 = FILL_AREA_STYLE_COLOUR('',#10599);
#11119 = STYLED_ITEM('color',(#11120),#2028);
#11120 = PRESENTATION_STYLE_ASSIGNMENT((#11121));
#11121 = SURFACE_STYLE_USAGE(.BOTH.,#11122);
#11122 = SURFACE_SIDE_STYLE('',(#11123));
#11123 = SURFACE_STYLE_FILL_AREA(#11124);
#11124 = FILL_AREA_STYLE('',(#11125));
#11125 = FILL_AREA_STYLE_COLOUR('',#10599);
#11126 = STYLED_ITEM('color',(#11127),#2095);
#11127 = PRESENTATION_STYLE_ASSIGNMENT((#11128));
#11128 = SURFACE_STYLE_USAGE(.BOTH.,#11129);
#11129 = SURFACE_SIDE_STYLE('',(#11130));
#11130 = SURFACE_STYLE_FILL_AREA(#11131);
#11131 = FILL_AREA_STYLE('',(#11132));
#11132 = FILL_AREA_STYLE_COLOUR('',#10599);
#11133 = STYLED_ITEM('color',(#11134),#2112);
#11134 = PRESENTATION_STYLE_ASSIGNMENT((#11135));
#11135 = SURFACE_STYLE_USAGE(.BOTH.,#11136);
#11136 = SURFACE_SIDE_STYLE('',(#11137));
#11137 = SURFACE_STYLE_FILL_AREA(#11138);
#11138 = FILL_AREA_STYLE('',(#11139));
#11139 = FILL_AREA_STYLE_COLOUR('',#10599);
#11140 = STYLED_ITEM('color',(#11141),#2129);
#11141 = PRESENTATION_STYLE_ASSIGNMENT((#11142));
#11142 = SURFACE_STYLE_USAGE(.BOTH.,#11143);
#11143 = SURFACE_SIDE_STYLE('',(#11144));
#11144 = SURFACE_STYLE_FILL_AREA(#11145);
#11145 = FILL_AREA_STYLE('',(#11146));
#11146 = FILL_AREA_STYLE_COLOUR('',#11147);
#11147 = COLOUR_RGB('',0.894999966383,0.890999961016,0.813000030345);
#11148 = STYLED_ITEM('color',(#11149),#2178);
#11149 = PRESENTATION_STYLE_ASSIGNMENT((#11150));
#11150 = SURFACE_STYLE_USAGE(.BOTH.,#11151);
#11151 = SURFACE_SIDE_STYLE('',(#11152));
#11152 = SURFACE_STYLE_FILL_AREA(#11153);
#11153 = FILL_AREA_STYLE('',(#11154));
#11154 = FILL_AREA_STYLE_COLOUR('',#10599);
#11155 = STYLED_ITEM('color',(#11156),#2195);
#11156 = PRESENTATION_STYLE_ASSIGNMENT((#11157));
#11157 = SURFACE_STYLE_USAGE(.BOTH.,#11158);
#11158 = SURFACE_SIDE_STYLE('',(#11159));
#11159 = SURFACE_STYLE_FILL_AREA(#11160);
#11160 = FILL_AREA_STYLE('',(#11161));
#11161 = FILL_AREA_STYLE_COLOUR('',#10599);
#11162 = STYLED_ITEM('color',(#11163),#2212);
#11163 = PRESENTATION_STYLE_ASSIGNMENT((#11164));
#11164 = SURFACE_STYLE_USAGE(.BOTH.,#11165);
#11165 = SURFACE_SIDE_STYLE('',(#11166));
#11166 = SURFACE_STYLE_FILL_AREA(#11167);
#11167 = FILL_AREA_STYLE('',(#11168));
#11168 = FILL_AREA_STYLE_COLOUR('',#11147);
#11169 = STYLED_ITEM('color',(#11170),#2261);
#11170 = PRESENTATION_STYLE_ASSIGNMENT((#11171));
#11171 = SURFACE_STYLE_USAGE(.BOTH.,#11172);
#11172 = SURFACE_SIDE_STYLE('',(#11173));
#11173 = SURFACE_STYLE_FILL_AREA(#11174);
#11174 = FILL_AREA_STYLE('',(#11175));
#11175 = FILL_AREA_STYLE_COLOUR('',#11147);
#11176 = STYLED_ITEM('color',(#11177),#2278);
#11177 = PRESENTATION_STYLE_ASSIGNMENT((#11178));
#11178 = SURFACE_STYLE_USAGE(.BOTH.,#11179);
#11179 = SURFACE_SIDE_STYLE('',(#11180));
#11180 = SURFACE_STYLE_FILL_AREA(#11181);
#11181 = FILL_AREA_STYLE('',(#11182));
#11182 = FILL_AREA_STYLE_COLOUR('',#10599);
#11183 = STYLED_ITEM('color',(#11184),#2347);
#11184 = PRESENTATION_STYLE_ASSIGNMENT((#11185));
#11185 = SURFACE_STYLE_USAGE(.BOTH.,#11186);
#11186 = SURFACE_SIDE_STYLE('',(#11187));
#11187 = SURFACE_STYLE_FILL_AREA(#11188);
#11188 = FILL_AREA_STYLE('',(#11189));
#11189 = FILL_AREA_STYLE_COLOUR('',#11190);
#11190 = COLOUR_RGB('',8.200000279077E-02,8.600000121357E-02,
  9.399999706163E-02);
#11191 = STYLED_ITEM('color',(#11192),#2378);
#11192 = PRESENTATION_STYLE_ASSIGNMENT((#11193));
#11193 = SURFACE_STYLE_USAGE(.BOTH.,#11194);
#11194 = SURFACE_SIDE_STYLE('',(#11195));
#11195 = SURFACE_STYLE_FILL_AREA(#11196);
#11196 = FILL_AREA_STYLE('',(#11197));
#11197 = FILL_AREA_STYLE_COLOUR('',#11190);
#11198 = STYLED_ITEM('color',(#11199),#2402);
#11199 = PRESENTATION_STYLE_ASSIGNMENT((#11200));
#11200 = SURFACE_STYLE_USAGE(.BOTH.,#11201);
#11201 = SURFACE_SIDE_STYLE('',(#11202));
#11202 = SURFACE_STYLE_FILL_AREA(#11203);
#11203 = FILL_AREA_STYLE('',(#11204));
#11204 = FILL_AREA_STYLE_COLOUR('',#10599);
#11205 = STYLED_ITEM('color',(#11206),#2471);
#11206 = PRESENTATION_STYLE_ASSIGNMENT((#11207));
#11207 = SURFACE_STYLE_USAGE(.BOTH.,#11208);
#11208 = SURFACE_SIDE_STYLE('',(#11209));
#11209 = SURFACE_STYLE_FILL_AREA(#11210);
#11210 = FILL_AREA_STYLE('',(#11211));
#11211 = FILL_AREA_STYLE_COLOUR('',#11190);
#11212 = STYLED_ITEM('color',(#11213),#2495);
#11213 = PRESENTATION_STYLE_ASSIGNMENT((#11214));
#11214 = SURFACE_STYLE_USAGE(.BOTH.,#11215);
#11215 = SURFACE_SIDE_STYLE('',(#11216));
#11216 = SURFACE_STYLE_FILL_AREA(#11217);
#11217 = FILL_AREA_STYLE('',(#11218));
#11218 = FILL_AREA_STYLE_COLOUR('',#10599);
#11219 = STYLED_ITEM('color',(#11220),#2512);
#11220 = PRESENTATION_STYLE_ASSIGNMENT((#11221));
#11221 = SURFACE_STYLE_USAGE(.BOTH.,#11222);
#11222 = SURFACE_SIDE_STYLE('',(#11223));
#11223 = SURFACE_STYLE_FILL_AREA(#11224);
#11224 = FILL_AREA_STYLE('',(#11225));
#11225 = FILL_AREA_STYLE_COLOUR('',#10599);
#11226 = STYLED_ITEM('color',(#11227),#2529);
#11227 = PRESENTATION_STYLE_ASSIGNMENT((#11228));
#11228 = SURFACE_STYLE_USAGE(.BOTH.,#11229);
#11229 = SURFACE_SIDE_STYLE('',(#11230));
#11230 = SURFACE_STYLE_FILL_AREA(#11231);
#11231 = FILL_AREA_STYLE('',(#11232));
#11232 = FILL_AREA_STYLE_COLOUR('',#10599);
#11233 = STYLED_ITEM('color',(#11234),#2546);
#11234 = PRESENTATION_STYLE_ASSIGNMENT((#11235));
#11235 = SURFACE_STYLE_USAGE(.BOTH.,#11236);
#11236 = SURFACE_SIDE_STYLE('',(#11237));
#11237 = SURFACE_STYLE_FILL_AREA(#11238);
#11238 = FILL_AREA_STYLE('',(#11239));
#11239 = FILL_AREA_STYLE_COLOUR('',#10599);
#11240 = STYLED_ITEM('color',(#11241),#2563);
#11241 = PRESENTATION_STYLE_ASSIGNMENT((#11242));
#11242 = SURFACE_STYLE_USAGE(.BOTH.,#11243);
#11243 = SURFACE_SIDE_STYLE('',(#11244));
#11244 = SURFACE_STYLE_FILL_AREA(#11245);
#11245 = FILL_AREA_STYLE('',(#11246));
#11246 = FILL_AREA_STYLE_COLOUR('',#10599);
#11247 = STYLED_ITEM('color',(#11248),#2580);
#11248 = PRESENTATION_STYLE_ASSIGNMENT((#11249));
#11249 = SURFACE_STYLE_USAGE(.BOTH.,#11250);
#11250 = SURFACE_SIDE_STYLE('',(#11251));
#11251 = SURFACE_STYLE_FILL_AREA(#11252);
#11252 = FILL_AREA_STYLE('',(#11253));
#11253 = FILL_AREA_STYLE_COLOUR('',#10599);
#11254 = STYLED_ITEM('color',(#11255),#2597);
#11255 = PRESENTATION_STYLE_ASSIGNMENT((#11256));
#11256 = SURFACE_STYLE_USAGE(.BOTH.,#11257);
#11257 = SURFACE_SIDE_STYLE('',(#11258));
#11258 = SURFACE_STYLE_FILL_AREA(#11259);
#11259 = FILL_AREA_STYLE('',(#11260));
#11260 = FILL_AREA_STYLE_COLOUR('',#10599);
#11261 = STYLED_ITEM('color',(#11262),#2614);
#11262 = PRESENTATION_STYLE_ASSIGNMENT((#11263));
#11263 = SURFACE_STYLE_USAGE(.BOTH.,#11264);
#11264 = SURFACE_SIDE_STYLE('',(#11265));
#11265 = SURFACE_STYLE_FILL_AREA(#11266);
#11266 = FILL_AREA_STYLE('',(#11267));
#11267 = FILL_AREA_STYLE_COLOUR('',#11190);
#11268 = STYLED_ITEM('color',(#11269),#2631);
#11269 = PRESENTATION_STYLE_ASSIGNMENT((#11270));
#11270 = SURFACE_STYLE_USAGE(.BOTH.,#11271);
#11271 = SURFACE_SIDE_STYLE('',(#11272));
#11272 = SURFACE_STYLE_FILL_AREA(#11273);
#11273 = FILL_AREA_STYLE('',(#11274));
#11274 = FILL_AREA_STYLE_COLOUR('',#11190);
#11275 = MECHANICAL_DESIGN_GEOMETRIC_PRESENTATION_REPRESENTATION('',(
    #11276,#11283,#11290,#11297,#11304,#11311,#11318,#11325,#11332,
    #11339,#11346,#11354,#11361,#11368,#11375,#11382,#11389,#11396,
    #11403,#11410,#11417,#11424,#11431,#11438,#11445,#11452,#11459,
    #11466),#1824);
#11276 = STYLED_ITEM('color',(#11277),#972);
#11277 = PRESENTATION_STYLE_ASSIGNMENT((#11278));
#11278 = SURFACE_STYLE_USAGE(.BOTH.,#11279);
#11279 = SURFACE_SIDE_STYLE('',(#11280));
#11280 = SURFACE_STYLE_FILL_AREA(#11281);
#11281 = FILL_AREA_STYLE('',(#11282));
#11282 = FILL_AREA_STYLE_COLOUR('',#10599);
#11283 = STYLED_ITEM('color',(#11284),#1048);
#11284 = PRESENTATION_STYLE_ASSIGNMENT((#11285));
#11285 = SURFACE_STYLE_USAGE(.BOTH.,#11286);
#11286 = SURFACE_SIDE_STYLE('',(#11287));
#11287 = SURFACE_STYLE_FILL_AREA(#11288);
#11288 = FILL_AREA_STYLE('',(#11289));
#11289 = FILL_AREA_STYLE_COLOUR('',#10599);
#11290 = STYLED_ITEM('color',(#11291),#1079);
#11291 = PRESENTATION_STYLE_ASSIGNMENT((#11292));
#11292 = SURFACE_STYLE_USAGE(.BOTH.,#11293);
#11293 = SURFACE_SIDE_STYLE('',(#11294));
#11294 = SURFACE_STYLE_FILL_AREA(#11295);
#11295 = FILL_AREA_STYLE('',(#11296));
#11296 = FILL_AREA_STYLE_COLOUR('',#10599);
#11297 = STYLED_ITEM('color',(#11298),#1104);
#11298 = PRESENTATION_STYLE_ASSIGNMENT((#11299));
#11299 = SURFACE_STYLE_USAGE(.BOTH.,#11300);
#11300 = SURFACE_SIDE_STYLE('',(#11301));
#11301 = SURFACE_STYLE_FILL_AREA(#11302);
#11302 = FILL_AREA_STYLE('',(#11303));
#11303 = FILL_AREA_STYLE_COLOUR('',#10599);
#11304 = STYLED_ITEM('color',(#11305),#1129);
#11305 = PRESENTATION_STYLE_ASSIGNMENT((#11306));
#11306 = SURFACE_STYLE_USAGE(.BOTH.,#11307);
#11307 = SURFACE_SIDE_STYLE('',(#11308));
#11308 = SURFACE_STYLE_FILL_AREA(#11309);
#11309 = FILL_AREA_STYLE('',(#11310));
#11310 = FILL_AREA_STYLE_COLOUR('',#10599);
#11311 = STYLED_ITEM('color',(#11312),#1153);
#11312 = PRESENTATION_STYLE_ASSIGNMENT((#11313));
#11313 = SURFACE_STYLE_USAGE(.BOTH.,#11314);
#11314 = SURFACE_SIDE_STYLE('',(#11315));
#11315 = SURFACE_STYLE_FILL_AREA(#11316);
#11316 = FILL_AREA_STYLE('',(#11317));
#11317 = FILL_AREA_STYLE_COLOUR('',#10599);
#11318 = STYLED_ITEM('color',(#11319),#1177);
#11319 = PRESENTATION_STYLE_ASSIGNMENT((#11320));
#11320 = SURFACE_STYLE_USAGE(.BOTH.,#11321);
#11321 = SURFACE_SIDE_STYLE('',(#11322));
#11322 = SURFACE_STYLE_FILL_AREA(#11323);
#11323 = FILL_AREA_STYLE('',(#11324));
#11324 = FILL_AREA_STYLE_COLOUR('',#10599);
#11325 = STYLED_ITEM('color',(#11326),#1202);
#11326 = PRESENTATION_STYLE_ASSIGNMENT((#11327));
#11327 = SURFACE_STYLE_USAGE(.BOTH.,#11328);
#11328 = SURFACE_SIDE_STYLE('',(#11329));
#11329 = SURFACE_STYLE_FILL_AREA(#11330);
#11330 = FILL_AREA_STYLE('',(#11331));
#11331 = FILL_AREA_STYLE_COLOUR('',#10599);
#11332 = STYLED_ITEM('color',(#11333),#1227);
#11333 = PRESENTATION_STYLE_ASSIGNMENT((#11334));
#11334 = SURFACE_STYLE_USAGE(.BOTH.,#11335);
#11335 = SURFACE_SIDE_STYLE('',(#11336));
#11336 = SURFACE_STYLE_FILL_AREA(#11337);
#11337 = FILL_AREA_STYLE('',(#11338));
#11338 = FILL_AREA_STYLE_COLOUR('',#10599);
#11339 = STYLED_ITEM('color',(#11340),#1244);
#11340 = PRESENTATION_STYLE_ASSIGNMENT((#11341));
#11341 = SURFACE_STYLE_USAGE(.BOTH.,#11342);
#11342 = SURFACE_SIDE_STYLE('',(#11343));
#11343 = SURFACE_STYLE_FILL_AREA(#11344);
#11344 = FILL_AREA_STYLE('',(#11345));
#11345 = FILL_AREA_STYLE_COLOUR('',#10599);
#11346 = STYLED_ITEM('color',(#11347),#1330);
#11347 = PRESENTATION_STYLE_ASSIGNMENT((#11348));
#11348 = SURFACE_STYLE_USAGE(.BOTH.,#11349);
#11349 = SURFACE_SIDE_STYLE('',(#11350));
#11350 = SURFACE_STYLE_FILL_AREA(#11351);
#11351 = FILL_AREA_STYLE('',(#11352));
#11352 = FILL_AREA_STYLE_COLOUR('',#11353);
#11353 = COLOUR_RGB('',0.272999999305,0.272999999305,0.272999999305);
#11354 = STYLED_ITEM('color',(#11355),#1362);
#11355 = PRESENTATION_STYLE_ASSIGNMENT((#11356));
#11356 = SURFACE_STYLE_USAGE(.BOTH.,#11357);
#11357 = SURFACE_SIDE_STYLE('',(#11358));
#11358 = SURFACE_STYLE_FILL_AREA(#11359);
#11359 = FILL_AREA_STYLE('',(#11360));
#11360 = FILL_AREA_STYLE_COLOUR('',#11353);
#11361 = STYLED_ITEM('color',(#11362),#1386);
#11362 = PRESENTATION_STYLE_ASSIGNMENT((#11363));
#11363 = SURFACE_STYLE_USAGE(.BOTH.,#11364);
#11364 = SURFACE_SIDE_STYLE('',(#11365));
#11365 = SURFACE_STYLE_FILL_AREA(#11366);
#11366 = FILL_AREA_STYLE('',(#11367));
#11367 = FILL_AREA_STYLE_COLOUR('',#11353);
#11368 = STYLED_ITEM('color',(#11369),#1411);
#11369 = PRESENTATION_STYLE_ASSIGNMENT((#11370));
#11370 = SURFACE_STYLE_USAGE(.BOTH.,#11371);
#11371 = SURFACE_SIDE_STYLE('',(#11372));
#11372 = SURFACE_STYLE_FILL_AREA(#11373);
#11373 = FILL_AREA_STYLE('',(#11374));
#11374 = FILL_AREA_STYLE_COLOUR('',#11353);
#11375 = STYLED_ITEM('color',(#11376),#1435);
#11376 = PRESENTATION_STYLE_ASSIGNMENT((#11377));
#11377 = SURFACE_STYLE_USAGE(.BOTH.,#11378);
#11378 = SURFACE_SIDE_STYLE('',(#11379));
#11379 = SURFACE_STYLE_FILL_AREA(#11380);
#11380 = FILL_AREA_STYLE('',(#11381));
#11381 = FILL_AREA_STYLE_COLOUR('',#11353);
#11382 = STYLED_ITEM('color',(#11383),#1460);
#11383 = PRESENTATION_STYLE_ASSIGNMENT((#11384));
#11384 = SURFACE_STYLE_USAGE(.BOTH.,#11385);
#11385 = SURFACE_SIDE_STYLE('',(#11386));
#11386 = SURFACE_STYLE_FILL_AREA(#11387);
#11387 = FILL_AREA_STYLE('',(#11388));
#11388 = FILL_AREA_STYLE_COLOUR('',#11353);
#11389 = STYLED_ITEM('color',(#11390),#1484);
#11390 = PRESENTATION_STYLE_ASSIGNMENT((#11391));
#11391 = SURFACE_STYLE_USAGE(.BOTH.,#11392);
#11392 = SURFACE_SIDE_STYLE('',(#11393));
#11393 = SURFACE_STYLE_FILL_AREA(#11394);
#11394 = FILL_AREA_STYLE('',(#11395));
#11395 = FILL_AREA_STYLE_COLOUR('',#11353);
#11396 = STYLED_ITEM('color',(#11397),#1509);
#11397 = PRESENTATION_STYLE_ASSIGNMENT((#11398));
#11398 = SURFACE_STYLE_USAGE(.BOTH.,#11399);
#11399 = SURFACE_SIDE_STYLE('',(#11400));
#11400 = SURFACE_STYLE_FILL_AREA(#11401);
#11401 = FILL_AREA_STYLE('',(#11402));
#11402 = FILL_AREA_STYLE_COLOUR('',#11353);
#11403 = STYLED_ITEM('color',(#11404),#1526);
#11404 = PRESENTATION_STYLE_ASSIGNMENT((#11405));
#11405 = SURFACE_STYLE_USAGE(.BOTH.,#11406);
#11406 = SURFACE_SIDE_STYLE('',(#11407));
#11407 = SURFACE_STYLE_FILL_AREA(#11408);
#11408 = FILL_AREA_STYLE('',(#11409));
#11409 = FILL_AREA_STYLE_COLOUR('',#10599);
#11410 = STYLED_ITEM('color',(#11411),#1612);
#11411 = PRESENTATION_STYLE_ASSIGNMENT((#11412));
#11412 = SURFACE_STYLE_USAGE(.BOTH.,#11413);
#11413 = SURFACE_SIDE_STYLE('',(#11414));
#11414 = SURFACE_STYLE_FILL_AREA(#11415);
#11415 = FILL_AREA_STYLE('',(#11416));
#11416 = FILL_AREA_STYLE_COLOUR('',#10599);
#11417 = STYLED_ITEM('color',(#11418),#1643);
#11418 = PRESENTATION_STYLE_ASSIGNMENT((#11419));
#11419 = SURFACE_STYLE_USAGE(.BOTH.,#11420);
#11420 = SURFACE_SIDE_STYLE('',(#11421));
#11421 = SURFACE_STYLE_FILL_AREA(#11422);
#11422 = FILL_AREA_STYLE('',(#11423));
#11423 = FILL_AREA_STYLE_COLOUR('',#10599);
#11424 = STYLED_ITEM('color',(#11425),#1668);
#11425 = PRESENTATION_STYLE_ASSIGNMENT((#11426));
#11426 = SURFACE_STYLE_USAGE(.BOTH.,#11427);
#11427 = SURFACE_SIDE_STYLE('',(#11428));
#11428 = SURFACE_STYLE_FILL_AREA(#11429);
#11429 = FILL_AREA_STYLE('',(#11430));
#11430 = FILL_AREA_STYLE_COLOUR('',#10599);
#11431 = STYLED_ITEM('color',(#11432),#1693);
#11432 = PRESENTATION_STYLE_ASSIGNMENT((#11433));
#11433 = SURFACE_STYLE_USAGE(.BOTH.,#11434);
#11434 = SURFACE_SIDE_STYLE('',(#11435));
#11435 = SURFACE_STYLE_FILL_AREA(#11436);
#11436 = FILL_AREA_STYLE('',(#11437));
#11437 = FILL_AREA_STYLE_COLOUR('',#10599);
#11438 = STYLED_ITEM('color',(#11439),#1717);
#11439 = PRESENTATION_STYLE_ASSIGNMENT((#11440));
#11440 = SURFACE_STYLE_USAGE(.BOTH.,#11441);
#11441 = SURFACE_SIDE_STYLE('',(#11442));
#11442 = SURFACE_STYLE_FILL_AREA(#11443);
#11443 = FILL_AREA_STYLE('',(#11444));
#11444 = FILL_AREA_STYLE_COLOUR('',#10599);
#11445 = STYLED_ITEM('color',(#11446),#1741);
#11446 = PRESENTATION_STYLE_ASSIGNMENT((#11447));
#11447 = SURFACE_STYLE_USAGE(.BOTH.,#11448);
#11448 = SURFACE_SIDE_STYLE('',(#11449));
#11449 = SURFACE_STYLE_FILL_AREA(#11450);
#11450 = FILL_AREA_STYLE('',(#11451));
#11451 = FILL_AREA_STYLE_COLOUR('',#10599);
#11452 = STYLED_ITEM('color',(#11453),#1766);
#11453 = PRESENTATION_STYLE_ASSIGNMENT((#11454));
#11454 = SURFACE_STYLE_USAGE(.BOTH.,#11455);
#11455 = SURFACE_SIDE_STYLE('',(#11456));
#11456 = SURFACE_STYLE_FILL_AREA(#11457);
#11457 = FILL_AREA_STYLE('',(#11458));
#11458 = FILL_AREA_STYLE_COLOUR('',#10599);
#11459 = STYLED_ITEM('color',(#11460),#1791);
#11460 = PRESENTATION_STYLE_ASSIGNMENT((#11461));
#11461 = SURFACE_STYLE_USAGE(.BOTH.,#11462);
#11462 = SURFACE_SIDE_STYLE('',(#11463));
#11463 = SURFACE_STYLE_FILL_AREA(#11464);
#11464 = FILL_AREA_STYLE('',(#11465));
#11465 = FILL_AREA_STYLE_COLOUR('',#10599);
#11466 = STYLED_ITEM('color',(#11467),#1808);
#11467 = PRESENTATION_STYLE_ASSIGNMENT((#11468));
#11468 = SURFACE_STYLE_USAGE(.BOTH.,#11469);
#11469 = SURFACE_SIDE_STYLE('',(#11470));
#11470 = SURFACE_STYLE_FILL_AREA(#11471);
#11471 = FILL_AREA_STYLE('',(#11472));
#11472 = FILL_AREA_STYLE_COLOUR('',#10599);
#11473 = MECHANICAL_DESIGN_GEOMETRIC_PRESENTATION_REPRESENTATION('',(
    #11474,#11481,#11488,#11495,#11502,#11509,#11516,#11523,#11530,
    #11537,#11544,#11552,#11559,#11566,#11573,#11580,#11587,#11594,
    #11601,#11608,#11615,#11622,#11629,#11636,#11643,#11650,#11657,
    #11664),#951);
#11474 = STYLED_ITEM('color',(#11475),#99);
#11475 = PRESENTATION_STYLE_ASSIGNMENT((#11476));
#11476 = SURFACE_STYLE_USAGE(.BOTH.,#11477);
#11477 = SURFACE_SIDE_STYLE('',(#11478));
#11478 = SURFACE_STYLE_FILL_AREA(#11479);
#11479 = FILL_AREA_STYLE('',(#11480));
#11480 = FILL_AREA_STYLE_COLOUR('',#10599);
#11481 = STYLED_ITEM('color',(#11482),#175);
#11482 = PRESENTATION_STYLE_ASSIGNMENT((#11483));
#11483 = SURFACE_STYLE_USAGE(.BOTH.,#11484);
#11484 = SURFACE_SIDE_STYLE('',(#11485));
#11485 = SURFACE_STYLE_FILL_AREA(#11486);
#11486 = FILL_AREA_STYLE('',(#11487));
#11487 = FILL_AREA_STYLE_COLOUR('',#10599);
#11488 = STYLED_ITEM('color',(#11489),#206);
#11489 = PRESENTATION_STYLE_ASSIGNMENT((#11490));
#11490 = SURFACE_STYLE_USAGE(.BOTH.,#11491);
#11491 = SURFACE_SIDE_STYLE('',(#11492));
#11492 = SURFACE_STYLE_FILL_AREA(#11493);
#11493 = FILL_AREA_STYLE('',(#11494));
#11494 = FILL_AREA_STYLE_COLOUR('',#10599);
#11495 = STYLED_ITEM('color',(#11496),#231);
#11496 = PRESENTATION_STYLE_ASSIGNMENT((#11497));
#11497 = SURFACE_STYLE_USAGE(.BOTH.,#11498);
#11498 = SURFACE_SIDE_STYLE('',(#11499));
#11499 = SURFACE_STYLE_FILL_AREA(#11500);
#11500 = FILL_AREA_STYLE('',(#11501));
#11501 = FILL_AREA_STYLE_COLOUR('',#10599);
#11502 = STYLED_ITEM('color',(#11503),#256);
#11503 = PRESENTATION_STYLE_ASSIGNMENT((#11504));
#11504 = SURFACE_STYLE_USAGE(.BOTH.,#11505);
#11505 = SURFACE_SIDE_STYLE('',(#11506));
#11506 = SURFACE_STYLE_FILL_AREA(#11507);
#11507 = FILL_AREA_STYLE('',(#11508));
#11508 = FILL_AREA_STYLE_COLOUR('',#10599);
#11509 = STYLED_ITEM('color',(#11510),#280);
#11510 = PRESENTATION_STYLE_ASSIGNMENT((#11511));
#11511 = SURFACE_STYLE_USAGE(.BOTH.,#11512);
#11512 = SURFACE_SIDE_STYLE('',(#11513));
#11513 = SURFACE_STYLE_FILL_AREA(#11514);
#11514 = FILL_AREA_STYLE('',(#11515));
#11515 = FILL_AREA_STYLE_COLOUR('',#10599);
#11516 = STYLED_ITEM('color',(#11517),#304);
#11517 = PRESENTATION_STYLE_ASSIGNMENT((#11518));
#11518 = SURFACE_STYLE_USAGE(.BOTH.,#11519);
#11519 = SURFACE_SIDE_STYLE('',(#11520));
#11520 = SURFACE_STYLE_FILL_AREA(#11521);
#11521 = FILL_AREA_STYLE('',(#11522));
#11522 = FILL_AREA_STYLE_COLOUR('',#10599);
#11523 = STYLED_ITEM('color',(#11524),#329);
#11524 = PRESENTATION_STYLE_ASSIGNMENT((#11525));
#11525 = SURFACE_STYLE_USAGE(.BOTH.,#11526);
#11526 = SURFACE_SIDE_STYLE('',(#11527));
#11527 = SURFACE_STYLE_FILL_AREA(#11528);
#11528 = FILL_AREA_STYLE('',(#11529));
#11529 = FILL_AREA_STYLE_COLOUR('',#10599);
#11530 = STYLED_ITEM('color',(#11531),#354);
#11531 = PRESENTATION_STYLE_ASSIGNMENT((#11532));
#11532 = SURFACE_STYLE_USAGE(.BOTH.,#11533);
#11533 = SURFACE_SIDE_STYLE('',(#11534));
#11534 = SURFACE_STYLE_FILL_AREA(#11535);
#11535 = FILL_AREA_STYLE('',(#11536));
#11536 = FILL_AREA_STYLE_COLOUR('',#10599);
#11537 = STYLED_ITEM('color',(#11538),#371);
#11538 = PRESENTATION_STYLE_ASSIGNMENT((#11539));
#11539 = SURFACE_STYLE_USAGE(.BOTH.,#11540);
#11540 = SURFACE_SIDE_STYLE('',(#11541));
#11541 = SURFACE_STYLE_FILL_AREA(#11542);
#11542 = FILL_AREA_STYLE('',(#11543));
#11543 = FILL_AREA_STYLE_COLOUR('',#10599);
#11544 = STYLED_ITEM('color',(#11545),#457);
#11545 = PRESENTATION_STYLE_ASSIGNMENT((#11546));
#11546 = SURFACE_STYLE_USAGE(.BOTH.,#11547);
#11547 = SURFACE_SIDE_STYLE('',(#11548));
#11548 = SURFACE_STYLE_FILL_AREA(#11549);
#11549 = FILL_AREA_STYLE('',(#11550));
#11550 = FILL_AREA_STYLE_COLOUR('',#11551);
#11551 = COLOUR_RGB('',0.379000005575,0.270000008848,0.214999999939);
#11552 = STYLED_ITEM('color',(#11553),#489);
#11553 = PRESENTATION_STYLE_ASSIGNMENT((#11554));
#11554 = SURFACE_STYLE_USAGE(.BOTH.,#11555);
#11555 = SURFACE_SIDE_STYLE('',(#11556));
#11556 = SURFACE_STYLE_FILL_AREA(#11557);
#11557 = FILL_AREA_STYLE('',(#11558));
#11558 = FILL_AREA_STYLE_COLOUR('',#11551);
#11559 = STYLED_ITEM('color',(#11560),#513);
#11560 = PRESENTATION_STYLE_ASSIGNMENT((#11561));
#11561 = SURFACE_STYLE_USAGE(.BOTH.,#11562);
#11562 = SURFACE_SIDE_STYLE('',(#11563));
#11563 = SURFACE_STYLE_FILL_AREA(#11564);
#11564 = FILL_AREA_STYLE('',(#11565));
#11565 = FILL_AREA_STYLE_COLOUR('',#11551);
#11566 = STYLED_ITEM('color',(#11567),#538);
#11567 = PRESENTATION_STYLE_ASSIGNMENT((#11568));
#11568 = SURFACE_STYLE_USAGE(.BOTH.,#11569);
#11569 = SURFACE_SIDE_STYLE('',(#11570));
#11570 = SURFACE_STYLE_FILL_AREA(#11571);
#11571 = FILL_AREA_STYLE('',(#11572));
#11572 = FILL_AREA_STYLE_COLOUR('',#11551);
#11573 = STYLED_ITEM('color',(#11574),#562);
#11574 = PRESENTATION_STYLE_ASSIGNMENT((#11575));
#11575 = SURFACE_STYLE_USAGE(.BOTH.,#11576);
#11576 = SURFACE_SIDE_STYLE('',(#11577));
#11577 = SURFACE_STYLE_FILL_AREA(#11578);
#11578 = FILL_AREA_STYLE('',(#11579));
#11579 = FILL_AREA_STYLE_COLOUR('',#11551);
#11580 = STYLED_ITEM('color',(#11581),#587);
#11581 = PRESENTATION_STYLE_ASSIGNMENT((#11582));
#11582 = SURFACE_STYLE_USAGE(.BOTH.,#11583);
#11583 = SURFACE_SIDE_STYLE('',(#11584));
#11584 = SURFACE_STYLE_FILL_AREA(#11585);
#11585 = FILL_AREA_STYLE('',(#11586));
#11586 = FILL_AREA_STYLE_COLOUR('',#11551);
#11587 = STYLED_ITEM('color',(#11588),#611);
#11588 = PRESENTATION_STYLE_ASSIGNMENT((#11589));
#11589 = SURFACE_STYLE_USAGE(.BOTH.,#11590);
#11590 = SURFACE_SIDE_STYLE('',(#11591));
#11591 = SURFACE_STYLE_FILL_AREA(#11592);
#11592 = FILL_AREA_STYLE('',(#11593));
#11593 = FILL_AREA_STYLE_COLOUR('',#11551);
#11594 = STYLED_ITEM('color',(#11595),#636);
#11595 = PRESENTATION_STYLE_ASSIGNMENT((#11596));
#11596 = SURFACE_STYLE_USAGE(.BOTH.,#11597);
#11597 = SURFACE_SIDE_STYLE('',(#11598));
#11598 = SURFACE_STYLE_FILL_AREA(#11599);
#11599 = FILL_AREA_STYLE('',(#11600));
#11600 = FILL_AREA_STYLE_COLOUR('',#11551);
#11601 = STYLED_ITEM('color',(#11602),#653);
#11602 = PRESENTATION_STYLE_ASSIGNMENT((#11603));
#11603 = SURFACE_STYLE_USAGE(.BOTH.,#11604);
#11604 = SURFACE_SIDE_STYLE('',(#11605));
#11605 = SURFACE_STYLE_FILL_AREA(#11606);
#11606 = FILL_AREA_STYLE('',(#11607));
#11607 = FILL_AREA_STYLE_COLOUR('',#10599);
#11608 = STYLED_ITEM('color',(#11609),#739);
#11609 = PRESENTATION_STYLE_ASSIGNMENT((#11610));
#11610 = SURFACE_STYLE_USAGE(.BOTH.,#11611);
#11611 = SURFACE_SIDE_STYLE('',(#11612));
#11612 = SURFACE_STYLE_FILL_AREA(#11613);
#11613 = FILL_AREA_STYLE('',(#11614));
#11614 = FILL_AREA_STYLE_COLOUR('',#10599);
#11615 = STYLED_ITEM('color',(#11616),#770);
#11616 = PRESENTATION_STYLE_ASSIGNMENT((#11617));
#11617 = SURFACE_STYLE_USAGE(.BOTH.,#11618);
#11618 = SURFACE_SIDE_STYLE('',(#11619));
#11619 = SURFACE_STYLE_FILL_AREA(#11620);
#11620 = FILL_AREA_STYLE('',(#11621));
#11621 = FILL_AREA_STYLE_COLOUR('',#10599);
#11622 = STYLED_ITEM('color',(#11623),#795);
#11623 = PRESENTATION_STYLE_ASSIGNMENT((#11624));
#11624 = SURFACE_STYLE_USAGE(.BOTH.,#11625);
#11625 = SURFACE_SIDE_STYLE('',(#11626));
#11626 = SURFACE_STYLE_FILL_AREA(#11627);
#11627 = FILL_AREA_STYLE('',(#11628));
#11628 = FILL_AREA_STYLE_COLOUR('',#10599);
#11629 = STYLED_ITEM('color',(#11630),#820);
#11630 = PRESENTATION_STYLE_ASSIGNMENT((#11631));
#11631 = SURFACE_STYLE_USAGE(.BOTH.,#11632);
#11632 = SURFACE_SIDE_STYLE('',(#11633));
#11633 = SURFACE_STYLE_FILL_AREA(#11634);
#11634 = FILL_AREA_STYLE('',(#11635));
#11635 = FILL_AREA_STYLE_COLOUR('',#10599);
#11636 = STYLED_ITEM('color',(#11637),#844);
#11637 = PRESENTATION_STYLE_ASSIGNMENT((#11638));
#11638 = SURFACE_STYLE_USAGE(.BOTH.,#11639);
#11639 = SURFACE_SIDE_STYLE('',(#11640));
#11640 = SURFACE_STYLE_FILL_AREA(#11641);
#11641 = FILL_AREA_STYLE('',(#11642));
#11642 = FILL_AREA_STYLE_COLOUR('',#10599);
#11643 = STYLED_ITEM('color',(#11644),#868);
#11644 = PRESENTATION_STYLE_ASSIGNMENT((#11645));
#11645 = SURFACE_STYLE_USAGE(.BOTH.,#11646);
#11646 = SURFACE_SIDE_STYLE('',(#11647));
#11647 = SURFACE_STYLE_FILL_AREA(#11648);
#11648 = FILL_AREA_STYLE('',(#11649));
#11649 = FILL_AREA_STYLE_COLOUR('',#10599);
#11650 = STYLED_ITEM('color',(#11651),#893);
#11651 = PRESENTATION_STYLE_ASSIGNMENT((#11652));
#11652 = SURFACE_STYLE_USAGE(.BOTH.,#11653);
#11653 = SURFACE_SIDE_STYLE('',(#11654));
#11654 = SURFACE_STYLE_FILL_AREA(#11655);
#11655 = FILL_AREA_STYLE('',(#11656));
#11656 = FILL_AREA_STYLE_COLOUR('',#10599);
#11657 = STYLED_ITEM('color',(#11658),#918);
#11658 = PRESENTATION_STYLE_ASSIGNMENT((#11659));
#11659 = SURFACE_STYLE_USAGE(.BOTH.,#11660);
#11660 = SURFACE_SIDE_STYLE('',(#11661));
#11661 = SURFACE_STYLE_FILL_AREA(#11662);
#11662 = FILL_AREA_STYLE('',(#11663));
#11663 = FILL_AREA_STYLE_COLOUR('',#10599);
#11664 = STYLED_ITEM('color',(#11665),#935);
#11665 = PRESENTATION_STYLE_ASSIGNMENT((#11666));
#11666 = SURFACE_STYLE_USAGE(.BOTH.,#11667);
#11667 = SURFACE_SIDE_STYLE('',(#11668));
#11668 = SURFACE_STYLE_FILL_AREA(#11669);
#11669 = FILL_AREA_STYLE('',(#11670));
#11670 = FILL_AREA_STYLE_COLOUR('',#10599);
#11671 = MECHANICAL_DESIGN_GEOMETRIC_PRESENTATION_REPRESENTATION('',(
    #11672),#9136);
#11672 = STYLED_ITEM('color',(#11673),#8752);
#11673 = PRESENTATION_STYLE_ASSIGNMENT((#11674));
#11674 = SURFACE_STYLE_USAGE(.BOTH.,#11675);
#11675 = SURFACE_SIDE_STYLE('',(#11676));
#11676 = SURFACE_STYLE_FILL_AREA(#11677);
#11677 = FILL_AREA_STYLE('',(#11678));
#11678 = FILL_AREA_STYLE_COLOUR('',#11679);
#11679 = COLOUR_RGB('',0.313304153717,0.484529207832,0.410020903123);
ENDSEC;
END-ISO-10303-21;
